record_key,doi,title,publication_year,record_type,families,screening_priority,title_priority_score,priority_reasons,source_type_bucket,source_type_next_action
doi:10.1002/ece3.73809,10.1002/ece3.73809,"Masting Breakdown in European Beech Reduces Fitness Benefits of Masting, Partly Explained by Climate Change.",2026,Journal Article,mutualist,P2,6,identified_partner_title;final_reproduction_title;published_article_type,published_research_candidate,manual_biological_estimand_screen
doi:10.1002/ece3.73933,10.1002/ece3.73933,Nectar Robbery by Native and Invasive Bumblebees Reduces Floral Rewards but Not Seed Production in Desfontainia fulgens.,2026,Journal Article,mutualist,P2,6,identified_partner_title;final_reproduction_title;published_article_type,published_research_candidate,manual_biological_estimand_screen
doi:10.3390/agronomy16141382,10.3390/agronomy16141382,Ovule Longevity Determines the Fruit Set and Effective Pollination Period in Sweet Cherry Cultivars Under Mediterranean Climate Conditions,2026,article,mutualist,P2,6,identified_partner_title;final_reproduction_title;published_article_type,published_research_candidate,manual_biological_estimand_screen
doi:10.1139/cjb-2026-0015,10.1139/cjb-2026-0015,"Pollination and reproductive success in a spring ephemeral forest plant, Claytonia caroliniana : stuck between the cold and the shade",2026,article,mutualist,P2,6,identified_partner_title;final_reproduction_title;published_article_type,published_research_candidate,manual_biological_estimand_screen
doi:10.1111/1365-2656.70341,10.1111/1365-2656.70341,Weathering the storm: Most maternal and environmental drivers of individual reproductive success do not scale up to population recruitment in a large herbivore.,2026,Journal Article,antagonist,P2,6,identified_partner_title;final_reproduction_title;published_article_type,published_research_candidate,manual_biological_estimand_screen
doi:10.3390/agronomy15040909,10.3390/agronomy15040909,Abilities of the Newly Introduced Apple Cultivars (Malus × domestica Borkh.) ‘Eden’ and ‘Fryd’ to Promote Pollen Tube Growth and Fruit Set with Different Combinations of Pollinations,2025,article,mutualist,P2,6,identified_partner_title;final_reproduction_title;published_article_type,published_research_candidate,manual_biological_estimand_screen
doi:10.1111/1442-1984.70027,10.1111/1442-1984.70027,Fire‐induced disturbances in Malpighiaceae sequential flowering: Implications for pollination services and plant reproductive success,2025,article,mutualist,P2,6,identified_partner_title;final_reproduction_title;published_article_type,published_research_candidate,manual_biological_estimand_screen
doi:10.3390/biology14010100,10.3390/biology14010100,"Impact of Seasonal Atmospheric Factors and Photoperiod on Floral Biology, Plant-Pollinator Interactions, and Plant Reproduction on Turnera ulmifolia L. (Passifloraceae).",2025,Journal Article,mutualist,P2,6,identified_partner_title;final_reproduction_title;published_article_type,published_research_candidate,manual_biological_estimand_screen
doi:10.1590/1519-6984.287794,10.1590/1519-6984.287794,"Is there interspecific fruit set in distylous, synchronopatric species of Erythroxylum P. Browne (Erythroxylaceae)?",2025,article,mutualist,P2,6,timing_title;final_reproduction_title;published_article_type,published_research_candidate,manual_biological_estimand_screen
doi:10.1007/s42690-025-01533-4,10.1007/s42690-025-01533-4,Larval temperature variability alters reproduction and population growth in false codling moth Thaumatotibia leucotreta (Meyrick) (Lepidoptera: Tortricidae),2025,article,antagonist,P2,6,identified_partner_title;final_reproduction_title;published_article_type,published_research_candidate,manual_biological_estimand_screen
doi:10.3998/glbot.7730,10.3998/glbot.7730,Latitudinal Variation in Phenology and Reproduction Among Seed Sources of Asclepias syriaca L. (Common Milkweed),2025,article,mutualist,P2,6,timing_title;final_reproduction_title;published_article_type,published_research_candidate,manual_biological_estimand_screen
doi:10.1002/ece3.72391,10.1002/ece3.72391,Mixed Bat‐Hummingbird Pollination Assures Reproductive Success in a Highly Variable Upper Montane Species,2025,article,mutualist,P2,6,identified_partner_title;final_reproduction_title;published_article_type,published_research_candidate,manual_biological_estimand_screen
doi:10.3389/fpls.2025.1690015,10.3389/fpls.2025.1690015,Optimizing fitness: plastic flowering time in variable environments.,2025,Journal Article,antagonist,P2,6,timing_title;final_reproduction_title;published_article_type,published_research_candidate,manual_biological_estimand_screen
doi:10.1007/s11629-024-8915-2,10.1007/s11629-024-8915-2,Reproductive success of Fernseea itatiaiae in the community context of plant-pollinator interactions,2025,article,mutualist,P2,6,identified_partner_title;final_reproduction_title;published_article_type,published_research_candidate,manual_biological_estimand_screen
doi:10.1002/ece3.11443,10.1002/ece3.11443,"Adaptive generalization in pollination systems: Hawkmoths increase fitness to long-tubed flowers, but secondary pollinators remain important.",2024,Journal Article,mutualist,P2,6,identified_partner_title;final_reproduction_title;published_article_type,published_research_candidate,manual_biological_estimand_screen
doi:10.32604/phyton.2024.048103,10.32604/phyton.2024.048103,Effects of Flowering Mode and Pollinator Sharing on Reproductive Success in Natural Hybrid of Two Epimedium (Berberidaceae) Species,2024,article,mutualist,P2,6,identified_partner_title;final_reproduction_title;published_article_type,published_research_candidate,manual_biological_estimand_screen
doi:10.1016/j.scienta.2024.113282,10.1016/j.scienta.2024.113282,Effects of ecological factors on the pollination biology and seed production of Salvia daiguii: A critically endangered ornamental species from China,2024,article,mutualist,P2,6,identified_partner_title;final_reproduction_title;published_article_type,published_research_candidate,manual_biological_estimand_screen
doi:10.1002/ajb2.16405,10.1002/ajb2.16405,Flower position within plants influences reproductive success both directly and via phenology.,2024,Journal Article,antagonist,P2,6,timing_title;final_reproduction_title;published_article_type,published_research_candidate,manual_biological_estimand_screen
doi:10.1002/ajb2.16416,10.1002/ajb2.16416,Natural and anthropogenic factors influence flowering synchrony and reproduction of a dominant plant in an inter-Andean scrub.,2024,"Journal Article,Research Support, Non-U.S. Gov't",antagonist,P2,6,timing_title;final_reproduction_title;published_article_type,published_research_candidate,manual_biological_estimand_screen
doi:10.1093/biolinnean/blae086,10.1093/biolinnean/blae086,Revisiting ant-plant-pollinator interactions: plant fitness depends on mutualist identity,2024,article,mutualist,P2,6,identified_partner_title;final_reproduction_title;published_article_type,published_research_candidate,manual_biological_estimand_screen
doi:10.3390/plants13030368,10.3390/plants13030368,Spider-Plant Interaction: The Role of Extrafloral Nectaries in Spider Attraction and Their Influence on Plant Herbivory and Reproduction.,2024,Journal Article,antagonist,P2,6,identified_partner_title;final_reproduction_title;published_article_type,published_research_candidate,manual_biological_estimand_screen
doi:10.55362/ije/2024/4242,10.55362/ije/2024/4242,"Studies on Pollination, Fruit Set and Self-Incompatibility Index in Apple Varieties under Wet Temperate Conditions of Himachal Pradesh",2024,article,mutualist,P2,6,identified_partner_title;final_reproduction_title;published_article_type,published_research_candidate,manual_biological_estimand_screen
doi:10.1111/ecog.07240,10.1111/ecog.07240,Untangling the plant reproductive success of changing community composition and pollinator foraging choices,2024,article,mutualist,P2,6,identified_partner_title;final_reproduction_title;published_article_type,published_research_candidate,manual_biological_estimand_screen
doi:10.1007/s00606-023-01845-3,10.1007/s00606-023-01845-3,"Comparative pollination ecology, fruit and seed set in Corunastylis species (Orchidaceae)",2023,article,mutualist,P2,6,identified_partner_title;final_reproduction_title;published_article_type,published_research_candidate,manual_biological_estimand_screen
doi:10.1002/ajb2.16123,10.1002/ajb2.16123,Differences in individual flowering time change pollen limitation and seed set in three montane wildflowers.,2023,"Journal Article,Research Support, Non-U.S. Gov't",mutualist,P2,6,timing_title;final_reproduction_title;published_article_type,published_research_candidate,manual_biological_estimand_screen
doi:10.1002/ajb2.16160,10.1002/ajb2.16160,"Fire effects on plant reproductive fitness vary among individuals, reflecting pollination-dependent mechanisms.",2023,"Journal Article,Research Support, Non-U.S. Gov't,Research Support, U.S. Gov't, Non-P.H.S.",mutualist,P2,6,identified_partner_title;final_reproduction_title;published_article_type,published_research_candidate,manual_biological_estimand_screen
doi:10.1016/j.eja.2023.126909,10.1016/j.eja.2023.126909,Influence of pollination treatments and temperature regimes on progamic phase and fruit set in three European plum (Prunus domestica L.) cultivars tollerant/resistant to Sharka virus,2023,article,mutualist,P2,6,identified_partner_title;final_reproduction_title;published_article_type,published_research_candidate,manual_biological_estimand_screen
doi:10.1086/726040,10.1086/726040,"Intraspecific Variation in Phenology and Reproductive Success ofMicrolicia laniflora: A Narrow-Endemic Species, Naturally Isolated on Rocky Outcrops",2023,article,mutualist,P2,6,timing_title;final_reproduction_title;published_article_type,published_research_candidate,manual_biological_estimand_screen
doi:10.1016/j.actao.2023.103974,10.1016/j.actao.2023.103974,"Management practices of Cereus jamacaru DC in the Caatinga dry forest differentially affect its reproductive phenology, fruit set and nectar availability",2023,article,mutualist,P2,6,timing_title;final_reproduction_title;published_article_type,published_research_candidate,manual_biological_estimand_screen
doi:10.1093/aob/mcad121,10.1093/aob/mcad121,"Nitrogen addition affects floral and vegetative traits, reproduction, and pollinator performance in Capsicum annuum L.",2023,article,mutualist,P2,6,identified_partner_title;final_reproduction_title;published_article_type,published_research_candidate,manual_biological_estimand_screen
doi:10.5194/we-23-51-2023,10.5194/we-23-51-2023,Plant spatial aggregation modulates the interplay between plant competition and pollinator attraction with contrasting outcomes of plant fitness,2023,article,mutualist,P2,6,identified_partner_title;final_reproduction_title;published_article_type,published_research_candidate,manual_biological_estimand_screen
doi:10.1086/726084,10.1086/726084,Pollen Supplementation Alters How Flowering Phenology Affects Reproduction in a Spring-Flowering Herb,2023,article,mutualist,P2,6,timing_title;final_reproduction_title;published_article_type,published_research_candidate,manual_biological_estimand_screen
doi:10.32604/phyton.2022.020768,10.32604/phyton.2022.020768,"Changes in Florets’ Vertical Direction within Inflorescence Affects Pollinator Behavior, and Fitness in Trifolium repens",2022,article,mutualist,P2,6,identified_partner_title;final_reproduction_title;published_article_type,published_research_candidate,manual_biological_estimand_screen
doi:10.1016/j.sajb.2022.02.018,10.1016/j.sajb.2022.02.018,"Colour similarity to flowering neighbours promotes pollinator visits, pollen receipt and maternal fitness",2022,article,mutualist,P2,6,identified_partner_title;final_reproduction_title;published_article_type,published_research_candidate,manual_biological_estimand_screen
doi:10.1007/s10265-022-01373-0,10.1007/s10265-022-01373-0,Higher frequency of legitimate pollinators and fruit set of autotetraploid trees of Libidibia ferrea (Leguminosae) compared to diploids in a mixed tropical urban population.,2022,Journal Article,mutualist,P2,6,identified_partner_title;final_reproduction_title;published_article_type,published_research_candidate,manual_biological_estimand_screen
doi:10.1016/j.ecolmodel.2022.110074,10.1016/j.ecolmodel.2022.110074,Honey bee (Apis mellifera) hive placement is more influential than orchard layout on the fruit set of a dioecious crop,2022,article,mutualist,P2,6,identified_partner_title;final_reproduction_title;published_article_type,published_research_candidate,manual_biological_estimand_screen
doi:10.1111/evo.14544,10.1111/evo.14544,Mating and fitness consequences of variation in male allocation in a wind-pollinated plant.,2022,"Journal Article,Research Support, Non-U.S. Gov't,Research Support, U.S. Gov't, Non-P.H.S.",mutualist,P2,6,identified_partner_title;final_reproduction_title;published_article_type,published_research_candidate,manual_biological_estimand_screen
doi:10.1093/aob/mcac008,10.1093/aob/mcac008,Mixed pollination system and floral signals of Paepalanthus (Eriocaulaceae): insects and geitonogamy ensure high reproductive success.,2022,"Journal Article,Research Support, Non-U.S. Gov't",mutualist,P2,6,identified_partner_title;final_reproduction_title;published_article_type,published_research_candidate,manual_biological_estimand_screen
doi:10.1111/1365-2435.14233,10.1111/1365-2435.14233,Reduced seed set under water deficit is driven mainly by reduced flower numbers and not by changes in flower visitations and pollination,2022,article,mutualist,P2,6,identified_partner_title;final_reproduction_title;published_article_type,published_research_candidate,manual_biological_estimand_screen
doi:10.1016/j.actao.2022.103866,10.1016/j.actao.2022.103866,Spatial isolation impacts pollinator visitation and reproductive success of a threatened self-incompatible Mediterranean tree,2022,article,mutualist,P2,6,identified_partner_title;final_reproduction_title;published_article_type,published_research_candidate,manual_biological_estimand_screen
doi:10.1007/s11258-020-01104-2,10.1007/s11258-020-01104-2,Flowering phenology and reproduction of a forest understorey plant species in response to the local environment,2021,article,antagonist,P2,6,timing_title;final_reproduction_title;published_article_type,published_research_candidate,manual_biological_estimand_screen
doi:10.1007/s00035-021-00248-9,10.1007/s00035-021-00248-9,Habitat-specific effects of flowering advance on fruit-set success of alpine plants: a long-term record of flowering phenology and fruit-set success of Rhododendron aureum,2021,article,mutualist,P2,6,timing_title;final_reproduction_title;published_article_type,published_research_candidate,manual_biological_estimand_screen
doi:10.1007/s10980-021-01353-0,10.1007/s10980-021-01353-0,Landscape floral resources provided by rapeseed correlate with next-year reproduction of cavity-nesting pollinators in a national participatory monitoring program,2021,article,mutualist,P2,6,identified_partner_title;final_reproduction_title;published_article_type,published_research_candidate,manual_biological_estimand_screen
doi:10.1016/j.baae.2021.07.005,10.1016/j.baae.2021.07.005,Landscapes with high amounts of mass-flowering fruit crops reduce the reproduction of two solitary bees,2021,article,mutualist,P2,6,identified_partner_title;final_reproduction_title;published_article_type,published_research_candidate,manual_biological_estimand_screen
doi:10.1007/s11258-021-01176-8,10.1007/s11258-021-01176-8,"Stigmas arrangement, reproductive system, and maternal reproductive success in two species of Stigmaphyllon (Malpighiaceae): does pollinator size matter?",2021,article,mutualist,P2,6,identified_partner_title;final_reproduction_title;published_article_type,published_research_candidate,manual_biological_estimand_screen
doi:10.1002/ece3.7747,10.1002/ece3.7747,The impacts of flowering phenology on the reproductive success of the narrow endemic Nouelia insignis Franch. (Asteraceae).,2021,Journal Article,mutualist,P2,6,timing_title;final_reproduction_title;published_article_type,published_research_candidate,manual_biological_estimand_screen
doi:10.1093/aob/mcaa163,10.1093/aob/mcaa163,The role of individual variation in flowering and pollination in the reproductive success of a crepuscular buzz-pollinated plant.,2021,"Journal Article,Research Support, Non-U.S. Gov't",mutualist,P2,6,identified_partner_title;final_reproduction_title;published_article_type,published_research_candidate,manual_biological_estimand_screen
doi:10.1016/j.envpol.2021.116754,10.1016/j.envpol.2021.116754,Trophic match/mismatch and reproduction of the pied flycatcher Ficedula hypoleuca in a metal-polluted area.,2021,Journal Article,antagonist,P2,6,timing_title;final_reproduction_title;published_article_type,published_research_candidate,manual_biological_estimand_screen
doi:10.3389/fevo.2021.680463,10.3389/fevo.2021.680463,Variation in Manduca sexta Pollination-Related Floral Traits and Reproduction in a Wild Tobacco Plant,2021,article,mutualist,P2,6,identified_partner_title;final_reproduction_title;published_article_type,published_research_candidate,manual_biological_estimand_screen
doi:10.1073/pnas.1907320117,10.1073/pnas.1907320117,Fire synchronizes flowering and boosts reproduction in a widespread but declining prairie species.,2020,"Journal Article,Research Support, Non-U.S. Gov't,Research Support, U.S. Gov't, Non-P.H.S.",mutualist,P2,6,timing_title;final_reproduction_title;published_article_type,published_research_candidate,manual_biological_estimand_screen
doi:10.1111/1442-1984.12268,10.1111/1442-1984.12268,Gender specialization and factors affecting fruit set of the wind‐pollinated heterodichogamous Juglans regia,2020,article,mutualist,P2,6,identified_partner_title;final_reproduction_title;published_article_type,published_research_candidate,manual_biological_estimand_screen
doi:10.1002/ecy.2946,10.1002/ecy.2946,"Limitation of complementary resources affects colony growth, foraging behavior, and reproduction in bumble bees.",2020,Journal Article,mutualist,P2,6,identified_partner_title;final_reproduction_title;published_article_type,published_research_candidate,manual_biological_estimand_screen
doi:10.1186/s12870-020-02356-w,10.1186/s12870-020-02356-w,Phenological variation of flower longevity and duration of sex phases in a protandrous alpine plant: potential causes and fitness significance.,2020,Journal Article,mutualist,P2,6,timing_title;final_reproduction_title;published_article_type,published_research_candidate,manual_biological_estimand_screen
doi:10.1111/1365-2745.13348,10.1111/1365-2745.13348,"Pollinator‐mediated facilitation is associated with floral abundance, trait similarity and enhanced community‐level fitness",2020,article,mutualist,P2,6,identified_partner_title;final_reproduction_title;published_article_type,published_research_candidate,manual_biological_estimand_screen
doi:10.25710/hvwa-qp48,10.25710/hvwa-qp48,"The effects of a widespread, showy invasive plant (Rubus armeniacus) on pollinator visitation rates, pollen deposition, and seed set in a rare native wildflower (Sidalcea hendersonii)",2020,article,antagonist;mutualist,P2,6,identified_partner_title;final_reproduction_title;published_article_type,published_research_candidate,manual_biological_estimand_screen
doi:10.1002/ece3.5952,10.1002/ece3.5952,"Wildflower plantings promote blue orchard bee, Osmia lignaria (Hymenoptera: Megachilidae), reproduction in California almond orchards",2020,article,mutualist,P2,6,identified_partner_title;final_reproduction_title;published_article_type,published_research_candidate,manual_biological_estimand_screen
doi:10.3390/d11080123,10.3390/d11080123,"A Comprehensive Study of Orchid Seed Production Relative to Pollination Traits, Plant Density and Climate in an Urban Reserve in Western Australia",2019,article,mutualist,P2,6,identified_partner_title;final_reproduction_title;published_article_type,published_research_candidate,manual_biological_estimand_screen
doi:10.3390/ijerph16091663,10.3390/ijerph16091663,Effects of Simulated Herbivory on the Vegetative Reproduction and Compensatory Growth of Hordeum brevisubulatum at Different Ontogenic Stages.,2019,"Journal Article,Research Support, Non-U.S. Gov't",antagonist,P2,6,identified_partner_title;final_reproduction_title;published_article_type,published_research_candidate,manual_biological_estimand_screen
doi:10.30635/2415-0142.2020.06.01,10.30635/2415-0142.2020.06.01,"Floral Behaviour, Flowering Phenology and Fruit Production of Passion Fruit (Passiflora Species) in East Malaysia",2019,article,mutualist,P2,6,timing_title;final_reproduction_title;published_article_type,published_research_candidate,manual_biological_estimand_screen
doi:10.1016/j.dib.2019.104177,10.1016/j.dib.2019.104177,"Flowering and fruiting synchronization, pollen number, floral visitors and reproductive success of Paubrasilia echinata (brazilwood; Leguminosae) in tropical urban ecosystem in comparison to Atlantic forest remnant: A dataset description.",2019,Journal Article,mutualist,P2,6,timing_title;final_reproduction_title;published_article_type,published_research_candidate,manual_biological_estimand_screen
doi:10.1371/journal.pone.0213029,10.1371/journal.pone.0213029,Morphospace exploration reveals divergent fitness optima between plants and pollinators,2019,article,mutualist,P2,6,identified_partner_title;final_reproduction_title;published_article_type,published_research_candidate,manual_biological_estimand_screen
doi:10.1016/j.foreco.2019.117593,10.1016/j.foreco.2019.117593,"Phenology, flowering and fruit-set patterns of baobabs, Adansonia digitata, in southern Africa",2019,article,mutualist,P2,6,timing_title;final_reproduction_title;published_article_type,published_research_candidate,manual_biological_estimand_screen
doi:10.1080/09064710.2019.1620322,10.1080/09064710.2019.1620322,"Phenology, flowering and fruit-set performance of six recent pear cultivars of Nordic origin",2019,article,mutualist,P2,6,timing_title;final_reproduction_title;published_article_type,published_research_candidate,manual_biological_estimand_screen
doi:10.1002/ecy.2803,10.1002/ecy.2803,The role of pollination effectiveness on the attributes of interaction networks: from floral visitation to plant fitness.,2019,"Journal Article,Research Support, Non-U.S. Gov't",mutualist,P2,6,identified_partner_title;final_reproduction_title;published_article_type,published_research_candidate,manual_biological_estimand_screen
doi:10.1080/15230430.2018.1548866,10.1080/15230430.2018.1548866,Climate and synchrony with conspecifics determine the effects of flowering phenology on reproductive success inSilene acaulis,2018,article,mutualist,P2,6,timing_title;final_reproduction_title;published_article_type,published_research_candidate,manual_biological_estimand_screen
doi:10.1111/nph.15108,10.1111/nph.15108,Correlated seed failure as an environmental veto to synchronize reproduction of masting plants.,2018,"Journal Article,Research Support, Non-U.S. Gov't,Research Support, U.S. Gov't, Non-P.H.S.",mutualist,P2,6,timing_title;final_reproduction_title;published_article_type,published_research_candidate,manual_biological_estimand_screen
doi:10.11648/j.ajaf.20180605.16,10.11648/j.ajaf.20180605.16,Effect of Flower Pollination on Fruit Set and Cropping in Apple,2018,article,mutualist,P2,6,identified_partner_title;final_reproduction_title;published_article_type,published_research_candidate,manual_biological_estimand_screen
doi:10.1016/j.agee.2018.04.014,10.1016/j.agee.2018.04.014,Effects of herbicide and nitrogen fertilizer on non-target plant reproduction and indirect effects on pollination in Tanacetum vulgare (Asteraceae),2018,article,mutualist,P2,6,identified_partner_title;final_reproduction_title;published_article_type,published_research_candidate,manual_biological_estimand_screen
doi:10.1111/oik.04882,10.1111/oik.04882,Pollinator‐mediated mechanisms for increased reproductive success in early flowering plants,2018,article,mutualist,P2,6,identified_partner_title;final_reproduction_title;published_article_type,published_research_candidate,manual_biological_estimand_screen
doi:10.14203/bkr.v20i2.420,10.14203/bkr.v20i2.420,REPRODUCTION PHENOLOGY OF Hydriastele beguinii (Buret) W.J. Baker & Loo IN BOGOR BOTANIC GARDENS,2018,article,mutualist,P2,6,timing_title;final_reproduction_title;published_article_type,published_research_candidate,manual_biological_estimand_screen
doi:10.15517/rbt.v59i4.33323,10.15517/rbt.v59i4.33323,"Reproduction, pollination and seed predation of Senna multijuga (Fabaceae) in two protected areas in the Brazilian Atlantic forest",2018,article,antagonist;mutualist,P2,6,identified_partner_title;final_reproduction_title;published_article_type,published_research_candidate,manual_biological_estimand_screen
doi:10.1038/s41467-017-02348-9,10.1038/s41467-017-02348-9,Inter-annual and decadal changes in teleconnections drive continental-scale synchronization of tree reproduction.,2017,Journal Article,mutualist,P2,6,timing_title;final_reproduction_title;published_article_type,published_research_candidate,manual_biological_estimand_screen
doi:10.1111/een.12428,10.1111/een.12428,"Larval food affects oviposition preference, female fecundity and offspring survival in Y ponomeuta evonymellus",2017,article,antagonist,P2,6,identified_partner_title;final_reproduction_title;published_article_type,published_research_candidate,manual_biological_estimand_screen
doi:10.1002/ece3.2899,10.1002/ece3.2899,Pollinator preference and pollen viability mediated by flower color synergistically determine seed set in an Alpine annual herb.,2017,Journal Article,mutualist,P2,6,identified_partner_title;final_reproduction_title;published_article_type,published_research_candidate,manual_biological_estimand_screen
doi:10.1590/0102-33062016abb0236,10.1590/0102-33062016abb0236,Does inter-plant variation in sprouting time affect the growth/reproduction trade-off and herbivory in a tropical tree species?,2016,article,antagonist,P2,6,identified_partner_title;final_reproduction_title;published_article_type,published_research_candidate,manual_biological_estimand_screen
doi:10.1093/aobpla/plw007,10.1093/aobpla/plw007,Effects of flowering phenology and synchrony on the reproductive success of a long-flowering shrub.,2016,Journal Article,mutualist,P2,6,timing_title;final_reproduction_title;published_article_type,published_research_candidate,manual_biological_estimand_screen
doi:10.7717/peerj.2250,10.7717/peerj.2250,Flower diversity and bee reproduction in an arid ecosystem.,2016,Journal Article,mutualist,P2,6,identified_partner_title;final_reproduction_title;published_article_type,published_research_candidate,manual_biological_estimand_screen
doi:10.1016/j.flora.2016.03.001,10.1016/j.flora.2016.03.001,"Herbivory and fitness components in an introgressive hybrid swarm of Senecio hercynicus and S. ovatus (Compositae, Senecioneae)",2016,article,antagonist,P2,6,identified_partner_title;final_reproduction_title;published_article_type,published_research_candidate,manual_biological_estimand_screen
doi:10.3955/046.089.0104,10.3955/046.089.0104,"Despite Extensive Pollinator Sharing, Invasive Blackberry has Negligible Impacts on Reproductive Success of a Rare Native Wildflower",2015,article,mutualist,P2,6,identified_partner_title;final_reproduction_title;published_article_type,published_research_candidate,manual_biological_estimand_screen
doi:10.1674/amid-173-02-229-240.1,10.1674/amid-173-02-229-240.1,Enhancing Monarch Butterfly Reproduction by Mowing Fields of Common Milkweed,2015,article,antagonist,P2,6,identified_partner_title;final_reproduction_title;published_article_type,published_research_candidate,manual_biological_estimand_screen
doi:10.1111/oik.02988,10.1111/oik.02988,Herbivore‐induced changes in flower scent and morphology affect the structure of flower–visitor networks but not plant reproduction,2015,article,antagonist;mutualist,P2,6,identified_partner_title;final_reproduction_title;published_article_type,published_research_candidate,manual_biological_estimand_screen
doi:10.1111/eea.12337,10.1111/eea.12337,Herbivory affects male and female reproductive success differently in dioecious Silene latifolia,2015,article,mutualist,P2,6,identified_partner_title;final_reproduction_title;published_article_type,published_research_candidate,manual_biological_estimand_screen
doi:10.1111/jfb.12563,10.1111/jfb.12563,Intra-population trends in the maturation and reproduction of a temperate marine herbivore Girella elevata across latitudinal clines.,2015,Journal Article,antagonist,P2,6,identified_partner_title;final_reproduction_title;published_article_type,published_research_candidate,manual_biological_estimand_screen
doi:10.1007/s00442-014-3193-2,10.1007/s00442-014-3193-2,Lagged effects of early-season herbivores on valley oak fecundity.,2015,"Journal Article,Research Support, Non-U.S. Gov't",antagonist,P2,6,identified_partner_title;final_reproduction_title;published_article_type,published_research_candidate,manual_biological_estimand_screen
doi:10.1111/1365-2656.12361,10.1111/1365-2656.12361,Parasitoid wasps indirectly suppress seed production by stimulating consumption rates of their seed-feeding hosts.,2015,"Journal Article,Research Support, Non-U.S. Gov't",antagonist,P2,6,identified_partner_title;final_reproduction_title;published_article_type,published_research_candidate,manual_biological_estimand_screen
doi:10.1007/s00484-013-0727-y,10.1007/s00484-013-0727-y,"Anthropogenic edges, isolation and the flowering time and fruit set of Anadenanthera peregrina, a cerrado savanna tree.",2014,"Journal Article,Research Support, Non-U.S. Gov't",antagonist,P2,6,timing_title;final_reproduction_title;published_article_type,published_research_candidate,manual_biological_estimand_screen
doi:10.1111/oik.01491,10.1111/oik.01491,"Are mismatches the norm? Timing of flowering, fruiting, dispersal and germination and their fitness effects in Frangula alnus (Rhamnaceae)",2014,article,mutualist,P2,6,timing_title;final_reproduction_title;published_article_type,published_research_candidate,manual_biological_estimand_screen
doi:10.1371/journal.pone.0105051,10.1371/journal.pone.0105051,"Clonal structure, seed set, and self-pollination rate in mass-flowering bamboo species during off-year flowering events.",2014,"Journal Article,Research Support, Non-U.S. Gov't",mutualist,P2,6,identified_partner_title;final_reproduction_title;published_article_type,published_research_candidate,manual_biological_estimand_screen
doi:10.3732/ajb.1400210,10.3732/ajb.1400210,"Effects of apical meristem mining on plant fitness, architecture, and flowering phenology in Cirsium altissimum (Asteraceae).",2014,Journal Article,antagonist,P2,6,timing_title;final_reproduction_title;published_article_type,published_research_candidate,manual_biological_estimand_screen
doi:10.1007/s10530-014-0775-1,10.1007/s10530-014-0775-1,Invasive conifers reduce seed set of a native Andean cedar through heterospecific pollination competition,2014,article,mutualist,P2,6,identified_partner_title;final_reproduction_title;published_article_type,published_research_candidate,manual_biological_estimand_screen
doi:10.1890/13-1720.1,10.1890/13-1720.1,Masting promotes individual- and population-level reproduction by increasing pollination efficiency.,2014,"Journal Article,Research Support, Non-U.S. Gov't,Research Support, U.S. Gov't, Non-P.H.S.",mutualist,P2,6,identified_partner_title;final_reproduction_title;published_article_type,published_research_candidate,manual_biological_estimand_screen
doi:10.1111/plb.12146,10.1111/plb.12146,Nectar secretion dynamic links pollinator behavior to consequences for plant reproductive success in the ornithophilous mistletoe P sittacanthus robustus,2014,article,mutualist,P2,6,identified_partner_title;final_reproduction_title;published_article_type,published_research_candidate,manual_biological_estimand_screen
doi:10.5281/zenodo.19670251,10.5281/zenodo.19670251,"Plant size, flowering synchrony and edge effects: What, how and where they affect the reproductive success of a Neotropical tree species: Reproductive Success in Senefeldera Verticillata",2014,article,mutualist,P2,6,timing_title;final_reproduction_title;published_article_type,published_research_candidate,manual_biological_estimand_screen
doi:10.5281/zenodo.19670252,10.5281/zenodo.19670252,"Plant size, flowering synchrony and edge effects: What, how and where they affect the reproductive success of a Neotropical tree species: Reproductive Success in Senefeldera Verticillata",2014,article,mutualist,P2,6,timing_title;final_reproduction_title;published_article_type,published_research_candidate,manual_biological_estimand_screen
doi:10.1080/01650521.2014.972187,10.1080/01650521.2014.972187,Pollinator sharing and low pollen–ovule ratio diminish reproductive success in two sympatric species ofPortulaca(Portulacaceae),2014,article,mutualist,P2,6,identified_partner_title;final_reproduction_title;published_article_type,published_research_candidate,manual_biological_estimand_screen
doi:10.1007/s13592-013-0265-y,10.1007/s13592-013-0265-y,"The effect of proximity to a honeybee apiary on bumblebee colony fitness, development, and performance",2014,article,mutualist,P2,6,identified_partner_title;final_reproduction_title;published_article_type,published_research_candidate,manual_biological_estimand_screen
doi:10.1017/s0266467413000588,10.1017/s0266467413000588,"Asymmetric pollen transfer and reproductive success of the hawkmoth-pollinated distylous tree Palicourea tetragona (Rubiaceae) at La Selva, Costa Rica",2013,article,mutualist,P2,6,identified_partner_title;final_reproduction_title;published_article_type,published_research_candidate,manual_biological_estimand_screen
doi:10.1111/j.1438-8677.2012.00645.x,10.1111/j.1438-8677.2012.00645.x,"Local plant density, pollination and trait-fitness relationships in a perennial herb.",2013,"Journal Article,Research Support, Non-U.S. Gov't",mutualist,P2,6,identified_partner_title;final_reproduction_title;published_article_type,published_research_candidate,manual_biological_estimand_screen
doi:10.1111/aec.12082,10.1111/aec.12082,"Plant size, flowering synchrony and edge effects: What, how and where they affect the reproductive success of a Neotropical tree species",2013,article,mutualist,P2,6,timing_title;final_reproduction_title;published_article_type,published_research_candidate,manual_biological_estimand_screen
doi:10.1890/es13-00228.1,10.1890/es13-00228.1,Population fluctuations of moths and small rodents in relation to plant reproduction indices in southern Norway,2013,article,antagonist,P2,6,identified_partner_title;final_reproduction_title;published_article_type,published_research_candidate,manual_biological_estimand_screen
doi:10.3159/torrey-d-12-00061.1,10.3159/torrey-d-12-00061.1,"Reproductive biology of northern wild senna (Senna hebecarpa): Flowering phenology, fruit set, and a test for inbreeding depression1",2013,article,mutualist,P2,6,timing_title;final_reproduction_title;published_article_type,published_research_candidate,manual_biological_estimand_screen
doi:10.1126/science.1230200,10.1126/science.1230200,Wild Pollinators Enhance Fruit Set of Crops Regardless of Honey Bee Abundance,2013,article,mutualist,P2,6,identified_partner_title;final_reproduction_title;published_article_type,published_research_candidate,manual_biological_estimand_screen
doi:10.26786/1920-7603(2012)16,10.26786/1920-7603(2012)16,Do abundance and proximity of the alien Impatiens glandulifera affect pollination and reproductive success of two sympatric co-flowering native species?,2012,article,mutualist,P2,6,identified_partner_title;final_reproduction_title;published_article_type,published_research_candidate,manual_biological_estimand_screen
doi:10.5402/2012/461674,10.5402/2012/461674,Floral Phenology of Upper Amazon Cocoa Trees: Implications for Reproduction and Productivity of Cocoa,2012,article,mutualist,P2,6,timing_title;final_reproduction_title;published_article_type,published_research_candidate,manual_biological_estimand_screen
doi:10.1111/j.1365-2435.2011.01950.x,10.1111/j.1365-2435.2011.01950.x,Interspecific competition in pollination systems: costs to male fitness via pollen misplacement,2012,article,mutualist,P2,6,identified_partner_title;final_reproduction_title;published_article_type,published_research_candidate,manual_biological_estimand_screen
doi:10.1007/s00442-010-1898-4,10.1007/s00442-010-1898-4,"Additive effects of herbivory, nectar robbing and seed predation on male and female fitness estimates of the host plant Ipomopsis aggregata.",2011,"Journal Article,Research Support, U.S. Gov't, Non-P.H.S.",antagonist;mutualist,P2,6,identified_partner_title;final_reproduction_title;published_article_type,published_research_candidate,manual_biological_estimand_screen
titleyear:estimating non target effects no detectable short term effect of feeding by cinnabar moth caterpillars on growth and reproduction of senecio triangularis|2011,,"Estimating Non-Target Effects: No Detectable, Short-Term Effect of Feeding by Cinnabar Moth Caterpillars on Growth and Reproduction of Senecio triangularis",2011,article,antagonist,P2,6,identified_partner_title;final_reproduction_title;published_article_type,published_research_candidate,manual_biological_estimand_screen
doi:10.1556/abot.53.2011.3-4.20,10.1556/abot.53.2011.3-4.20,"Flowering phenology, floral display and reproductive success ofIris sibirica",2011,article,mutualist,P2,6,timing_title;final_reproduction_title;published_article_type,published_research_candidate,manual_biological_estimand_screen
doi:10.1016/j.flora.2010.05.004,10.1016/j.flora.2010.05.004,"Population size, pollination and reproductive success in two endangered Genista species",2011,article,mutualist,P2,6,identified_partner_title;final_reproduction_title;published_article_type,published_research_candidate,manual_biological_estimand_screen
doi:10.1007/s10682-011-9473-y,10.1007/s10682-011-9473-y,Rapid experimental shift in host use traits of a polyphagous marine herbivore reveals fitness costs on alternative hosts,2011,article,antagonist,P2,6,identified_partner_title;final_reproduction_title;published_article_type,published_research_candidate,manual_biological_estimand_screen
titleyear:reproduction pollination and seed predation of senna multijuga fabaceae in two protected areas in the brazilian atlantic forest|2011,,"Reproduction, pollination and seed predation of Senna multijuga (Fabaceae) in two protected areas in the Brazilian Atlantic forest.",2011,"Journal Article,Research Support, Non-U.S. Gov't",antagonist;mutualist,P2,6,identified_partner_title;final_reproduction_title;published_article_type,published_research_candidate,manual_biological_estimand_screen
doi:10.1016/j.jtbi.2011.01.013,10.1016/j.jtbi.2011.01.013,Synchronized reproduction promotes species coexistence through reproductive facilitation.,2011,"Journal Article,Research Support, Non-U.S. Gov't",mutualist,P2,6,timing_title;final_reproduction_title;published_article_type,published_research_candidate,manual_biological_estimand_screen
doi:10.21608/ejarc.2010.215470,10.21608/ejarc.2010.215470,"EFFECT OF SELF, OPEN AND CROSS POLLINATION ON FRUIT SET OF THREE APPLE CULTIVARS IN SOUTH JORDAN",2010,article,mutualist,P2,6,identified_partner_title;final_reproduction_title;published_article_type,published_research_candidate,manual_biological_estimand_screen
doi:10.1111/j.1600-0706.2010.18777.x,10.1111/j.1600-0706.2010.18777.x,Effects of multiple competitors for pollination on bumblebee foraging patterns and Mimulus ringens reproductive success,2010,article,mutualist,P2,6,identified_partner_title;final_reproduction_title;published_article_type,published_research_candidate,manual_biological_estimand_screen
doi:10.31421/ijhs/16/1/859,10.31421/ijhs/16/1/859,Effects of self and cross pollination on fruit set and fruit quality of sour cherry cultivars,2010,article,mutualist,P2,6,identified_partner_title;final_reproduction_title;published_article_type,published_research_candidate,manual_biological_estimand_screen
doi:10.1016/j.jinsphys.2010.06.006,10.1016/j.jinsphys.2010.06.006,"Relationship of flight and reproduction in beet armyworm, Spodoptera exigua (Lepidoptera: Noctuidae), a migrant lacking the oogenesis-flight syndrome",2010,article,antagonist,P2,6,identified_partner_title;final_reproduction_title;published_article_type,published_research_candidate,manual_biological_estimand_screen
doi:10.2135/cropsci2009.01.0003,10.2135/cropsci2009.01.0003,Bumble Bee Pollinators in Red Clover Seed Production,2009,article,mutualist,P2,6,identified_partner_title;final_reproduction_title;published_article_type,published_research_candidate,manual_biological_estimand_screen
doi:10.1111/j.1469-8137.2009.02964.x,10.1111/j.1469-8137.2009.02964.x,Fitness effects and genetic architecture of plant-herbivore interactions in sunflower crop-wild hybrids.,2009,"Journal Article,Research Support, U.S. Gov't, Non-P.H.S.",antagonist,P2,6,identified_partner_title;final_reproduction_title;published_article_type,published_research_candidate,manual_biological_estimand_screen
doi:10.1071/bt08154,10.1071/bt08154,"Implications of pollination by food and sexual deception for pollinator specificity, fruit set, population genetics and conservation of Caladenia (Orchidaceae)",2009,article,mutualist,P2,6,identified_partner_title;final_reproduction_title;published_article_type,published_research_candidate,manual_biological_estimand_screen
doi:10.1093/aob/mcp066,10.1093/aob/mcp066,Reproductive success of non-rewarding Cypripedium japonicum benefits from low spatial dispersion pattern and asynchronous flowering.,2009,"Journal Article,Research Support, Non-U.S. Gov't",mutualist,P2,6,timing_title;final_reproduction_title;published_article_type,published_research_candidate,manual_biological_estimand_screen
doi:10.1080/10440040902773178,10.1080/10440040902773178,"Seasonal and Spatial Occurrence of Aphid Natural Enemies in OrganicBrassicaFields: Diversity, Phenology, and Reproduction",2009,article,antagonist,P2,6,timing_title;final_reproduction_title;published_article_type,published_research_candidate,manual_biological_estimand_screen
titleyear:effect of pollination time on seed set in short glume sorghum in yola nigeria|2008,,"Effect of pollination time on seed set in short glume sorghum in Yola, Nigeria",2008,article,mutualist,P2,6,identified_partner_title;final_reproduction_title;published_article_type,published_research_candidate,manual_biological_estimand_screen
doi:10.1007/s10592-008-9694-y,10.1007/s10592-008-9694-y,"Effects of population density on male and female reproductive success in the wind-pollinated, wind-dispersed tree species Betula maximowicziana",2008,article,mutualist,P2,6,identified_partner_title;final_reproduction_title;published_article_type,published_research_candidate,manual_biological_estimand_screen
doi:10.1303/jjaez.2008.77,10.1303/jjaez.2008.77,Phenology of Reproduction and the Lower Development Threshold in Carabus lewisianus Breuning,2008,article,antagonist,P2,6,timing_title;final_reproduction_title;published_article_type,published_research_candidate,manual_biological_estimand_screen
doi:10.1890/07-0555.1,10.1890/07-0555.1,"Predispersal seed herbivores, not pollinators, exert selection on floral traits via female fitness.",2008,"Journal Article,Research Support, Non-U.S. Gov't",antagonist;mutualist,P2,6,identified_partner_title;final_reproduction_title;published_article_type,published_research_candidate,manual_biological_estimand_screen
doi:10.1007/s00606-007-0570-x,10.1007/s00606-007-0570-x,Autogamous seed set in a critically endangered orchid in Japan: pollination studies for the conservation of Nervilia nipponica,2007,article,mutualist,P2,6,identified_partner_title;final_reproduction_title;published_article_type,published_research_candidate,manual_biological_estimand_screen
doi:10.24154/jhs.v2i1.637,10.24154/jhs.v2i1.637,Studies on Parental Synchronization in Flowering for Hybrid Seed Production in Onion (Allium cepa L.),2007,article,mutualist,P2,6,timing_title;final_reproduction_title;published_article_type,published_research_candidate,manual_biological_estimand_screen
doi:10.1663/0006-8101(2007)73[267:tposri]2.0.co;2,10.1663/0006-8101(2007)73[267:tposri]2.0.co;2,The Phenology of Sexual Reproduction in Ginkgo biloba: Ecological and Evolutionary Implications,2007,article,mutualist,P2,6,timing_title;final_reproduction_title;published_article_type,published_research_candidate,manual_biological_estimand_screen
doi:10.1126/science.1135520,10.1126/science.1135520,Anticipatory Reproduction and Population Growth in Seed Predators,2006,article,antagonist,P2,6,identified_partner_title;final_reproduction_title;published_article_type,published_research_candidate,manual_biological_estimand_screen
doi:10.1111/j.1523-1739.2006.00370.x,10.1111/j.1523-1739.2006.00370.x,Effects of forest fragmentation on phenological patterns and reproductive success of the tropical dry forest tree Ceiba aesculifolia.,2006,"Comparative Study,Journal Article,Research Support, Non-U.S. Gov't",mutualist,P2,6,timing_title;final_reproduction_title;published_article_type,published_research_candidate,manual_biological_estimand_screen
doi:10.1007/s00035-006-0762-y,10.1007/s00035-006-0762-y,Fungal pseudoflowers can influence the fecundity of insect-pollinated flowers on Euphorbia cyparissias,2006,article,mutualist,P2,6,identified_partner_title;final_reproduction_title;published_article_type,published_research_candidate,manual_biological_estimand_screen
doi:10.1111/j.2006.0018-0661.01958.x,10.1111/j.2006.0018-0661.01958.x,Hybrids and fruit set in a mixed flowering-time population of Gymnadenia conopsea (Orchidaceae).,2006,Journal Article,mutualist,P2,6,timing_title;final_reproduction_title;published_article_type,published_research_candidate,manual_biological_estimand_screen
doi:10.1080/0028825x.2006.9513005,10.1080/0028825x.2006.9513005,"Limiting factors of reproductive success in Bromus auleticus (Poaceae). 1. Flowering phenology, sexual expression, and pollen production",2006,article,mutualist,P2,6,timing_title;final_reproduction_title;published_article_type,published_research_candidate,manual_biological_estimand_screen
doi:10.1111/j.1365-294x.2006.02853.x,10.1111/j.1365-294x.2006.02853.x,Seasonal changes in pollinator activity influence pollen dispersal and seed production of the alpine shrub Rhododendron aureum (Ericaceae).,2006,"Journal Article,Research Support, Non-U.S. Gov't",mutualist,P2,6,identified_partner_title;final_reproduction_title;published_article_type,published_research_candidate,manual_biological_estimand_screen
doi:10.1111/j.1365-2745.2006.01188.x,10.1111/j.1365-2745.2006.01188.x,"The role of rainfall and predators in determining synchrony in reproduction of savanna trees in Serengeti National Park, Tanzania",2006,article,antagonist,P2,6,timing_title;final_reproduction_title;published_article_type,published_research_candidate,manual_biological_estimand_screen
doi:10.1007/s10144-005-0242-z,10.1007/s10144-005-0242-z,Habitat‐specific responses in the flowering phenology and seed set of alpine plants to climate variation: implications for global‐change impacts,2005,article,mutualist,P2,6,timing_title;final_reproduction_title;published_article_type,published_research_candidate,manual_biological_estimand_screen
doi:10.1111/j.0030-1299.2005.13578.x,10.1111/j.0030-1299.2005.13578.x,Negative indirect effects of an avian insectivore on the fruit set of an insect‐pollinated herb,2005,article,mutualist,P2,6,identified_partner_title;final_reproduction_title;published_article_type,published_research_candidate,manual_biological_estimand_screen
doi:10.1071/bt03139,10.1071/bt03139,High self-pollen transfer and low fruit set in buzz-pollinated Dianella revoluta (Phormiaceae),2004,article,mutualist,P2,6,identified_partner_title;final_reproduction_title;published_article_type,published_research_candidate,manual_biological_estimand_screen
doi:10.1023/b:bico.0000025382.07841.b4,10.1023/b:bico.0000025382.07841.b4,"Overwintering, phenology and fecundity of Harmonia axyridis in comparison with native coccinellid species in Italy",2004,article,antagonist,P2,6,timing_title;final_reproduction_title;published_article_type,published_research_candidate,manual_biological_estimand_screen
doi:10.1093/aob/mch098,10.1093/aob/mch098,"Reproductive ecology of the endangered Alpine species Eryngium alpinum L. (Apiaceae): phenology, gene dispersal and reproductive success.",2004,"Journal Article,Research Support, Non-U.S. Gov't",mutualist,P2,6,timing_title;final_reproduction_title;published_article_type,published_research_candidate,manual_biological_estimand_screen
doi:10.1111/j.1440-1703.2003.00590.x,10.1111/j.1440-1703.2003.00590.x,Community‐level flowering phenology and fruit set: Comparative study of 25 woody species in a secondary forest in Japan,2003,article,mutualist,P2,6,timing_title;final_reproduction_title;published_article_type,published_research_candidate,manual_biological_estimand_screen
doi:10.1046/j.1523-1739.2003.01140.x,10.1046/j.1523-1739.2003.01140.x,Effects of Forest Fragmentation and Flowering Phenology on the Reproductive Success and Mating Patterns of the Tropical Dry Forest Tree Pachira quinata,2003,article,mutualist,P2,6,timing_title;final_reproduction_title;published_article_type,published_research_candidate,manual_biological_estimand_screen
doi:10.1046/j.1365-2311.2002.00423.x,10.1046/j.1365-2311.2002.00423.x,Opposing survivorship and fecundity effects of host phenology on the gall‐forming aphid Hormaphis hamamelidis,2002,article,antagonist,P2,6,timing_title;final_reproduction_title;published_article_type,published_research_candidate,manual_biological_estimand_screen
doi:10.2307/1552470,10.2307/1552470,Relationships between Flowering Phenology and Fruit-Set of Dwarf Shrubs in Alpine Fellfields in Northern Japan: A Comparison with a Subarctic Heathland in Northern Sweden,2002,article,mutualist,P2,6,timing_title;final_reproduction_title;published_article_type,published_research_candidate,manual_biological_estimand_screen
doi:10.1080/15230430.2002.12003483,10.1080/15230430.2002.12003483,Relationships between Flowering Phenology and Fruit-set of Dwarf Shrubs in Alpine Fellfields in Northern Japan: A Comparison with a Subarctic Heathland in Northern Sweden,2002,article,mutualist,P2,6,timing_title;final_reproduction_title;published_article_type,published_research_candidate,manual_biological_estimand_screen
doi:10.3732/ajb.89.1.103,10.3732/ajb.89.1.103,"The effects of ultraviolet-B radiation and intraspecific competition on growth, pollination success, and lifetime female fitness in Phacelia campanularia and P. purshii (Hydrophyllaceae).",2002,Journal Article,mutualist,P2,6,identified_partner_title;final_reproduction_title;published_article_type,published_research_candidate,manual_biological_estimand_screen
doi:10.2307/2657110,10.2307/2657110,"Flowering phenology, display size, and fruit set in an understory dioecious shrub, Aucuba japonica (Cornaceae)",2001,article,mutualist,P2,6,timing_title;final_reproduction_title;published_article_type,published_research_candidate,manual_biological_estimand_screen
titleyear:flowering phenology display size and fruit set in an understory dioecious shrub aucuba japonica cornaceae|2001,,"Flowering phenology, display size, and fruit set in an understory dioecious shrub, Aucuba japonica (Cornaceae).",2001,Journal Article,mutualist,P2,6,timing_title;final_reproduction_title;published_article_type,published_research_candidate,manual_biological_estimand_screen
doi:10.1111/j.1744-7429.2001.tb00159.x,10.1111/j.1744-7429.2001.tb00159.x,Nocturnal Pollination by the Carpenter Bee Xylocopa tenuiscapa (Apidae) and the Effect of Floral Display on Fruit Set of Heterophragma quadriloculare (Bignoniaceae) in India1,2001,article,mutualist,P2,6,identified_partner_title;final_reproduction_title;published_article_type,published_research_candidate,manual_biological_estimand_screen
doi:10.1646/0006-3606(2001)033[0078:npbtcb]2.0.co;2,10.1646/0006-3606(2001)033[0078:npbtcb]2.0.co;2,Nocturnal Pollination by the Carpenter Bee Xylocopa tenuiscapa (Apidae) and the Effect of Floral Display on Fruit Set of Heterophragma quadriloculare (Bignoniaceae) in India1,2001,article,mutualist,P2,6,identified_partner_title;final_reproduction_title;published_article_type,published_research_candidate,manual_biological_estimand_screen
doi:10.1034/j.1600-0706.2001.950121.x,10.1034/j.1600-0706.2001.950121.x,Optimality modeling and fitness trade‐offs: when should plants become pollinator specialists?,2001,article,mutualist,P2,6,identified_partner_title;final_reproduction_title;published_article_type,published_research_candidate,manual_biological_estimand_screen
doi:10.1111/j.1744-7429.2001.tb00218.x,10.1111/j.1744-7429.2001.tb00218.x,"Phenology, Sexual Expression, and Reproductive Success of the Rare Neotropical Palm Geonoma epetiolata1",2001,article,mutualist,P2,6,timing_title;final_reproduction_title;published_article_type,published_research_candidate,manual_biological_estimand_screen
doi:10.1646/0006-3606(2001)033[0596:psears]2.0.co;2,10.1646/0006-3606(2001)033[0596:psears]2.0.co;2,"Phenology, Sexual Expression, and Reproductive Success of the Rare Neotropical Palm Geonoma epetiolata1",2001,article,mutualist,P2,6,timing_title;final_reproduction_title;published_article_type,published_research_candidate,manual_biological_estimand_screen
titleyear:fecundity fertility and phenology of white wax scale ceroplastes destructor newstead hemiptera coccidae on citrus and syzygium in south africa|2000,,"Fecundity, fertility and phenology of white wax scale, Ceroplastes destructor Newstead (Hemiptera: Coccidae), on Citrus and Syzygium in South Africa",2000,article,antagonist,P2,6,timing_title;final_reproduction_title;published_article_type,published_research_candidate,manual_biological_estimand_screen
doi:10.1111/j.0014-3820.2000.tb00012.x,10.1111/j.0014-3820.2000.tb00012.x,Phenotypic selection in hawkmoth-pollinated Platanthera bifolia: targets and fitness surfaces.,2000,Journal Article,mutualist,P2,6,identified_partner_title;final_reproduction_title;published_article_type,published_research_candidate,manual_biological_estimand_screen
doi:10.4039/ent132529-4,10.4039/ent132529-4,REPRODUCTION AND DEVELOPMENTAL PHENOLOGY OF IPS PERTURBATUS (COLEOPTERA: SCOLYTIDAE) INHABITING WHITE SPRUCE (PINACEAE),2000,article,antagonist,P2,6,timing_title;final_reproduction_title;published_article_type,published_research_candidate,manual_biological_estimand_screen
doi:10.31421/ijhs/6/1/76,10.31421/ijhs/6/1/76,The effect of the limitation of insect pollination period on the fruit set and yield of temperate-zone fruit tree species,2000,article,mutualist,P2,6,identified_partner_title;final_reproduction_title;published_article_type,published_research_candidate,manual_biological_estimand_screen
doi:10.1080/15230430.1999.12003298,10.1080/15230430.1999.12003298,Breeding System and Effects of Plant Size and Flowering Time on Reproductive Success in the Alpine Herb Saxifraga stellaris L.,1999,article,mutualist,P2,6,timing_title;final_reproduction_title;published_article_type,published_research_candidate,manual_biological_estimand_screen
doi:10.2307/1552609,10.2307/1552609,Breeding System and Effects of Plant Size and Flowering Time on Reproductive Success in the Alpine Herb Saxifraga stellaris L.,1999,article,mutualist,P2,6,timing_title;final_reproduction_title;published_article_type,published_research_candidate,manual_biological_estimand_screen
doi:10.1890/0012-9658(1999)080[0806:softaa]2.0.co;2,10.1890/0012-9658(1999)080[0806:softaa]2.0.co;2,SELECTION ON FLOWERING TIME: AN ADAPTIVE FITNESS SURFACE FOR NONEXISTENT CHARACTER COMBINATIONS,1999,article,mutualist,P2,6,timing_title;final_reproduction_title;published_article_type,published_research_candidate,manual_biological_estimand_screen
titleyear:fecundity phenology and seed dormancy of f1 wild crop hybrids in sunflower helianthus annuus asteraceae|1998,,"Fecundity, phenology, and seed dormancy of F1 wild-crop hybrids in Sunflower (Helianthus annuus, Asteraceae).",1998,Journal Article,antagonist,P2,6,timing_title;final_reproduction_title;published_article_type,published_research_candidate,manual_biological_estimand_screen
doi:10.2307/2446414,10.2307/2446414,"Fecundity, phenology, and seed dormancy of F1 wild–crop hybrids in sunflower (Helianthus annuus, Asteraceae)",1998,article,antagonist,P2,6,timing_title;final_reproduction_title;published_article_type,published_research_candidate,manual_biological_estimand_screen
doi:10.1111/j.1438-8677.1998.tb00691.x,10.1111/j.1438-8677.1998.tb00691.x,"Phenology, Seed Development, and Reproductive Success of an Alpine Population of Centianella germanica in Climatically Varying Years",1998,article,mutualist,P2,6,timing_title;final_reproduction_title;published_article_type,published_research_candidate,manual_biological_estimand_screen
doi:10.1023/a:1009798320049,10.1023/a:1009798320049,"Relationships between flowering phenology, plant size and reproductive success in shape Lotus corniculatus (Fabaceae)",1998,article,antagonist,P2,6,timing_title;final_reproduction_title;published_article_type,published_research_candidate,manual_biological_estimand_screen
doi:10.1086/297604,10.1086/297604,Reproductive Phenology and Reproductive Success of Teak (Tectona grandis L. F.),1998,article,mutualist,P2,6,timing_title;final_reproduction_title;published_article_type,published_research_candidate,manual_biological_estimand_screen
doi:10.1078/1433-8319-00053,10.1078/1433-8319-00053,The phenology of growth and reproduction in plants,1998,article,mutualist,P2,6,timing_title;final_reproduction_title;published_article_type,published_research_candidate,manual_biological_estimand_screen
doi:10.1111/plb.1997.46.4.365,10.1111/plb.1997.46.4.365,Impact of pollination and resource limitation on seed production in a border population of Spiranthes spiralis (Orchidaceae),1997,article,mutualist,P2,6,identified_partner_title;final_reproduction_title;published_article_type,published_research_candidate,manual_biological_estimand_screen
doi:10.1080/07929978.1996.10676657,10.1080/07929978.1996.10676657,"FRUITING PHENOLOGY AND FRUIT SET OF CAROB, CERATONIA SILIQUA L. (CESALPINACEAE)",1996,article,mutualist,P2,6,timing_title;final_reproduction_title;published_article_type,published_research_candidate,manual_biological_estimand_screen
doi:10.2307/2446202,10.2307/2446202,"Fruit Set in a Deceptive Orchid: The Effect of Flowering Phenology, Display Size, and Local Floral Abundance",1996,article,mutualist,P2,6,timing_title;final_reproduction_title;published_article_type,published_research_candidate,manual_biological_estimand_screen
doi:10.1002/j.1537-2197.1996.tb13899.x,10.1002/j.1537-2197.1996.tb13899.x,"Fruit set in a deceptive orchid: The effect of flowering phenology, display size, and local floral abundance",1996,article,mutualist,P2,6,timing_title;final_reproduction_title;published_article_type,published_research_candidate,manual_biological_estimand_screen
doi:10.1006/jare.1996.0078,10.1006/jare.1996.0078,"Predispersal reproductive ecology of an arid land crucifer,Moricandia moricandioides: effect of mammal herbivory on seed production",1996,article,antagonist;mutualist,P2,6,identified_partner_title;final_reproduction_title;published_article_type,published_research_candidate,manual_biological_estimand_screen
doi:10.1111/j.1438-8677.1996.tb00579.x,10.1111/j.1438-8677.1996.tb00579.x,Reproduction and Pollination in Central European Populations of Silene and Saponaria Species,1996,article,mutualist,P2,6,identified_partner_title;final_reproduction_title;published_article_type,published_research_candidate,manual_biological_estimand_screen
titleyear:reproduction of the rare riparian orchid spiranthes diluvialis pollination ecology variations in reproductive success and implications for conservation|1995,,"Reproduction of the Rare, Riparian Orchid Spiranthes diluvialis: Pollination Ecology, Variations in Reproductive Success, And Implications for Conservation",1995,article,mutualist,P2,6,identified_partner_title;final_reproduction_title;published_article_type,published_research_candidate,manual_biological_estimand_screen
doi:10.2307/1940726,10.2307/1940726,"Surfgrass (Phyllospadix Torreyi) Reproduction: Reproductive Phenology, Resource Allocation, and Male Rarity",1995,article,antagonist,P2,6,timing_title;final_reproduction_title;published_article_type,published_research_candidate,manual_biological_estimand_screen
doi:10.1093/jee/86.4.1094,10.1093/jee/86.4.1094,"Comparative Development, Reproduction, and Oviposition of Pink Bollworm (Lepidoptera: Gelechiidae) on a Resistant Okra-Leaf Cotton and Commercial Upland and Pima Cultivars",1993,article,antagonist,P2,6,identified_partner_title;final_reproduction_title;published_article_type,published_research_candidate,manual_biological_estimand_screen
doi:10.1006/bijl.1993.1047,10.1006/bijl.1993.1047,Do hermaphrodites of gynodioecious Phacelia linearis (Hydrophyllaceae) trade off seed production to attract pollinators?,1993,article,mutualist,P2,6,identified_partner_title;final_reproduction_title;published_article_type,published_research_candidate,manual_biological_estimand_screen
doi:10.1111/j.1095-8312.1993.tb00918.x,10.1111/j.1095-8312.1993.tb00918.x,Do hermaphrodites of gynodioecious Phacelia linearis (Hydrophyllaceae) trade off seed production to attract pollinators?,1993,article,mutualist,P2,6,identified_partner_title;final_reproduction_title;published_article_type,published_research_candidate,manual_biological_estimand_screen
doi:10.1093/jee/86.5.1464,10.1093/jee/86.5.1464,Fecundity and oviposition in laboratory colonies of the screwworm fly (Diptera: Calliphoridae).,1993,Journal Article,antagonist,P2,6,identified_partner_title;final_reproduction_title;published_article_type,published_research_candidate,manual_biological_estimand_screen
doi:10.1007/bf02515647,10.1007/bf02515647,"Pollination and factors limiting fruit set of chasmogamous flowers of an amphicapric annual, Polygonum thunbergii (Polygonaceae)",1993,article,mutualist,P2,6,identified_partner_title;final_reproduction_title;published_article_type,published_research_candidate,manual_biological_estimand_screen
doi:10.1002/j.1537-2197.1993.tb15368.x,10.1002/j.1537-2197.1993.tb15368.x,"Relationship between flowering time and fruit set of the entomophilous alpine shrub, Rhododendron aureum (Ericaceae), inhabiting snow patches",1993,article,mutualist,P2,6,timing_title;final_reproduction_title;published_article_type,published_research_candidate,manual_biological_estimand_screen
doi:10.2307/2445714,10.2307/2445714,"Relationships between Flowering Time and Fruit Set of the Entomophilous Alpine Shrub, Rhododendron aureum (Ericaceae), Inhabiting Snow Patches",1993,article,mutualist,P2,6,timing_title;final_reproduction_title;published_article_type,published_research_candidate,manual_biological_estimand_screen
doi:10.1086/297045,10.1086/297045,Flowering Phenology and Fruit Set of Petrocoptis grandiflora (Caryophyllaceae),1992,article,mutualist,P2,6,timing_title;final_reproduction_title;published_article_type,published_research_candidate,manual_biological_estimand_screen
titleyear:individual flowering time and maternal fecundity in a summer flowering mediterranean shrub making the right prediction for the wrong reason|1992,,Individual flowering time and maternal fecundity in a summer-flowering mediterranean shrub: making the right prediction for the wrong reason,1992,article,mutualist,P2,6,timing_title;final_reproduction_title;published_article_type,published_research_candidate,manual_biological_estimand_screen
doi:10.1080/00040851.1992.12002966,10.1080/00040851.1992.12002966,"Reproductive Ecology of Saxifraga oppositifolia : Phenology, Mating System, and Reproductive Success",1992,article,mutualist,P2,6,timing_title;final_reproduction_title;published_article_type,published_research_candidate,manual_biological_estimand_screen
doi:10.2307/1941563,10.2307/1941563,Lifetime Fitness and Evolution of Reproductive Pattern in the Herbivorous Lady Beetle,1991,article,antagonist,P2,6,identified_partner_title;final_reproduction_title;published_article_type,published_research_candidate,manual_biological_estimand_screen
doi:10.1007/bf00317750,10.1007/bf00317750,"Patterns of growth, reproduction, defense, and herbivory in the dioecious shrub Baccharis halimifolia (Compositae).",1990,Journal Article,antagonist,P2,6,identified_partner_title;final_reproduction_title;published_article_type,published_research_candidate,manual_biological_estimand_screen
doi:10.1111/j.1442-9993.1988.tb01418.x,10.1111/j.1442-9993.1988.tb01418.x,Pollination ecology of Christmas Bells (Blandfordia nobilis): Effects of pollen quantity and source on seed set,1988,article,mutualist,P2,6,identified_partner_title;final_reproduction_title;published_article_type,published_research_candidate,manual_biological_estimand_screen
doi:10.1007/bf00379468,10.1007/bf00379468,"Flowering phenology, floral display and reproductive success in dioecious, Aralia nudicaulis L. (Araliaceae).",1985,Journal Article,mutualist,P2,6,timing_title;final_reproduction_title;published_article_type,published_research_candidate,manual_biological_estimand_screen
doi:10.1139/b85-288,10.1139/b85-288,"Matacil insecticide spraying, pollinator mortality, and plant fecundity in New Brunswick forests",1985,article,mutualist,P2,6,identified_partner_title;final_reproduction_title;published_article_type,published_research_candidate,manual_biological_estimand_screen
titleyear:distribution of cocoa pollinating midges in relation to flowering and fruit set between shaded and sunny habitats of the la lola cocoa farm in costa rica|1983,,DISTRIBUTION OF COCOA-POLLINATING MIDGES IN RELATION TO FLOWERING AND FRUIT SET BETWEEN SHADED AND SUNNY HABITATS OF THE LA LOLA COCOA FARM IN COSTA RICA,1983,article,mutualist,P2,6,identified_partner_title;final_reproduction_title;published_article_type,published_research_candidate,manual_biological_estimand_screen
doi:10.1139/b81-244,10.1139/b81-244,"Sexual reproduction of Pinus contorta. I. Pollen development, the pollination mechanism, and early ovule development",1981,article,mutualist,P2,6,identified_partner_title;final_reproduction_title;published_article_type,published_research_candidate,manual_biological_estimand_screen
doi:10.2307/2398843,10.2307/2398843,The Role of Nectar Robbers and Pollinators in the Reproduction of Erythrina leptorhiza,1979,article,mutualist,P2,6,identified_partner_title;final_reproduction_title;published_article_type,published_research_candidate,manual_biological_estimand_screen
doi:10.2307/2484307,10.2307/2484307,Flowering Phenology and Seed Set in Claytonia virginica (Portulacaceae),1977,article,mutualist,P2,6,timing_title;final_reproduction_title;published_article_type,published_research_candidate,manual_biological_estimand_screen
doi:10.1111/1365-2656.70273,10.1111/1365-2656.70273,Drought and growing season phenology over 35 years modulates species interactions among domestic and wild herbivores.,2026,Journal Article,antagonist,P2,5,timing_title;identified_partner_title;published_article_type,published_research_candidate,manual_biological_estimand_screen
doi:10.1093/hr/uhag066,10.1093/hr/uhag066,Dual regime of flowering time and pollination enhances pollen tube development in Ziziphus.,2026,Journal Article,mutualist,P2,5,timing_title;identified_partner_title;published_article_type,published_research_candidate,manual_biological_estimand_screen
doi:10.1098/rspb.2026.0446,10.1098/rspb.2026.0446,No evidence of fine-scale local adaptation of winter moths to variable tree phenology.,2026,"Journal Article,Research Support, Non-U.S. Gov't",antagonist,P2,5,timing_title;identified_partner_title;published_article_type,published_research_candidate,manual_biological_estimand_screen
doi:10.1093/aob/mcag152,10.1093/aob/mcag152,"Old Lineage, New Insights: Phenology, pollination and reproductive traits of Vellozia species from cerrado savanna mountaintop grasslands.",2026,Journal Article,mutualist,P2,5,timing_title;identified_partner_title;published_article_type,published_research_candidate,manual_biological_estimand_screen
doi:10.1007/s00442-026-05954-x,10.1007/s00442-026-05954-x,Pollination niche overlap contributes to the maintenance of rare flowering species in alpine grasslands.,2026,Journal Article,mutualist,P2,5,timing_title;identified_partner_title;published_article_type,published_research_candidate,manual_biological_estimand_screen
doi:10.3390/horticulturae12091083,10.3390/horticulturae12091083,"Reproductive Constraints in Camellia gauchowensis: Insights from Flowering Phenology, Pollen Traits and Pollinator Activity",2026,article,mutualist,P2,5,timing_title;identified_partner_title;published_article_type,published_research_candidate,manual_biological_estimand_screen
doi:10.51470/plantarchives.2026.v26.no.1.244,10.51470/plantarchives.2026.v26.no.1.244,TEMPORAL SYNCHRONY OF STIGMA RECEPTIVITY AND POLLINATION: IMPLICATIONS FOR YIELD AND QUALITY IN OKRA (ABELMOSCHUS ESCULENTUS L. MOENCH) HYBRIDS,2026,article,mutualist,P2,5,timing_title;identified_partner_title;published_article_type,published_research_candidate,manual_biological_estimand_screen
doi:10.1038/s41598-025-06976-w,10.1038/s41598-025-06976-w,"Climate change will cause the spatial mismatch between sexually deceptive beetle daisy (Gorteria diffusa, Asteraceae) and its pollinator.",2025,Journal Article,mutualist,P2,5,timing_title;identified_partner_title;published_article_type,published_research_candidate,manual_biological_estimand_screen
doi:10.1111/1365-2435.70090,10.1111/1365-2435.70090,Climate‐induced shifts in long‐term tropical tree reproductive phenology: Insights from species dependent on and independent of biotic pollination,2025,article,mutualist,P2,5,timing_title;identified_partner_title;published_article_type,published_research_candidate,manual_biological_estimand_screen
doi:10.1038/s41437-025-00777-7,10.1038/s41437-025-00777-7,Differences in gene expression and genetic variation underlying preference-performance mismatches: insights from a specialized native herbivore on an invasive toxic plant.,2025,"Journal Article,Research Support, Non-U.S. Gov't",antagonist,P2,5,timing_title;identified_partner_title;published_article_type,published_research_candidate,manual_biological_estimand_screen
doi:10.1111/aab.70044,10.1111/aab.70044,Flowering synchrony and cultivar compatibility as key factors for optimising sweet cherry pollination and production,2025,article,mutualist,P2,5,timing_title;identified_partner_title;published_article_type,published_research_candidate,manual_biological_estimand_screen
doi:10.1007/s11252-025-01737-z,10.1007/s11252-025-01737-z,High modularity of plant-pollinator interactions in an urban garden is driven by phenological continuity and flower morphology,2025,article,mutualist,P2,5,timing_title;identified_partner_title;published_article_type,published_research_candidate,manual_biological_estimand_screen
doi:10.3390/su17219638,10.3390/su17219638,"If You Plant It, Will They Come? Flowering Phenology, Breeding System, and Pollination Ecology of the Threatened Texas Endemic Hibiscus dasycalyx in Natural and Experimental Populations",2025,article,mutualist,P2,5,timing_title;identified_partner_title;published_article_type,published_research_candidate,manual_biological_estimand_screen
doi:10.1590/1413-7054202549010725,10.1590/1413-7054202549010725,"Impact of environmental factors and sowing date on flowering phenology, pollinator behavior, and buckwheat yield",2025,article,mutualist,P2,5,timing_title;identified_partner_title;published_article_type,published_research_candidate,manual_biological_estimand_screen
doi:10.1016/j.flora.2025.152829,10.1016/j.flora.2025.152829,"Phenology, floral biology, morphology and hawkmoth pollination of Calliandra magdalenae (Fabaceae) in modified landscapes of the Soconusco region, Mexico",2025,article,mutualist,P2,5,timing_title;identified_partner_title;published_article_type,published_research_candidate,manual_biological_estimand_screen
doi:10.1093/jpe/rtaf048,10.1093/jpe/rtaf048,Shifts in plant reproductive phenology induced by multiple global change factors depend on phenological niche and pollination mode,2025,article,mutualist,P2,5,timing_title;identified_partner_title;published_article_type,published_research_candidate,manual_biological_estimand_screen
doi:10.1086/732763,10.1086/732763,Bee Phenological Distributions Predicted by Inferring Vital Rates.,2024,Journal Article,mutualist,P2,5,timing_title;identified_partner_title;published_article_type,published_research_candidate,manual_biological_estimand_screen
doi:10.14719/pst.4872,10.14719/pst.4872,Floral phenology and standardization of hand pollination of Clove (Syzygium aromaticum (L.) Merr. & Perry),2024,article,mutualist,P2,5,timing_title;identified_partner_title;published_article_type,published_research_candidate,manual_biological_estimand_screen
doi:10.1134/s1062359023606341,10.1134/s1062359023606341,"Flowering Phenology and Pollination Process of Liparis gigantea (Orchidaceae) in Guangxi, China",2024,article,mutualist,P2,5,timing_title;identified_partner_title;published_article_type,published_research_candidate,manual_biological_estimand_screen
doi:10.1111/oik.10477,10.1111/oik.10477,Flowering synchrony modulates pollinator sharing and places plant individuals along a competition–facilitation continuum,2024,article,mutualist,P2,5,timing_title;identified_partner_title;published_article_type,published_research_candidate,manual_biological_estimand_screen
doi:10.1002/ece3.10865,10.1002/ece3.10865,Harem size should be measured by more than the sum of its parts: Phenology-based measurements reveal joint effects of intrinsic and extrinsic factors on a polygamous herbivore under non-stationary climatic conditions.,2024,Journal Article,antagonist,P2,5,timing_title;identified_partner_title;published_article_type,published_research_candidate,manual_biological_estimand_screen
doi:10.1111/jbi.14804,10.1111/jbi.14804,Moving with your mutualist: Predicted climate‐induced mismatch between Proteaceae species and their avian pollinators,2024,article,mutualist,P2,5,timing_title;identified_partner_title;published_article_type,published_research_candidate,manual_biological_estimand_screen
doi:10.1093/jisesa/ieae102,10.1093/jisesa/ieae102,"Phenology, voltinism, and brood development of Xylosandrus (Coleoptera: Curculionidae) ambrosia beetles in New York.",2024,Journal Article,antagonist,P2,5,timing_title;identified_partner_title;published_article_type,published_research_candidate,manual_biological_estimand_screen
doi:10.1111/1365-2435.14674,10.1111/1365-2435.14674,Pollination‐related plant traits under environmental changes: Seasonal and daily mismatches produce temporal constraints,2024,article,mutualist,P2,5,timing_title;identified_partner_title;published_article_type,published_research_candidate,manual_biological_estimand_screen
doi:10.3389/frbee.2024.1383589,10.3389/frbee.2024.1383589,Range and trophic niche overlap of two sympatric species of floral oil collecting bees in a fragment of dry forest,2024,article,mutualist,P2,5,timing_title;identified_partner_title;published_article_type,published_research_candidate,manual_biological_estimand_screen
doi:10.3390/plants12193347,10.3390/plants12193347,Flowering Time Variation in Two Sympatric Tree Species Contributes to Avoid Competition for Pollinator Services.,2023,Journal Article,mutualist,P2,5,timing_title;identified_partner_title;published_article_type,published_research_candidate,manual_biological_estimand_screen
doi:10.1111/1365-2435.14282,10.1111/1365-2435.14282,"Flowers of a South African succulent plant predict tomorrow's weather, synchronizing flower opening with pollinator activity",2023,article,mutualist,P2,5,timing_title;identified_partner_title;published_article_type,published_research_candidate,manual_biological_estimand_screen
doi:10.1093/jpe/rtad024,10.1093/jpe/rtad024,Variations in pollinator-mediated selection of floral traits across flowering times,2023,article,mutualist,P2,5,timing_title;identified_partner_title;published_article_type,published_research_candidate,manual_biological_estimand_screen
doi:10.1002/ece3.9131,10.1002/ece3.9131,Eastern monarch larval performance may not be affected by shifts in phenological synchrony with milkweed.,2022,Journal Article,antagonist,P2,5,explicit_matching_title;published_article_type,published_research_candidate,manual_biological_estimand_screen
doi:10.1111/1440-1703.12314,10.1111/1440-1703.12314,Outcrossing syndrome in alpine plants: Implications for flowering phenology and pollination success,2022,article,mutualist,P2,5,timing_title;identified_partner_title;published_article_type,published_research_candidate,manual_biological_estimand_screen
doi:10.1111/aec.13206,10.1111/aec.13206,Phenological asynchrony between sexes of Restionaceae can explain culm δ13C differences,2022,article,mutualist,P2,5,explicit_matching_title;published_article_type,published_research_candidate,manual_biological_estimand_screen
doi:10.26076/1cf6-9b0f,10.26076/1cf6-9b0f,A Phenological Model for a Southern Population of Mountain Pine Beetle,2021,article,antagonist,P2,5,timing_title;identified_partner_title;published_article_type,published_research_candidate,manual_biological_estimand_screen
doi:10.17520/biods.2020196,10.17520/biods.2020196,"Effect of climate change on the distribution and phenology of plants, insect pollinators, and their interactions",2021,article,mutualist,P2,5,timing_title;identified_partner_title;published_article_type,published_research_candidate,manual_biological_estimand_screen
doi:10.1111/fwb.13718,10.1111/fwb.13718,Hydrological controls on oviposition habitat are associated with egg‐laying phenology of some caddisflies,2021,article,antagonist,P2,5,timing_title;identified_partner_title;published_article_type,published_research_candidate,manual_biological_estimand_screen
doi:10.1002/ece3.8055,10.1002/ece3.8055,Network robustness and structure depend on the phenological characteristics of plants and pollinators.,2021,Journal Article,mutualist,P2,5,timing_title;identified_partner_title;published_article_type,published_research_candidate,manual_biological_estimand_screen
doi:10.1002/evl3.222,10.1002/evl3.222,Vertebrate herbivory weakens directional selection for earlier emergence in competition.,2021,Journal Article,antagonist,P2,5,timing_title;identified_partner_title;published_article_type,published_research_candidate,manual_biological_estimand_screen
doi:10.1007/s10886-020-01235-w,10.1007/s10886-020-01235-w,Volatile and Semi-Volatile Organic Compounds May Help Reduce Pollinator-Prey Overlap in the Carnivorous Plant Drosophyllum lusitanicum (Drosophyllaceae).,2021,"Comparative Study,Journal Article",mutualist,P2,5,timing_title;identified_partner_title;published_article_type,published_research_candidate,manual_biological_estimand_screen
doi:10.3389/fpls.2020.594538,10.3389/fpls.2020.594538,Flowering Phenology and the Influence of Seasonality in Flower Conspicuousness for Bees.,2020,Journal Article,mutualist,P2,5,timing_title;identified_partner_title;published_article_type,published_research_candidate,manual_biological_estimand_screen
doi:10.1111/gcb.15303,10.1111/gcb.15303,Heated rivalries: Phenological variation modifies competition for pollinators among arctic plants.,2020,Journal Article,mutualist,P2,5,timing_title;identified_partner_title;published_article_type,published_research_candidate,manual_biological_estimand_screen
doi:10.1016/j.agrformet.2020.108140,10.1016/j.agrformet.2020.108140,What drives phenological synchrony? Warm springs advance and desynchronize flowering in oaks,2020,article,mutualist,P2,5,explicit_matching_title;published_article_type,published_research_candidate,manual_biological_estimand_screen
doi:10.1111/evo.13683,10.1111/evo.13683,Cascading reproductive isolation: Plant phenology drives temporal isolation among populations of a host-specific herbivore.,2019,Journal Article,antagonist,P2,5,timing_title;identified_partner_title;published_article_type,published_research_candidate,manual_biological_estimand_screen
doi:10.1086/705607,10.1086/705607,Differences in Flowering Phenology Are Likely Not the Product of Competition for Pollination inClarkiaCommunities,2019,article,mutualist,P2,5,timing_title;identified_partner_title;published_article_type,published_research_candidate,manual_biological_estimand_screen
doi:10.1002/ecm.1389,10.1002/ecm.1389,Disentangling herbivore impacts in primary succession by refocusing the plant stress and vigor hypotheses on phenology,2019,article,antagonist,P2,5,timing_title;identified_partner_title;published_article_type,published_research_candidate,manual_biological_estimand_screen
doi:10.1111/jse.12554,10.1111/jse.12554,Diversification of floral orientation in Lonicera is associated with pollinator shift and flowering phenology,2019,article,mutualist,P2,5,timing_title;identified_partner_title;published_article_type,published_research_candidate,manual_biological_estimand_screen
doi:10.3390/d11050078,10.3390/d11050078,Do Local Environmental Factors and Lunar Cycle Influence Timing and Synchrony of Oviposition of a Turtle with Strict Nocturnal Nesting?,2019,article,antagonist,P2,5,timing_title;identified_partner_title;published_article_type,published_research_candidate,manual_biological_estimand_screen
doi:10.1111/1365-2745.13277,10.1111/1365-2745.13277,Mismatches between the resources for adult herbivores and their offspring suggest invasive Spartina alterniflora is an ecological trap,2019,article,antagonist,P2,5,timing_title;identified_partner_title;published_article_type,published_research_candidate,manual_biological_estimand_screen
doi:10.1111/1365-2745.13191,10.1111/1365-2745.13191,Phenological mismatch between season advancement and migration timing alters Arctic plant traits,2019,article,antagonist,P2,5,explicit_matching_title;published_article_type,published_research_candidate,manual_biological_estimand_screen
doi:10.14411/eje.2019.035,10.14411/eje.2019.035,Pupal traits and adult emergence in the pine processionary moth Thaumetopoea pityocampa (Lepidoptera: Notodontidae) are affected by pupal density,2019,article,antagonist,P2,5,timing_title;identified_partner_title;published_article_type,published_research_candidate,manual_biological_estimand_screen
doi:10.1111/1365-2656.12952,10.1111/1365-2656.12952,Resource overlap and dilution effects shape host plant use in a myrmecophilous butterfly.,2019,"Journal Article,Research Support, Non-U.S. Gov't",antagonist,P2,5,timing_title;identified_partner_title;published_article_type,published_research_candidate,manual_biological_estimand_screen
doi:10.1007/s00442-019-04377-1,10.1007/s00442-019-04377-1,Seasonal timing in honey bee colonies: phenology shifts affect honey stores and varroa infestation levels.,2019,Journal Article,mutualist,P2,5,timing_title;identified_partner_title;published_article_type,published_research_candidate,manual_biological_estimand_screen
doi:10.1093/aob/mcz079,10.1093/aob/mcz079,Spatio-temporal effects of climate change on the geographical distribution and flowering phenology of hummingbird-pollinated plants.,2019,"Journal Article,Research Support, Non-U.S. Gov't",mutualist,P2,5,timing_title;identified_partner_title;published_article_type,published_research_candidate,manual_biological_estimand_screen
doi:10.1016/j.cub.2018.05.077,10.1016/j.cub.2018.05.077,Arctic Geese Tune Migration to a Warming Climate but Still Suffer from a Phenological Mismatch,2018,article,antagonist,P2,5,explicit_matching_title;published_article_type,published_research_candidate,manual_biological_estimand_screen
doi:10.7717/peerj.5269,10.7717/peerj.5269,"Climate-induced phenological shift of apple trees has diverse effects on pollinators, herbivores and natural enemies.",2018,Journal Article,antagonist;mutualist,P2,5,timing_title;identified_partner_title;published_article_type,published_research_candidate,manual_biological_estimand_screen
doi:10.5061/dryad.tv8v1d6,10.5061/dryad.tv8v1d6,Data from: Experimental warming in the field delays phenology and reduces body mass and survival: implications for the persistence of a pollinator under climate change,2018,article,mutualist,P2,5,timing_title;identified_partner_title;published_article_type,published_research_candidate,manual_biological_estimand_screen
doi:10.5061/dryad.p3q2rq1,10.5061/dryad.p3q2rq1,Data from: Resource overlap and dilution effects shape host plant use in a myrmecophilous butterfly,2018,article,antagonist,P2,5,timing_title;identified_partner_title;published_article_type,published_research_candidate,manual_biological_estimand_screen
doi:10.1111/1365-2435.13151,10.1111/1365-2435.13151,"Experimental warming in the field delays phenology and reduces body mass, fat content and survival: Implications for the persistence of a pollinator under climate change",2018,article,mutualist,P2,5,timing_title;identified_partner_title;published_article_type,published_research_candidate,manual_biological_estimand_screen
doi:10.1098/rspb.2018.1072,10.1098/rspb.2018.1072,Latitudinal pattern of flowering synchrony in an invasive wind-pollinated plant.,2018,"Journal Article,Research Support, Non-U.S. Gov't",mutualist,P2,5,timing_title;identified_partner_title;published_article_type,published_research_candidate,manual_biological_estimand_screen
doi:10.1007/s10530-018-1767-3,10.1007/s10530-018-1767-3,"Non-native plants affect generalist pollinator diet overlap and foraging behavior indirectly, via impacts on native plant abundance",2018,article,mutualist,P2,5,timing_title;identified_partner_title;published_article_type,published_research_candidate,manual_biological_estimand_screen
doi:10.24823/sibbaldia.2018.251,10.24823/sibbaldia.2018.251,"Pollination, Mating System, Phenology and Characterisation of Medinilla multiflora Merr. (Melastomataceae) on Mt Makiling, Philippines",2018,article,mutualist,P2,5,timing_title;identified_partner_title;published_article_type,published_research_candidate,manual_biological_estimand_screen
titleyear:timing of colony phenology and foraging activity in honey bees|2018,,Timing of colony phenology and foraging activity in honey bees,2018,article,mutualist,P2,5,timing_title;identified_partner_title;published_article_type,published_research_candidate,manual_biological_estimand_screen
doi:10.1371/journal.pone.0171807,10.1371/journal.pone.0171807,Advancing the match-mismatch framework for large herbivores in the Arctic: Evaluating the evidence for a trophic mismatch in caribou.,2017,Journal Article,antagonist,P2,5,timing_title;identified_partner_title;published_article_type,published_research_candidate,manual_biological_estimand_screen
doi:10.1002/ece3.2859,10.1002/ece3.2859,"Forage plants of an Arctic-nesting herbivore show larger warming response in breeding than wintering grounds, potentially disrupting migration phenology.",2017,Journal Article,antagonist,P2,5,timing_title;identified_partner_title;published_article_type,published_research_candidate,manual_biological_estimand_screen
doi:10.1002/ece3.3258,10.1002/ece3.3258,Phenotypic selection on flowering phenology and pollination efficiency traits between Primula populations with different pollinator assemblages.,2017,Journal Article,mutualist,P2,5,timing_title;identified_partner_title;published_article_type,published_research_candidate,manual_biological_estimand_screen
doi:10.1038/s41598-017-13340-0,10.1038/s41598-017-13340-0,Pollinator-mediated selection on flowering phenology and floral display in a distylous herb Primula alpicola.,2017,"Journal Article,Research Support, Non-U.S. Gov't",antagonist;mutualist,P2,5,timing_title;identified_partner_title;published_article_type,published_research_candidate,manual_biological_estimand_screen
doi:10.3398/064.077.0310,10.3398/064.077.0310,"Reproductive Strategies Matter for Rare Plant Conservation: Pollination, Phenology, and Mating in an Endemic Plant of the Sky Islands of Arizona,Erigeron lemmoniiA. Gray (Lemmon's Fleabane) (Asteraceae)",2017,article,mutualist,P2,5,timing_title;identified_partner_title;published_article_type,published_research_candidate,manual_biological_estimand_screen
doi:10.1016/j.jinsphys.2016.10.002,10.1016/j.jinsphys.2016.10.002,Synergistic effect of daily temperature fluctuations and matching light-dark cycle enhances population growth and synchronizes oviposition behavior in a soil arthropod.,2017,"Journal Article,Research Support, Non-U.S. Gov't",antagonist,P2,5,timing_title;identified_partner_title;published_article_type,published_research_candidate,manual_biological_estimand_screen
titleyear:temperature dependent phenology and growth potential of the andean potato tuber moth symmetrischema tangolias gyen lep gelechiidae|2017,,"Temperature-dependent phenology and growth potential of the Andean potato tuber moth, Symmetrischema tangolias (Gyen) (Lep., Gelechiidae)",2017,article,antagonist,P2,5,timing_title;identified_partner_title;published_article_type,published_research_candidate,manual_biological_estimand_screen
doi:10.4462/annbotrm-13160,10.4462/annbotrm-13160,"FLOWERING PHENOLOGY, BREEDING SYSTEM, POLLINATORS AND FRUITING BEHAVIOUR OF PAVETTA TOMENTOSA (RUBIACEAE) ROXB. EX SM., A KEYSTONE SHRUB SPECIES IN THE SOUTHERN EASTERN GHATS FOREST, ANDHRA PRADESH, INDIA",2016,article,mutualist,P2,5,timing_title;identified_partner_title;published_article_type,published_research_candidate,manual_biological_estimand_screen
doi:10.1080/0028825x.2016.1147470,10.1080/0028825x.2016.1147470,"Flowers, phenology and pollination of the endemic New Zealand greenhood orchid Pterostylis brumalis",2016,article,mutualist,P2,5,timing_title;identified_partner_title;published_article_type,published_research_candidate,manual_biological_estimand_screen
doi:10.1111/oik.03815,10.1111/oik.03815,Maternal winter body mass and not spring phenology determine annual calf production in an Arctic herbivore,2016,article,antagonist,P2,5,timing_title;identified_partner_title;published_article_type,published_research_candidate,manual_biological_estimand_screen
doi:10.1371/journal.pone.0164177,10.1371/journal.pone.0164177,Overlapping Leaves Covering Flowers in the Alpine Species Eriophyton wallichii (Lamiaceae): Key Driving Factors and Their Potential Impact on Pollination,2016,article,mutualist,P2,5,timing_title;identified_partner_title;published_article_type,published_research_candidate,manual_biological_estimand_screen
doi:10.1111/jen.12321,10.1111/jen.12321,"Temperature‐dependent phenology and growth potential of the Andean potato tuber moth, Symmetrischema tangolias (Gyen) (Lep., Gelechiidae)",2016,article,antagonist,P2,5,timing_title;identified_partner_title;published_article_type,published_research_candidate,manual_biological_estimand_screen
doi:10.1890/15-1454.1,10.1890/15-1454.1,Tolerance and phenological avoidance of herbivory in tarweed species.,2016,Journal Article,antagonist,P2,5,timing_title;identified_partner_title;published_article_type,published_research_candidate,manual_biological_estimand_screen
doi:10.1186/s12862-016-0709-x,10.1186/s12862-016-0709-x,Why stay in a bad relationship? The effect of local host phenology on a generalist butterfly feeding on a low-ranked host.,2016,Journal Article,antagonist,P2,5,timing_title;identified_partner_title;published_article_type,published_research_candidate,manual_biological_estimand_screen
doi:10.1371/journal.pone.0121821,10.1371/journal.pone.0121821,Accelerated and synchronized oviposition induced by flight of young females may intensify larval outbreaks of the rice leaf roller.,2015,"Journal Article,Research Support, Non-U.S. Gov't",antagonist,P2,5,timing_title;identified_partner_title;published_article_type,published_research_candidate,manual_biological_estimand_screen
doi:10.1371/journal.pone.0130988,10.1371/journal.pone.0130988,Asynchrony between Host Plant and Insects-Defoliator within a Tritrophic System: The Role of Herbivore Innate Immunity.,2015,"Journal Article,Research Support, Non-U.S. Gov't",antagonist,P2,5,timing_title;identified_partner_title;published_article_type,published_research_candidate,manual_biological_estimand_screen
doi:10.1111/jeb.12589,10.1111/jeb.12589,Latitudinal variation in resistance and tolerance to herbivory in the perennial herb Lythrum salicaria is related to intensity of herbivory and plant phenology.,2015,"Journal Article,Research Support, Non-U.S. Gov't",antagonist,P2,5,timing_title;identified_partner_title;published_article_type,published_research_candidate,manual_biological_estimand_screen
doi:10.3732/ajb.1500073,10.3732/ajb.1500073,Sexual dimorphism in floral longevity and flowering synchrony in relation to pollination and mating success in three dioecious Ilex species.,2015,Journal Article,mutualist,P2,5,timing_title;identified_partner_title;published_article_type,published_research_candidate,manual_biological_estimand_screen
doi:10.1111/1365-2656.12417,10.1111/1365-2656.12417,The developmental race between maturing host plants and their butterfly herbivore - the influence of phenological matching and temperature.,2015,"Journal Article,Research Support, Non-U.S. Gov't",antagonist,P2,5,timing_title;identified_partner_title;published_article_type,published_research_candidate,manual_biological_estimand_screen
doi:10.1890/15-1454,10.1890/15-1454,Tolerance and phenological avoidance of herbivory in tarweed species,2015,article,antagonist,P2,5,timing_title;identified_partner_title;published_article_type,published_research_candidate,manual_biological_estimand_screen
doi:10.1111/gcb.13057,10.1111/gcb.13057,Trophic mismatch and its effects on the growth of young in an Arctic herbivore.,2015,"Journal Article,Research Support, Non-U.S. Gov't",antagonist,P2,5,timing_title;identified_partner_title;published_article_type,published_research_candidate,manual_biological_estimand_screen
doi:10.15517/rbt.v54i3.14074,10.15517/rbt.v54i3.14074,Is the inverse leafing phenology of the dry forest understory shrub Jacquinia nervosa (Theophrastaceae) a strategy to escape herbivory?,2014,article,antagonist,P2,5,timing_title;identified_partner_title;published_article_type,published_research_candidate,manual_biological_estimand_screen
doi:10.1111/oik.01386,10.1111/oik.01386,Plant–pollinator interactions and phenological change: what can we learn about climate impacts from experiments and observations?,2014,article,mutualist,P2,5,timing_title;identified_partner_title;published_article_type,published_research_candidate,manual_biological_estimand_screen
doi:10.1155/2013/350157,10.1155/2013/350157,"Annual variation in flowering phenology, pollination, mating system, and pollen yield in two natural populations of Schima wallichii (DC.) Korth.",2013,"Comparative Study,Journal Article,Research Support, Non-U.S. Gov't",mutualist,P2,5,timing_title;identified_partner_title;published_article_type,published_research_candidate,manual_biological_estimand_screen
titleyear:reproductive phenology and pollination biology of madhuca neriifolia in wet evergreen forest of western ghats south india|2013,,"Reproductive Phenology and Pollination Biology of Madhuca Neriifolia in Wet Evergreen Forest of Western Ghats, South India",2013,article,mutualist,P2,5,timing_title;identified_partner_title;published_article_type,published_research_candidate,manual_biological_estimand_screen
titleyear:reproductive phenology flower biology and pollination in jamun syzygium cuminii l|2012,,"Reproductive phenology, flower biology and pollination in jamun (Syzygium cuminii L.)",2012,article,mutualist,P2,5,timing_title;identified_partner_title;published_article_type,published_research_candidate,manual_biological_estimand_screen
doi:10.1111/j.1365-2745.2011.01941.x,10.1111/j.1365-2745.2011.01941.x,Stabilizing selection for within‐season flowering phenology confirms pollen limitation in a wind‐pollinated tree,2012,article,mutualist,P2,5,timing_title;identified_partner_title;published_article_type,published_research_candidate,manual_biological_estimand_screen
doi:10.1371/journal.pone.0031562,10.1371/journal.pone.0031562,Synchronized oviposition triggered by migratory flight intensifies larval outbreaks of beet webworm.,2012,"Journal Article,Research Support, Non-U.S. Gov't",antagonist,P2,5,timing_title;identified_partner_title;published_article_type,published_research_candidate,manual_biological_estimand_screen
doi:10.1111/j.1752-4598.2012.00189.x,10.1111/j.1752-4598.2012.00189.x,The contribution of plant species with a steady‐state flowering phenology to native bee conservation and bee pollination services,2012,article,mutualist,P2,5,timing_title;identified_partner_title;published_article_type,published_research_candidate,manual_biological_estimand_screen
doi:10.1016/j.anbehav.2011.07.011,10.1016/j.anbehav.2011.07.011,To lay or not to lay: oviposition of Maculinea arion in relation to Myrmica ant presence and host plant phenology,2011,article,antagonist,P2,5,timing_title;identified_partner_title;published_article_type,published_research_candidate,manual_biological_estimand_screen
doi:10.1111/j.1365-2311.2010.01178.x,10.1111/j.1365-2311.2010.01178.x,Mismatch between the timing of oviposition and the seasonal optimum. The stochastic phenology of Mediterranean acorn weevils,2010,article,antagonist,P2,5,timing_title;identified_partner_title;published_article_type,published_research_candidate,manual_biological_estimand_screen
doi:10.1007/s11056-010-9239-3,10.1007/s11056-010-9239-3,"Phenology, pollination and breeding system of Aegle marmelos (Linn.) correa (Rutaceae) from India",2010,article,mutualist,P2,5,timing_title;identified_partner_title;published_article_type,published_research_candidate,manual_biological_estimand_screen
doi:10.1111/j.1438-8677.2009.00222.x,10.1111/j.1438-8677.2009.00222.x,"Pollination ecology of Isoglossa woodii, a long-lived, synchronously monocarpic herb from coastal forests in South Africa.",2010,"Journal Article,Research Support, Non-U.S. Gov't",mutualist,P2,5,timing_title;identified_partner_title;published_article_type,published_research_candidate,manual_biological_estimand_screen
doi:10.1016/j.jtbi.2010.08.023,10.1016/j.jtbi.2010.08.023,Pollinator coupling can induce synchronized flowering in different plant species.,2010,"Journal Article,Research Support, Non-U.S. Gov't",mutualist,P2,5,timing_title;identified_partner_title;published_article_type,published_research_candidate,manual_biological_estimand_screen
doi:10.1111/j.1558-5646.2009.00624.x,10.1111/j.1558-5646.2009.00624.x,Pollinator-mediated selection on floral display and flowering time in the perennial herb Arabidopsis lyrata.,2009,"Journal Article,Research Support, Non-U.S. Gov't",mutualist,P2,5,timing_title;identified_partner_title;published_article_type,published_research_candidate,manual_biological_estimand_screen
doi:10.1071/bt05106,10.1071/bt05106,Floral phenology in relation to pollination and reproductive output in Commelina caroliniana (Commelinaceae),2008,article,mutualist,P2,5,timing_title;identified_partner_title;published_article_type,published_research_candidate,manual_biological_estimand_screen
titleyear:flowering phenology and pollination success of an endangered plant sinocalycanthus chinensis|2008,,Flowering phenology and pollination success of an endangered plant Sinocalycanthus chinensis,2008,article,mutualist,P2,5,timing_title;identified_partner_title;published_article_type,published_research_candidate,manual_biological_estimand_screen
doi:10.1111/j.1365-2486.2008.01804.x,10.1111/j.1365-2486.2008.01804.x,Keeping up with early springs: rapid range expansion in an avian herbivore incurs a mismatch between reproductive timing and food supply,2008,article,antagonist,P2,5,timing_title;identified_partner_title;published_article_type,published_research_candidate,manual_biological_estimand_screen
doi:10.1016/j.flora.2008.01.003,10.1016/j.flora.2008.01.003,"Phenology, pollination, and breeding system of the threatened tree Caesalpinia echinata Lam. (Fabaceae), and a review of studies on the reproductive biology in the genus",2008,article,mutualist,P2,5,timing_title;identified_partner_title;published_article_type,published_research_candidate,manual_biological_estimand_screen
doi:10.1007/s11258-008-9493-z,10.1007/s11258-008-9493-z,"Significance of intra-inflorescence variation on flowering time of a spring ephemeral, Gagea lutea (Liliaceae), under seasonal fluctuations of pollinator and light availabilities",2008,article,mutualist,P2,5,timing_title;identified_partner_title;published_article_type,published_research_candidate,manual_biological_estimand_screen
doi:10.1055/s-2006-924543,10.1055/s-2006-924543,Phenology and pollination biology of eight Peperomia species (Piperaceae) in semideciduous forests in southeastern Brazil.,2007,"Journal Article,Research Support, Non-U.S. Gov't",mutualist,P2,5,timing_title;identified_partner_title;published_article_type,published_research_candidate,manual_biological_estimand_screen
doi:10.1111/j.1744-7429.2006.00249.x,10.1111/j.1744-7429.2006.00249.x,Phenology of Plumeria alba and its Herbivores in a Tropical Dry Forest,2007,article,antagonist,P2,5,timing_title;identified_partner_title;published_article_type,published_research_candidate,manual_biological_estimand_screen
doi:10.1111/j.1365-2486.2007.01400.x,10.1111/j.1365-2486.2007.01400.x,"Predicting adaptation of phenology in response to climate change, an insect herbivore example",2007,article,antagonist,P2,5,timing_title;identified_partner_title;published_article_type,published_research_candidate,manual_biological_estimand_screen
doi:10.1111/j.0030-1299.2006.13855.x,10.1111/j.0030-1299.2006.13855.x,Are polyphagous geometrid moths with flightless females adapted to budburst phenology of local host species?,2006,article,antagonist,P2,5,timing_title;identified_partner_title;published_article_type,published_research_candidate,manual_biological_estimand_screen
titleyear:is the inverse leafing phenology of the dry forest understory shrub jacquinia nervosa theophrastaceae a strategy to escape herbivory|2006,,Is the inverse leafing phenology of the dry forest understory shrub Jacquinia nervosa (Theophrastaceae) a strategy to escape herbivory?,2006,article,antagonist,P2,5,timing_title;identified_partner_title;published_article_type,published_research_candidate,manual_biological_estimand_screen
doi:10.1515/sg-2006-0021,10.1515/sg-2006-0021,Phenology and Control Pollination Studies in Casuarina equisetifolia Forst,2006,article,mutualist,P2,5,timing_title;identified_partner_title;published_article_type,published_research_candidate,manual_biological_estimand_screen
doi:10.1111/j.1461-9563.2006.00294.x,10.1111/j.1461-9563.2006.00294.x,"Phenology of Eucalyptus weevil, Gonipterus scutellatus Gyllenhal (Coleoptera: Curculionidae), and chrysomelid beetles in Eucalyptus globulus plantations in south‐western Australia",2006,article,antagonist,P2,5,timing_title;identified_partner_title;published_article_type,published_research_candidate,manual_biological_estimand_screen
doi:10.1080/00359190409519162,10.1080/00359190409519162,Synchrony of pollinators and plants in the winter rainfall area of South Africa—observations from a drought year,2004,article,mutualist,P2,5,timing_title;identified_partner_title;published_article_type,published_research_candidate,manual_biological_estimand_screen
doi:10.1007/s00442-003-1276-6,10.1007/s00442-003-1276-6,Flowering phenology and compensation for herbivory in Ipomopsis aggregata.,2003,"Journal Article,Research Support, Non-U.S. Gov't,Research Support, U.S. Gov't, Non-P.H.S.",antagonist;mutualist,P2,5,timing_title;identified_partner_title;published_article_type,published_research_candidate,manual_biological_estimand_screen
doi:10.1023/b:appa.0000010385.00864.28,10.1023/b:appa.0000010385.00864.28,Oviposition model of overwintered adult Tetranychus urticae (Acari: Tetranychidae) and mite phenology on the ground cover in apple orchards.,2003,"Journal Article,Research Support, Non-U.S. Gov't",antagonist,P2,5,timing_title;identified_partner_title;published_article_type,published_research_candidate,manual_biological_estimand_screen
doi:10.1046/j.1365-2311.2003.00520.x,10.1046/j.1365-2311.2003.00520.x,Performance of a spring‐feeding moth in relation to time of oviposition and bud‐burst phenology of different host species,2003,article,antagonist,P2,5,timing_title;identified_partner_title;published_article_type,published_research_candidate,manual_biological_estimand_screen
doi:10.1006/bojl.2000.0356,10.1006/bojl.2000.0356,Differential pollination success in the course of individual flower development and flowering time in Gentiana pneumonanthe L. (Gentianaceae),2001,article,mutualist,P2,5,timing_title;identified_partner_title;published_article_type,published_research_candidate,manual_biological_estimand_screen
doi:10.1111/j.1095-8339.2001.tb02365.x,10.1111/j.1095-8339.2001.tb02365.x,Differential pollination success in the course of individual flower development and flowering time in Gentiana pneumonanthe L. (Gentianaceae),2001,article,mutualist,P2,5,timing_title;identified_partner_title;published_article_type,published_research_candidate,manual_biological_estimand_screen
doi:10.1007/s004420000576,10.1007/s004420000576,Leaf abscission phenology of a scrub oak: consequences for growth and survivorship of a leaf mining beetle.,2001,Journal Article,antagonist,P2,5,timing_title;identified_partner_title;published_article_type,published_research_candidate,manual_biological_estimand_screen
doi:10.1017/s0266467499000796,10.1017/s0266467499000796,Flowering phenology and pollination biology of Ceiba pentandra (Bombacaceae) in Central Amazonia,1999,article,mutualist,P2,5,timing_title;identified_partner_title;published_article_type,published_research_candidate,manual_biological_estimand_screen
titleyear:asynchronous flowering reduces seed predation in the perennial forest herb actaea spicata|1995,,ASYNCHRONOUS FLOWERING REDUCES SEED PREDATION IN THE PERENNIAL FOREST HERB ACTAEA-SPICATA,1995,article,antagonist;mutualist,P2,5,timing_title;identified_partner_title;published_article_type,published_research_candidate,manual_biological_estimand_screen
doi:10.2307/1940851,10.2307/1940851,"Elevated Herbivory in Plant Hybrid Zones: Chrysomela Confluens, Populus and Phenological Sinks",1993,article,antagonist,P2,5,timing_title;identified_partner_title;published_article_type,published_research_candidate,manual_biological_estimand_screen
doi:10.1002/j.1537-2197.1993.tb13782.x,10.1002/j.1537-2197.1993.tb13782.x,INTERACTIONS FOR POLLINATION BETWEEN TWO SYNCHRONOUSLY BLOOMING HEDYSARUM SPECIES (FABACEAE) IN ALASKA,1993,article,mutualist,P2,5,timing_title;identified_partner_title;published_article_type,published_research_candidate,manual_biological_estimand_screen
doi:10.2307/2445033,10.2307/2445033,Interactions for Pollination between Two Synchronously Blooming Hedysarum Species (Fabaceae) in Alaska,1993,article,mutualist,P2,5,timing_title;identified_partner_title;published_article_type,published_research_candidate,manual_biological_estimand_screen
doi:10.1002/j.1537-2197.1990.tb13551.x,10.1002/j.1537-2197.1990.tb13551.x,"REPRODUCTIVE ECOLOGY OF CARYA (JUGLANDACEAE): PHENOLOGY, POLLINATION, AND BREEDING SYSTEM OF TWO SYMPATRIC TREE SPECIES.",1990,Journal Article,mutualist,P2,5,timing_title;identified_partner_title;published_article_type,published_research_candidate,manual_biological_estimand_screen
doi:10.2307/2444647,10.2307/2444647,"Reproductive Ecology of Carya (Juglandaceae): Phenology, Pollination, and Breeding System of Two Sympatric Tree Species",1990,article,mutualist,P2,5,timing_title;identified_partner_title;published_article_type,published_research_candidate,manual_biological_estimand_screen
doi:10.1007/bf00378247,10.1007/bf00378247,Influence of plant phenology on the insect herbivore/bittercress interaction.,1989,Journal Article,antagonist,P2,5,timing_title;identified_partner_title;published_article_type,published_research_candidate,manual_biological_estimand_screen
doi:10.1002/j.1537-2197.1981.tb06349.x,10.1002/j.1537-2197.1981.tb06349.x,INFLUENCE OF SEED SOURCE UPON PHENOLOGY OF FLOWERING OF SPARTINA ALTERNIFLORA LOISEL. AND THE LIKELIHOOD OF CROSS POLLINATION,1981,article,mutualist,P2,5,timing_title;identified_partner_title;published_article_type,published_research_candidate,manual_biological_estimand_screen
doi:10.2307/2442985,10.2307/2442985,Influence of Seed Source Upon Phenology of Flowering of Spartina alterniflora Loisel. and the Likelihood of Cross Pollination,1981,article,mutualist,P2,5,timing_title;identified_partner_title;published_article_type,published_research_candidate,manual_biological_estimand_screen
doi:10.1007/bf00346001,10.1007/bf00346001,Pollinator availability as a determinant of flowering time in ocotillo (Fouquieria splendens).,1979,Journal Article,mutualist,P2,5,timing_title;identified_partner_title;published_article_type,published_research_candidate,manual_biological_estimand_screen
titleyear:effects of phenology and the microclimate on the seed set of anemone nemorosa|2016,,Effects of phenology and the microclimate on the seed set of Anemone nemorosa,2016,other,mutualist,P2,5,timing_title;final_reproduction_title,other_source_type,manual_source_type_and_biological_screen
doi:10.6084/m9.figshare.25202054,10.6084/m9.figshare.25202054,Data from: Changing rainfall drives locally asynchronous reproduction of tropical birds via modular trophic pathways,2026,dataset,mutualist,P2,5,timing_title;final_reproduction_title,dataset_or_repository,identify_corresponding_formally_published_research_article
doi:10.6084/m9.figshare.25202054.v1,10.6084/m9.figshare.25202054.v1,Data from: Changing rainfall drives locally asynchronous reproduction of tropical birds via modular trophic pathways,2026,dataset,mutualist,P2,5,timing_title;final_reproduction_title,dataset_or_repository,identify_corresponding_formally_published_research_article
doi:10.6084/m9.figshare.33383365,10.6084/m9.figshare.33383365,"Pollinator identity shapes offspring quantity, kinship, and lifetime fitness in two California annuals (Clarkia)",2026,dataset,mutualist,P2,5,identified_partner_title;final_reproduction_title,dataset_or_repository,identify_corresponding_formally_published_research_article
doi:10.6084/m9.figshare.33383365.v1,10.6084/m9.figshare.33383365.v1,"Pollinator identity shapes offspring quantity, kinship, and lifetime fitness in two California annuals (Clarkia)",2026,dataset,mutualist,P2,5,identified_partner_title;final_reproduction_title,dataset_or_repository,identify_corresponding_formally_published_research_article
doi:10.5281/zenodo.20542058,10.5281/zenodo.20542058,"data from: Masting Breakdown in European Beech Reduces Fitness Benefits of Masting, Partly Explained by Climate Change",2026,dataset,mutualist,P2,5,identified_partner_title;final_reproduction_title,dataset_or_repository,identify_corresponding_formally_published_research_article
doi:10.6084/m9.figshare.30962885,10.6084/m9.figshare.30962885,Data from: Identifying critical windows for reproduction: fine-scale temporal dynamics of effective pollination in a spring ephemeral,2025,dataset,mutualist,P2,5,identified_partner_title;final_reproduction_title,dataset_or_repository,identify_corresponding_formally_published_research_article
doi:10.6084/m9.figshare.30962885.v1,10.6084/m9.figshare.30962885.v1,Identifying critical windows for reproduction: fine-scale temporal dynamics of effective pollination in a spring ephemeral,2025,dataset,mutualist,P2,5,identified_partner_title;final_reproduction_title,dataset_or_repository,identify_corresponding_formally_published_research_article
doi:10.6084/m9.figshare.22186480,10.6084/m9.figshare.22186480,Data and analyses for: Fire effects on plant reproductive fitness vary among individuals reflecting pollination-dependent mechanisms,2023,dataset,mutualist,P2,5,identified_partner_title;final_reproduction_title,dataset_or_repository,identify_corresponding_formally_published_research_article
doi:10.5281/zenodo.7216773,10.5281/zenodo.7216773,Plant spatial aggregation modulates the interplay between plant competition and pollinator attraction with contrasting outcomes of plant fitness,2023,dataset,mutualist,P2,5,identified_partner_title;final_reproduction_title,dataset_or_repository,identify_corresponding_formally_published_research_article
doi:10.5281/zenodo.7695908,10.5281/zenodo.7695908,Plant spatial aggregation modulates the interplay between plant competition and pollinator attraction with contrasting outcomes of plant fitness,2023,dataset,mutualist,P2,5,identified_partner_title;final_reproduction_title,dataset_or_repository,identify_corresponding_formally_published_research_article
doi:10.5281/zenodo.7696118,10.5281/zenodo.7696118,Plant spatial aggregation modulates the interplay between plant competition and pollinator attraction with contrasting outcomes of plant fitness,2023,dataset,mutualist,P2,5,identified_partner_title;final_reproduction_title,dataset_or_repository,identify_corresponding_formally_published_research_article
doi:10.5281/zenodo.6940469,10.5281/zenodo.6940469,Ineffectiveness of ants in the reproductive success of two sympatric myrmecophilous plants: the success of endophytic beetles,2022,dataset,antagonist,P2,5,identified_partner_title;final_reproduction_title,dataset_or_repository,identify_corresponding_formally_published_research_article
doi:10.5281/zenodo.6940470,10.5281/zenodo.6940470,Ineffectiveness of ants in the reproductive success of two sympatric myrmecophilous plants: the success of endophytic beetles,2022,dataset,antagonist,P2,5,identified_partner_title;final_reproduction_title,dataset_or_repository,identify_corresponding_formally_published_research_article
doi:10.5281/zenodo.7216774,10.5281/zenodo.7216774,Plant spatial aggregation modulates the interplay between plant competition and pollinator attraction with contrasting outcomes of plant fitness,2022,dataset,mutualist,P2,5,identified_partner_title;final_reproduction_title,dataset_or_repository,identify_corresponding_formally_published_research_article
doi:10.6084/m9.figshare.7502285,10.6084/m9.figshare.7502285,Climate and synchrony with conspecifics determine the effects of flowering phenology on reproductive success in Silene acaulis,2021,dataset,mutualist,P2,5,timing_title;final_reproduction_title,dataset_or_repository,identify_corresponding_formally_published_research_article
doi:10.6084/m9.figshare.11371089,10.6084/m9.figshare.11371089,"Bergamo et al. 2020 Pollinator-mediated facilitation is associated with floral abundance, trait similarity and enhanced community-level fitness",2019,dataset,mutualist,P2,5,identified_partner_title;final_reproduction_title,dataset_or_repository,identify_corresponding_formally_published_research_article
doi:10.6084/m9.figshare.7502285.v2,10.6084/m9.figshare.7502285.v2,Climate and synchrony with conspecifics determine the effects of flowering phenology on reproductive success in Silene acaulis,2019,dataset,mutualist,P2,5,timing_title;final_reproduction_title,dataset_or_repository,identify_corresponding_formally_published_research_article
doi:10.6084/m9.figshare.7502285.v3,10.6084/m9.figshare.7502285.v3,Climate and synchrony with conspecifics determine the effects of flowering phenology on reproductive success in Silene acaulis,2019,dataset,mutualist,P2,5,timing_title;final_reproduction_title,dataset_or_repository,identify_corresponding_formally_published_research_article
doi:10.6084/m9.figshare.7502285.v1,10.6084/m9.figshare.7502285.v1,Climate and synchrony with conspecifics determine the effects of flowering phenology on reproductive success in Silene acaulis,2018,dataset,mutualist,P2,5,timing_title;final_reproduction_title,dataset_or_repository,identify_corresponding_formally_published_research_article
doi:10.22541/au.169963219.99730219/v1,10.22541/au.169963219.99730219/v1,Phenological synchrony does not regulate fecundity in a mast-fruiting oak species,2023,preprint,mutualist,P2,7,explicit_matching_title;final_reproduction_title,preprint,identify_peer_reviewed_or_formally_published_version
doi:10.32942/x2b95q,10.32942/x2b95q,"Masting breakdown in European beech reduces fitness benefits of masting, partly explained by climate change",2026,preprint,mutualist,P2,5,identified_partner_title;final_reproduction_title,preprint,identify_peer_reviewed_or_formally_published_version
doi:10.22541/au.174723162.22047839/v1,10.22541/au.174723162.22047839/v1,Bat and hummingbird pollination assures reproductive success in an upper montane species,2025,preprint,mutualist,P2,5,identified_partner_title;final_reproduction_title,preprint,identify_peer_reviewed_or_formally_published_version
doi:10.1101/2024.03.08.584170,10.1101/2024.03.08.584170,"Adaptive generalization in pollinators: hawkmoths increase fitness to long-tubed flowers, but secondary pollinators remain important",2024,preprint,mutualist,P2,5,identified_partner_title;final_reproduction_title,preprint,identify_peer_reviewed_or_formally_published_version
doi:10.1101/2024.05.12.593796,10.1101/2024.05.12.593796,"Effects of floral sex allocation and phenology on the within-flower selfing rate and female reproductive success in Pulsatilla alpina , a perennial herb with strong inbreeding depression",2024,preprint,mutualist,P2,5,timing_title;final_reproduction_title,preprint,identify_peer_reviewed_or_formally_published_version
doi:10.22541/au.167542960.08408612/v1,10.22541/au.167542960.08408612/v1,Accelerating flowering phenology drives community-wide negative effects on plant fecundity,2023,preprint,mutualist,P2,5,timing_title;final_reproduction_title,preprint,identify_peer_reviewed_or_formally_published_version
doi:10.21203/rs.3.rs-3276035/v1,10.21203/rs.3.rs-3276035/v1,Effects of flowering mode and pollinator sharing on reproductive success in natural hybrid of two Epimedium (Berberidaceae) species,2023,preprint,mutualist,P2,5,identified_partner_title;final_reproduction_title,preprint,identify_peer_reviewed_or_formally_published_version
doi:10.1101/2023.09.11.557202,10.1101/2023.09.11.557202,"Temperature, phenology, and plant defenses predict fitness near colder range limit",2023,preprint,antagonist,P2,5,timing_title;final_reproduction_title,preprint,identify_peer_reviewed_or_formally_published_version
doi:10.1101/2022.10.21.513236,10.1101/2022.10.21.513236,Plant spatial aggregation modulates the interplay between plant competition and pollinator attraction with contrasting outcomes of plant fitness,2022,preprint,mutualist,P2,5,identified_partner_title;final_reproduction_title,preprint,identify_peer_reviewed_or_formally_published_version
doi:10.1101/2021.12.01.470797,10.1101/2021.12.01.470797,Fitness and mating consequences of variation in male allocation in a wind pollinated plant,2021,preprint,mutualist,P2,5,identified_partner_title;final_reproduction_title,preprint,identify_peer_reviewed_or_formally_published_version
doi:10.1101/685453,10.1101/685453,Bacteria associated with flowers affect the reproductive success of Brassica napus L. via scent-mediated interactions with pollinators,2019,preprint,mutualist,P2,5,identified_partner_title;final_reproduction_title,preprint,identify_peer_reviewed_or_formally_published_version
doi:10.1101/057547,10.1101/057547,Late flowering and low synchrony with males enhance female reproductive success in the dioecious palm Chamaedorea pinnatifrons,2016,preprint,mutualist,P2,5,timing_title;final_reproduction_title,preprint,identify_peer_reviewed_or_formally_published_version
titleyear:effects of climate on phenological synchrony between butterflies and their host plants|2015,,Effects of climate on phenological synchrony between butterflies and their host plants,2015,dissertation,antagonist,P2,5,explicit_matching_title;identified_partner_title;nonprimary_source_type,thesis_or_dissertation,identify_corresponding_eligible_published_article
titleyear:do abundance and proximity of the alien impatiens glandulifera affect pollination and reproductive success of two sympatric co flowering native species|2012,,Do abundance and proximity of the alien Impatiens glandulifera affect pollination and reproductive success of two sympatric co-flowering native species?,2012,conference-paper,mutualist,P2,5,identified_partner_title;final_reproduction_title,conference_or_abstract,identify_corresponding_eligible_published_article
doi:10.1109/isb.2011.6033152,10.1109/isb.2011.6033152,Floral structure and pollination in relation to fruit set in cynanchum otophyllum schneid,2011,conference-paper,mutualist,P2,5,identified_partner_title;final_reproduction_title,conference_or_abstract,identify_corresponding_eligible_published_article
doi:10.1111/brv.70073,10.1111/brv.70073,"Pollination and plant reproduction in the Cerrado, the world's most biodiverse savanna.",2026,"Journal Article,Review,Research Support, Non-U.S. Gov't",mutualist,P2,6,identified_partner_title;final_reproduction_title;published_article_type,review_or_synthesis,screen_as_citation_source_not_independent_empirical_effect
doi:10.1002/ecy.4261,10.1002/ecy.4261,"Masting, fire-stimulated flowering, and the evolutionary ecology of synchronized reproduction.",2024,"Journal Article,Review",mutualist,P2,6,timing_title;final_reproduction_title;published_article_type,review_or_synthesis,screen_as_citation_source_not_independent_empirical_effect
doi:10.1093/icb/icaf034,10.1093/icb/icaf034,Complexities of Phenological Shifts for Plant-Pollinator Interactions and Ways Forward.,2025,"Journal Article,Review",mutualist,P2,5,timing_title;identified_partner_title;published_article_type,review_or_synthesis,screen_as_citation_source_not_independent_empirical_effect
titleyear:a review of brassica species cross pollination and implications for pure seed production in new zealand|2002,,"A review of Brassica species, cross-pollination and implications for pure seed production in New Zealand",2002,review,mutualist,P2,5,identified_partner_title;final_reproduction_title,review_or_synthesis,screen_as_citation_source_not_independent_empirical_effect
doi:10.1002/njb.04977,10.1002/njb.04977,Adaptive floral traits that impact stigma pollen load and seed production in Penstemon digitalis (Plantaginaceae),2026,article,mutualist,P3,4,final_reproduction_title;published_article_type,published_research_candidate,manual_biological_estimand_screen
doi:10.1021/acs.jafc.6c00768,10.1021/acs.jafc.6c00768,"Aggregation Pheromone (2E,6E)-Farnesyl Acetate Drives Attraction and Reproduction in Megalurothrips usitatus.",2026,Journal Article,antagonist,P3,4,final_reproduction_title;published_article_type,published_research_candidate,manual_biological_estimand_screen
doi:10.1002/aps3.70048,10.1002/aps3.70048,Creation of a Pseudotsuga menziesii nucellus cell suspension culture system to produce proteins involved in reproduction.,2026,Journal Article,mutualist,P3,4,final_reproduction_title;published_article_type,published_research_candidate,manual_biological_estimand_screen
doi:10.1002/ece3.72843,10.1002/ece3.72843,Different Flowering Strategies Ensure Reproductive Success in Two Coexisting Self-Incompatible Orchids.,2026,Journal Article,mutualist,P3,4,final_reproduction_title;published_article_type,published_research_candidate,manual_biological_estimand_screen
doi:10.5343/bms.2025.0088,10.5343/bms.2025.0088,Observation of male flowers and induced fruit production of tropical seagrass Syringodium isoetifolium (Alismatales: Cymodoceaceae) in an ex situ aquarium,2026,article,mutualist,P3,4,final_reproduction_title;published_article_type,published_research_candidate,manual_biological_estimand_screen
doi:10.1111/eea.70137,10.1111/eea.70137,"Plant Traits and Reproduction in a Multitrophic System: The Role of Aphids, Parasitoids and Hyperparasitoids",2026,article,antagonist,P3,4,final_reproduction_title;published_article_type,published_research_candidate,manual_biological_estimand_screen
doi:10.1086/740809,10.1086/740809,Seminal Fluid Proteins as Regulation Factors for Optimizing Reproduction: A Modeling Approach.,2026,Journal Article,antagonist,P3,4,final_reproduction_title;published_article_type,published_research_candidate,manual_biological_estimand_screen
doi:10.1016/j.fcr.2026.110613,10.1016/j.fcr.2026.110613,Sub-daily timing of heat stress determines maize seed set and yield,2026,article,mutualist,P3,4,final_reproduction_title;published_article_type,published_research_candidate,manual_biological_estimand_screen
titleyear:the role of co flowering dynamics in mediating heterospecific pollen effects on plant reproductive success|2026,,The Role Of Co-Flowering Dynamics In Mediating Heterospecific Pollen Effects On Plant Reproductive Success,2026,article,mutualist,P3,4,final_reproduction_title;published_article_type,published_research_candidate,manual_biological_estimand_screen
doi:10.5281/zenodo.21427939,10.5281/zenodo.21427939,The Role of Temperature in Altering Insect Reproduction and Behaviour,2026,article,antagonist;mutualist,P3,4,final_reproduction_title;published_article_type,published_research_candidate,manual_biological_estimand_screen
doi:10.5281/zenodo.21427940,10.5281/zenodo.21427940,The Role of Temperature in Altering Insect Reproduction and Behaviour,2026,article,antagonist;mutualist,P3,4,final_reproduction_title;published_article_type,published_research_candidate,manual_biological_estimand_screen
doi:10.5281/zenodo.21428365,10.5281/zenodo.21428365,The Role of Temperature in Altering Insect Reproduction and Behaviour,2026,article,antagonist;mutualist,P3,4,final_reproduction_title;published_article_type,published_research_candidate,manual_biological_estimand_screen
doi:10.1002/oik.11340,10.1002/oik.11340,Contrasting impacts of climbing plants on host tree reproduction in a drought‐stressed forest,2025,article,mutualist,P3,4,final_reproduction_title;published_article_type,published_research_candidate,manual_biological_estimand_screen
doi:10.1093/jxb/eraf280,10.1093/jxb/eraf280,Disentangling the genetic architecture of key traits for wheat hybrid seed production.,2025,Journal Article,mutualist,P3,4,final_reproduction_title;published_article_type,published_research_candidate,manual_biological_estimand_screen
doi:10.3390/horticulturae11050544,10.3390/horticulturae11050544,Dynamic Pollen–Stigma Coordination in Dendrobium Hybridization: A Strategy to Maximize Fruit Set and Hybrid Seed Viability,2025,article,mutualist,P3,4,final_reproduction_title;published_article_type,published_research_candidate,manual_biological_estimand_screen
doi:10.21276/aatccreview.2025.13.04.820,10.21276/aatccreview.2025.13.04.820,Impacts of climate variability on fruit production: A comprehensive review,2025,article,mutualist,P3,4,final_reproduction_title;published_article_type,published_research_candidate,manual_biological_estimand_screen
doi:10.1186/s40529-025-00467-x,10.1186/s40529-025-00467-x,Knowing the reproductive biology and reproductive success of Scrophularia oxyrhyncha Coincy as a first step for its conservation.,2025,Journal Article,mutualist,P3,4,final_reproduction_title;published_article_type,published_research_candidate,manual_biological_estimand_screen
doi:10.1016/j.baae.2025.12.015,10.1016/j.baae.2025.12.015,"Not all pollinisers are equal: donor identity shapes fruit set, weight, and seed quality in apples",2025,article,mutualist,P3,4,final_reproduction_title;published_article_type,published_research_candidate,manual_biological_estimand_screen
doi:10.1590/2175-7860202576008,10.1590/2175-7860202576008,Reproductive success of the hybrid tree Dimorphandra wilsonii: implications for conservation,2025,article,mutualist,P3,4,final_reproduction_title;published_article_type,published_research_candidate,manual_biological_estimand_screen
doi:10.3390/biology14070865,10.3390/biology14070865,"Seasonal Variation in Flower Traits, Visitor Traits, and Reproductive Success of Solanum sisymbriifolium Lamarck (Solanaceae) in the Rarh Region of West Bengal, India.",2025,Journal Article,mutualist,P3,4,final_reproduction_title;published_article_type,published_research_candidate,manual_biological_estimand_screen
doi:10.1086/737646,10.1086/737646,Sex Allocation and Reproductive Success in a Perennial Hermaphroditic Herb: Both Size and Timing Matter.,2025,Journal Article,mutualist,P3,4,final_reproduction_title;published_article_type,published_research_candidate,manual_biological_estimand_screen
doi:10.1111/1365-2745.70067,10.1111/1365-2745.70067,Soil moisture influences nectar robbing and plant fitness in a primrose species,2025,article,mutualist,P3,4,final_reproduction_title;published_article_type,published_research_candidate,manual_biological_estimand_screen
doi:10.1093/jxb/eraf154,10.1093/jxb/eraf154,Stigma longevity is not a major limiting factor in hybrid wheat seed production.,2025,Journal Article,mutualist,P3,4,final_reproduction_title;published_article_type,published_research_candidate,manual_biological_estimand_screen
doi:10.3390/biology13040250,10.3390/biology13040250,Adult Feeding Experience Determines the Fecundity and Preference of the Henosepilachna vigintioctopunctata (F.) (Coleoptera: Coccinellidae).,2024,Journal Article,antagonist,P3,4,final_reproduction_title;published_article_type,published_research_candidate,manual_biological_estimand_screen
doi:10.1093/pnasnexus/pgae297,10.1093/pnasnexus/pgae297,Alpine grassland community productivity and diversity differences influence significantly plant sexual reproduction strategies.,2024,Journal Article,mutualist,P3,4,final_reproduction_title;published_article_type,published_research_candidate,manual_biological_estimand_screen
doi:10.1093/aob/mcae074,10.1093/aob/mcae074,Ecological perspectives on female and male reproductive success with competition in two Serapias species.,2024,"Journal Article,Research Support, Non-U.S. Gov't",mutualist,P3,4,final_reproduction_title;published_article_type,published_research_candidate,manual_biological_estimand_screen
doi:10.3390/agronomy14051073,10.3390/agronomy14051073,Genome-Wide Identification and Expression Profiles of IMB Genes Reveal Their Potential Roles in the Gametophytic Sexual Reproduction Process of Camellia sinensis,2024,article,mutualist,P3,4,final_reproduction_title;published_article_type,published_research_candidate,manual_biological_estimand_screen
doi:10.3390/horticulturae10050513,10.3390/horticulturae10050513,Promising and Failed Breeding Techniques for Overcoming Sterility and Increasing Seed Set in Bananas (Musa spp.),2024,article,mutualist,P3,4,final_reproduction_title;published_article_type,published_research_candidate,manual_biological_estimand_screen
doi:10.57237/j.jaf.2024.04.002,10.57237/j.jaf.2024.04.002,Sexual Reproduction Characteristics of Hedychium spicatum (Zingiberaceae),2024,article,mutualist,P3,4,final_reproduction_title;published_article_type,published_research_candidate,manual_biological_estimand_screen
doi:10.1007/s00035-024-00317-9,10.1007/s00035-024-00317-9,Temporal and spatial variation in the direct and indirect effects of climate on reproduction in alpine populations of Ranunculus acris L,2024,article,mutualist,P3,4,final_reproduction_title;published_article_type,published_research_candidate,manual_biological_estimand_screen
doi:10.55544/jrasb.2.2.31,10.55544/jrasb.2.2.31,Assessment of Almond (Prunus dulcis L.) for Self-Compatibility and Stigma Receptivity Period Based on Fruit Set Index,2023,article,mutualist,P3,4,final_reproduction_title;published_article_type,published_research_candidate,manual_biological_estimand_screen
doi:10.24189/ncr.2023.017,10.24189/ncr.2023.017,"Calypso bulbosa (Orchidaceae) on the northern border of its distribution range (Komi Republic, Russia): population structure, fruit and seed set",2023,article,mutualist,P3,4,final_reproduction_title;published_article_type,published_research_candidate,manual_biological_estimand_screen
doi:10.3390/plants12213731,10.3390/plants12213731,Cosexuality Reduces Pollen Production and Fitness in Cannabis sativa L.,2023,article,mutualist,P3,4,final_reproduction_title;published_article_type,published_research_candidate,manual_biological_estimand_screen
doi:10.1073/pnas.2306967120,10.1073/pnas.2306967120,Habitat fragmentation decouples fire-stimulated flowering from plant reproductive fitness.,2023,"Journal Article,Research Support, U.S. Gov't, Non-P.H.S.",mutualist,P3,4,final_reproduction_title;published_article_type,published_research_candidate,manual_biological_estimand_screen
doi:10.1007/s10265-022-01428-2,10.1007/s10265-022-01428-2,Stamen curvature and temporal flower closure assure reproductive success in an early-spring-flowering perennial in the cold desert of Middle Asia.,2023,Journal Article,mutualist,P3,4,final_reproduction_title;published_article_type,published_research_candidate,manual_biological_estimand_screen
doi:10.5958/0976-1926.2022.00014.6,10.5958/0976-1926.2022.00014.6,Effect of Different Pollen Sources on Fruit Set and Maturity of Exotic Pear (Pyrus communis L.) cvs. Carmen and Abate Fetel under Kashmir Conditions,2022,article,mutualist,P3,4,final_reproduction_title;published_article_type,published_research_candidate,manual_biological_estimand_screen
doi:10.1186/s12983-022-00473-w,10.1186/s12983-022-00473-w,Energy acquisition strategy for reproduction in a semelparous squid.,2022,Journal Article,antagonist,P3,4,final_reproduction_title;published_article_type,published_research_candidate,manual_biological_estimand_screen
doi:10.3389/fpls.2022.922215,10.3389/fpls.2022.922215,Fitness and Ecological Risk of Hybrid Progenies of Wild and Herbicide-Tolerant Soybeans With EPSPS Gene,2022,article,mutualist,P3,4,final_reproduction_title;published_article_type,published_research_candidate,manual_biological_estimand_screen
doi:10.1016/j.indcrop.2022.115312,10.1016/j.indcrop.2022.115312,Hybridization rate and fitness of hybrids produced between the tetraploid Camelina rumelica and hexaploid Camelina sativa,2022,article,mutualist,P3,4,final_reproduction_title;published_article_type,published_research_candidate,manual_biological_estimand_screen
doi:10.1016/j.aquabot.2022.103573,10.1016/j.aquabot.2022.103573,Insights into sexual reproduction and morph compatibility of the distylous Nymphoides fallax Ornduff (Menyanthaceae),2022,article,mutualist,P3,4,final_reproduction_title;published_article_type,published_research_candidate,manual_biological_estimand_screen
doi:10.1007/s11629-021-6749-8,10.1007/s11629-021-6749-8,"Linkages among the functional traits, insect visitation rate and seed set of Gentiana taxa on the Tibetan Plateau",2022,article,mutualist,P3,4,final_reproduction_title;published_article_type,published_research_candidate,manual_biological_estimand_screen
doi:10.1038/s41598-022-06406-1,10.1038/s41598-022-06406-1,Range expansion decreases the reproductive fitness of Gentiana officinalis (Gentianaceae).,2022,"Journal Article,Research Support, Non-U.S. Gov't",mutualist,P3,4,final_reproduction_title;published_article_type,published_research_candidate,manual_biological_estimand_screen
doi:10.3390/plants11020219,10.3390/plants11020219,Viability of Embryo Sacs and Fruit Set in Different Plum (Prunus domestica L.) Cultivars Grown under Norwegian Climatic Conditions.,2022,Journal Article,mutualist,P3,4,final_reproduction_title;published_article_type,published_research_candidate,manual_biological_estimand_screen
doi:10.1186/s12870-021-02968-w,10.1186/s12870-021-02968-w,A comparative study on the reproductive success of two rewarding Habenaria species (Orchidaceae) occurring in roadside verge habitats,2021,article,mutualist,P3,4,final_reproduction_title;published_article_type,published_research_candidate,manual_biological_estimand_screen
doi:10.1007/s13595-021-01104-w,10.1007/s13595-021-01104-w,An intensive study plot to investigate chestnut tree reproduction,2021,article,mutualist,P3,4,final_reproduction_title;published_article_type,published_research_candidate,manual_biological_estimand_screen
doi:10.2981/wlb.00833,10.2981/wlb.00833,Can citizen science analysis of camera trap data be used to study reproduction? Lessons from Snapshot Serengeti program,2021,article,antagonist,P3,4,final_reproduction_title;published_article_type,published_research_candidate,manual_biological_estimand_screen
doi:10.1111/1442-1984.12315,10.1111/1442-1984.12315,"Factors affecting fruit and seed production of Paeonia ostii “Feng Dan”, an economically important oil tree",2021,article,mutualist,P3,4,final_reproduction_title;published_article_type,published_research_candidate,manual_biological_estimand_screen
doi:10.3120/0024-9637-68.4.377,10.3120/0024-9637-68.4.377,LATE PLANTING SHORTENS THE FLOWERING PERIOD AND REDUCES FECUNDITY IN LASTHENIA CALIFORNICA,2021,article,mutualist,P3,4,final_reproduction_title;published_article_type,published_research_candidate,manual_biological_estimand_screen
doi:10.1007/s40415-021-00709-9,10.1007/s40415-021-00709-9,"Reproductive ecology of white cacao (Theobroma bicolor Humb. & Bonpl.) in Ecuador, western Amazonia: floral visitors and the impact of fungus and mistletoe on fruit production",2021,article,mutualist,P3,4,final_reproduction_title;published_article_type,published_research_candidate,manual_biological_estimand_screen
doi:10.1002/pei3.10042,10.1002/pei3.10042,Self‐incompatibility limits sexual reproduction rather than environmental conditions in an invasive water primrose,2021,article,mutualist,P3,4,final_reproduction_title;published_article_type,published_research_candidate,manual_biological_estimand_screen
doi:10.1016/j.scienta.2021.110390,10.1016/j.scienta.2021.110390,The effects of pollinizers on pollen tube growth and fruit set of European plum (Prunus domestica L.) in a Nordic climate,2021,article,mutualist,P3,4,final_reproduction_title;published_article_type,published_research_candidate,manual_biological_estimand_screen
doi:10.1002/ecy.2913,10.1002/ecy.2913,Climate change and invasion may synergistically affect native plant reproduction.,2020,"Journal Article,Research Support, Non-U.S. Gov't,Research Support, U.S. Gov't, Non-P.H.S.",mutualist,P3,4,final_reproduction_title;published_article_type,published_research_candidate,manual_biological_estimand_screen
doi:10.1098/rspb.2020.0559,10.1098/rspb.2020.0559,Frequency-dependent fitness and reproductive dynamics contribute to habitat segregation in sympatric jewelflowers.,2020,"Journal Article,Research Support, Non-U.S. Gov't,Research Support, U.S. Gov't, Non-P.H.S.",mutualist,P3,4,final_reproduction_title;published_article_type,published_research_candidate,manual_biological_estimand_screen
doi:10.3390/plants9121716,10.3390/plants9121716,Functionality of Embryo Sacs in Pear Cultivars 'Ingeborg' and 'Celina' as Related to Fruit Set under Nordic Climate.,2020,Journal Article,mutualist,P3,4,final_reproduction_title;published_article_type,published_research_candidate,manual_biological_estimand_screen
doi:10.1038/s41598-020-58298-8,10.1038/s41598-020-58298-8,On the interplay between hypothermia and reproduction in a high arctic ungulate,2020,article,antagonist,P3,4,final_reproduction_title;published_article_type,published_research_candidate,manual_biological_estimand_screen
doi:10.1111/ppl.13049,10.1111/ppl.13049,Reduction in seed set upon exposure to high night temperature during flowering in maize.,2020,Journal Article,mutualist,P3,4,final_reproduction_title;published_article_type,published_research_candidate,manual_biological_estimand_screen
doi:10.1016/j.foreco.2020.118598,10.1016/j.foreco.2020.118598,Seed production patterns of surviving Sierra Nevada conifers show minimal change following drought,2020,article,mutualist,P3,4,final_reproduction_title;published_article_type,published_research_candidate,manual_biological_estimand_screen
doi:10.1002/ece3.6396,10.1002/ece3.6396,The contribution of multiple barriers to reproduction between edaphically divergent lineages in the Amazonian tree Protium subserratum (Burseraceae).,2020,Journal Article,mutualist,P3,4,final_reproduction_title;published_article_type,published_research_candidate,manual_biological_estimand_screen
doi:10.1093/botlinnean/boz104,10.1093/botlinnean/boz104,Adaptive response of extreme epiphyte Tillandsia species (Bromeliaceae) is demonstrated by different sexual reproduction strategies in the Brazilian Chaco,2019,article,mutualist,P3,4,final_reproduction_title;published_article_type,published_research_candidate,manual_biological_estimand_screen
doi:10.1002/ajb2.1372,10.1002/ajb2.1372,Genotype-specific effects of ericoid mycorrhizae on floral traits and reproduction in Vaccinium corymbosum.,2019,"Journal Article,Research Support, Non-U.S. Gov't,Research Support, U.S. Gov't, Non-P.H.S.",mutualist,P3,4,final_reproduction_title;published_article_type,published_research_candidate,manual_biological_estimand_screen
doi:10.1093/jhered/esy043,10.1093/jhered/esy043,Host Plant Adaptation in Cactophilic Species of the Drosophila buzzatii Cluster: Fitness and Transcriptomics.,2019,"Journal Article,Research Support, Non-U.S. Gov't",antagonist,P3,4,final_reproduction_title;published_article_type,published_research_candidate,manual_biological_estimand_screen
doi:10.1002/ece3.5861,10.1002/ece3.5861,Intrinsic biotic factors and microsite conditions drive seedling survival in a species with masting reproduction.,2019,Journal Article,antagonist,P3,4,final_reproduction_title;published_article_type,published_research_candidate,manual_biological_estimand_screen
doi:10.1016/j.ufug.2019.04.020,10.1016/j.ufug.2019.04.020,"Reduced reproductive success of the endangered tree brazilwood (Paubrasilia echinata, Leguminosae) in urban ecosystem compared to Atlantic forest remnant: lessons for tropical urban ecology",2019,article,mutualist,P3,4,final_reproduction_title;published_article_type,published_research_candidate,manual_biological_estimand_screen
doi:10.1111/1365-2435.13477,10.1111/1365-2435.13477,Spatial heterogeneity in the environment can favour the evolution of bet‐hedging in resource allocation to growth and reproduction,2019,article,antagonist,P3,4,final_reproduction_title;published_article_type,published_research_candidate,manual_biological_estimand_screen
doi:10.1111/1365-2745.13152,10.1111/1365-2745.13152,The individual and combined effects of snowmelt timing and frost exposure on the reproductive success of montane forbs,2019,article,mutualist,P3,4,final_reproduction_title;published_article_type,published_research_candidate,manual_biological_estimand_screen
doi:10.1002/ajb2.1210,10.1002/ajb2.1210,Weather cues associated with masting behavior dampen the negative autocorrelation between past and current reproduction in oaks.,2019,"Comparative Study,Journal Article,Research Support, Non-U.S. Gov't,Research Support, U.S. Gov't, Non-P.H.S.",antagonist;mutualist,P3,4,final_reproduction_title;published_article_type,published_research_candidate,manual_biological_estimand_screen
doi:10.1007/s10722-018-0687-5,10.1007/s10722-018-0687-5,Andromonoecy in Gynandropsis gynandra (L.) Briq. (Cleomaceae) and effects on fruit and seed production,2018,article,mutualist,P3,4,final_reproduction_title;published_article_type,published_research_candidate,manual_biological_estimand_screen
doi:10.1111/gcb.13865,10.1111/gcb.13865,Direct and indirect effects of episodic frost on plant growth and reproduction in subalpine wildflowers.,2018,"Journal Article,Research Support, Non-U.S. Gov't,Research Support, U.S. Gov't, Non-P.H.S.",mutualist,P3,4,final_reproduction_title;published_article_type,published_research_candidate,manual_biological_estimand_screen
doi:10.1016/s2095-3119(17)61856-2,10.1016/s2095-3119(17)61856-2,"Effects of temperatures on the development and reproduction of the armyworm, Mythimna roseilinea: Analysis using an age-stage, two-sex life table",2018,article,antagonist,P3,4,final_reproduction_title;published_article_type,published_research_candidate,manual_biological_estimand_screen
doi:10.1007/s10681-018-2188-1,10.1007/s10681-018-2188-1,Hybrid seed set in wheat is a complex trait but can be improved indirectly by selection for male floral traits,2018,article,mutualist,P3,4,final_reproduction_title;published_article_type,published_research_candidate,manual_biological_estimand_screen
doi:10.1016/j.ecolmodel.2018.03.004,10.1016/j.ecolmodel.2018.03.004,Reproducing reproduction: How to simulate mast seeding in forest models,2018,article,mutualist,P3,4,final_reproduction_title;published_article_type,published_research_candidate,manual_biological_estimand_screen
doi:10.3897/natureconservation.22.19809,10.3897/natureconservation.22.19809,"Conservation biology of the last Italian population of Cistus laurifolius (Cistaceae): demographic structure, reproductive success and population genetics",2017,article,mutualist,P3,4,final_reproduction_title;published_article_type,published_research_candidate,manual_biological_estimand_screen
doi:10.1093/aobpla/plw077,10.1093/aobpla/plw077,Contrasting effects of ploidy level on seed production in a diploid tetraploid system.,2017,Journal Article,antagonist;mutualist,P3,4,final_reproduction_title;published_article_type,published_research_candidate,manual_biological_estimand_screen
doi:10.1002/ece3.3056,10.1002/ece3.3056,"Demographics, reproduction, growth, and abundance of Jollyville Plateau salamanders (Eurycea tonkawae).",2017,Journal Article,antagonist,P3,4,final_reproduction_title;published_article_type,published_research_candidate,manual_biological_estimand_screen
doi:10.1002/ece3.3465,10.1002/ece3.3465,Effect of pollen and resource limitation on reproduction of Zygophyllum xanthoxylum in fragmented habitats.,2017,Journal Article,mutualist,P3,4,final_reproduction_title;published_article_type,published_research_candidate,manual_biological_estimand_screen
doi:10.1111/jipb.12511,10.1111/jipb.12511,Fitness consequences of altering floral circadian oscillations for Nicotiana attenuata.,2017,Journal Article,mutualist,P3,4,final_reproduction_title;published_article_type,published_research_candidate,manual_biological_estimand_screen
doi:10.1016/j.scienta.2017.06.010,10.1016/j.scienta.2017.06.010,Pollen-pistil interaction influence on the fruit set of sweet cherry,2017,article,mutualist,P3,4,final_reproduction_title;published_article_type,published_research_candidate,manual_biological_estimand_screen
doi:10.17129/botsci.780,10.17129/botsci.780,"Reproductive ecology of the threatened ""star cactus"" Astrophytum ornatum (Cactaceae): a strategy of continuous reproduction with low success",2017,article,mutualist,P3,4,final_reproduction_title;published_article_type,published_research_candidate,manual_biological_estimand_screen
titleyear:sorghum sorghum bicolor pollen availability and seed set under different proportion male female plants in mexican highlands|2017,,Sorghum (Sorghum bicolor) pollen availability and seed set under different proportion male: female plants in Mexican highlands,2017,article,mutualist,P3,4,final_reproduction_title;published_article_type,published_research_candidate,manual_biological_estimand_screen
doi:10.1016/j.jinsphys.2016.05.001,10.1016/j.jinsphys.2016.05.001,DsRNA-mediated targeting of ribosomal transcripts RPS6 and RPL26 induces long-lasting and significant reductions in fecundity of the vector Aedes aegypti,2016,article,antagonist,P3,4,final_reproduction_title;published_article_type,published_research_candidate,manual_biological_estimand_screen
doi:10.5281/zenodo.2387342,10.5281/zenodo.2387342,Generative reproduction of Adenium obesum (Forssk.) Roem. & Schult. under conditions of introduction,2016,article,mutualist,P3,4,final_reproduction_title;published_article_type,published_research_candidate,manual_biological_estimand_screen
doi:10.1002/ece3.2372,10.1002/ece3.2372,"Seed set variation in wild Clarkia populations: teasing apart the effects of seasonal resource depletion, pollen quality, and pollen quantity.",2016,Journal Article,mutualist,P3,4,final_reproduction_title;published_article_type,published_research_candidate,manual_biological_estimand_screen
doi:10.1093/aob/mcu244,10.1093/aob/mcu244,"Are tetraploids more successful? Floral signals, reproductive success and floral isolation in mixed-ploidy populations of a terrestrial orchid.",2015,"Journal Article,Research Support, Non-U.S. Gov't",antagonist;mutualist,P3,4,final_reproduction_title;published_article_type,published_research_candidate,manual_biological_estimand_screen
doi:10.1098/rspb.2014.1531,10.1098/rspb.2014.1531,Eyespots deflect predator attack increasing fitness and promoting the evolution of phenotypic plasticity.,2015,"Journal Article,Research Support, Non-U.S. Gov't",antagonist,P3,4,final_reproduction_title;published_article_type,published_research_candidate,manual_biological_estimand_screen
doi:10.1016/j.jtbi.2015.02.009,10.1016/j.jtbi.2015.02.009,Plant reproduction and environmental noise: how do plants do it?,2015,"Journal Article,Research Support, Non-U.S. Gov't,Research Support, U.S. Gov't, Non-P.H.S.",mutualist,P3,4,final_reproduction_title;published_article_type,published_research_candidate,manual_biological_estimand_screen
doi:10.21273/hortsci.50.3.369,10.21273/hortsci.50.3.369,"Pollen Effects on Fruit Set, Seed Weight, and Shriveling of ‘73-S-20’ Litchi- with Special Reference to Artificial Induction of Parthenocarpy",2015,article,mutualist,P3,4,final_reproduction_title;published_article_type,published_research_candidate,manual_biological_estimand_screen
doi:10.1111/jeb.12741,10.1111/jeb.12741,Pollen limitation and its influence on natural selection through seed set.,2015,"Journal Article,Research Support, Non-U.S. Gov't",mutualist,P3,4,final_reproduction_title;published_article_type,published_research_candidate,manual_biological_estimand_screen
doi:10.3732/ajb.1400419,10.3732/ajb.1400419,Timing of pollen release and stigma receptivity period of Piper vicosanum: New insights into sexual reproduction of the genus,2015,article,mutualist,P3,4,final_reproduction_title;published_article_type,published_research_candidate,manual_biological_estimand_screen
doi:10.14943/doctoral.k11535,10.14943/doctoral.k11535,Carbon allocation strategies for reproduction and growth in spring ephemeral plants,2014,article,mutualist,P3,4,final_reproduction_title;published_article_type,published_research_candidate,manual_biological_estimand_screen
doi:10.1163/15685381-00002943,10.1163/15685381-00002943,Contrasted influences of moon phases on the reproduction and movement patterns of four amphibian species inhabiting different habitats in central Italy,2014,article,antagonist,P3,4,final_reproduction_title;published_article_type,published_research_candidate,manual_biological_estimand_screen
doi:10.1603/ec14287,10.1603/ec14287,"Development, Survival, and Reproduction of Megacopta cribraria (Heteroptera: Plataspidae) at Different Constant Temperatures.",2014,"Journal Article,Research Support, Non-U.S. Gov't",antagonist,P3,4,final_reproduction_title;published_article_type,published_research_candidate,manual_biological_estimand_screen
doi:10.1111/oik.01809,10.1111/oik.01809,"Effects of insect attack to stems on plant survival, growth, reproduction and photosynthesis",2014,article,antagonist,P3,4,final_reproduction_title;published_article_type,published_research_candidate,manual_biological_estimand_screen
doi:10.36253/ahsc-18463,10.36253/ahsc-18463,"Effects of wound treatments to flower organs on fruit set, development, and quality in sweet cherry (Prunus avium L.)",2014,article,mutualist,P3,4,final_reproduction_title;published_article_type,published_research_candidate,manual_biological_estimand_screen
doi:10.31421/ijhs/20/1-2/1118,10.31421/ijhs/20/1-2/1118,Erratic fruit set in almond under warm climates,2014,article,mutualist,P3,4,final_reproduction_title;published_article_type,published_research_candidate,manual_biological_estimand_screen
doi:10.1007/s00442-014-3169-2,10.1007/s00442-014-3169-2,Fruitful factors: what limits seed production of flowering plants in the alpine?,2014,article,antagonist;mutualist,P3,4,final_reproduction_title;published_article_type,published_research_candidate,manual_biological_estimand_screen
doi:10.1007/s10342-014-0836-0,10.1007/s10342-014-0836-0,Interannual variation in tree seed production in a primeval temperate forest: does masting prevail?,2014,article,mutualist,P3,4,final_reproduction_title;published_article_type,published_research_candidate,manual_biological_estimand_screen
doi:10.1016/j.flora.2014.11.002,10.1016/j.flora.2014.11.002,Promiscuous breeding behaviour in relation to reproductive success in Grewia asiatica L. (Malvaceae),2014,article,mutualist,P3,4,final_reproduction_title;published_article_type,published_research_candidate,manual_biological_estimand_screen
doi:10.1111/btp.12135,10.1111/btp.12135,Spatiotemporal Variability in the Reproductive Success of the Continually Flowering Shrub Dillenia suffruticosa in Borneo,2014,article,mutualist,P3,4,final_reproduction_title;published_article_type,published_research_candidate,manual_biological_estimand_screen
titleyear:the effect of floral gender variation on female reproductive success in gynodioecious saxifraga granulata|2014,,The effect of floral gender variation on female reproductive success in gynodioecious Saxifraga granulata,2014,article,mutualist,P3,4,final_reproduction_title;published_article_type,published_research_candidate,manual_biological_estimand_screen
doi:10.1007/s00606-014-1142-5,10.1007/s00606-014-1142-5,The reproduction of Colletia hystrix and late-flowering in Colletia (Rhamnaceae: Colletieae),2014,article,mutualist,P3,4,final_reproduction_title;published_article_type,published_research_candidate,manual_biological_estimand_screen
doi:10.1016/j.jip.2013.01.007,10.1016/j.jip.2013.01.007,Activation and interruption of the reproduction of Varroa destructor is triggered by host signals (Apis mellifera).,2013,"Journal Article,Research Support, Non-U.S. Gov't",antagonist,P3,4,final_reproduction_title;published_article_type,published_research_candidate,manual_biological_estimand_screen
doi:10.1371/journal.pone.0056450,10.1371/journal.pone.0056450,"Population densities, vegetation green-up, and plant productivity: impacts on reproductive success and juvenile body mass in reindeer.",2013,"Journal Article,Research Support, Non-U.S. Gov't",antagonist,P3,4,final_reproduction_title;published_article_type,published_research_candidate,manual_biological_estimand_screen
doi:10.3732/ajb.1200603,10.3732/ajb.1200603,"Reproduction, growth, and defense trade-offs vary with gender and reproductive allocation in Ilex glabra (Aquifoliaceae).",2013,"Journal Article,Research Support, Non-U.S. Gov't",antagonist,P3,4,final_reproduction_title;published_article_type,published_research_candidate,manual_biological_estimand_screen
titleyear:effects of flowering period on nectar secretion and fruit set of epimedium wushanense berberidaceae|2012,,Effects of Flowering Period on Nectar Secretion and Fruit Set of Epimedium wushanense(Berberidaceae),2012,article,mutualist,P3,4,final_reproduction_title;published_article_type,published_research_candidate,manual_biological_estimand_screen
doi:10.1111/j.1744-7429.2012.00860.x,10.1111/j.1744-7429.2012.00860.x,Effects of Local Plant Density and Incomplete Dichogamy on the Reproductive Success of the Rare Neotropical Palm G eonoma epetiolata,2012,article,mutualist,P3,4,final_reproduction_title;published_article_type,published_research_candidate,manual_biological_estimand_screen
doi:10.1242/jeb065359,10.1242/jeb065359,Effects of night-time warming on temperate ectotherm reproduction: potential fitness benefits of climate change for side-blotched lizards.,2012,"Journal Article,Research Support, Non-U.S. Gov't",antagonist,P3,4,final_reproduction_title;published_article_type,published_research_candidate,manual_biological_estimand_screen
doi:10.1590/s1806-99592012000100006,10.1590/s1806-99592012000100006,Mixed reproduction systems in Opuntia monacantha (Cactaceae) in Southern Brazil,2012,article,mutualist,P3,4,final_reproduction_title;published_article_type,published_research_candidate,manual_biological_estimand_screen
doi:10.1016/j.jinsphys.2012.05.012,10.1016/j.jinsphys.2012.05.012,Prolonged pupal dormancy is associated with significant fitness cost for adults of Rhagoletis cerasi (Diptera: Tephritidae).,2012,Journal Article,antagonist,P3,4,final_reproduction_title;published_article_type,published_research_candidate,manual_biological_estimand_screen
doi:10.15517/rbt.v60i2.3913,10.15517/rbt.v60i2.3913,Reproduction of Omalonyx matheroni (Gastropoda: Succineidae) under laboratory conditions,2012,article,antagonist,P3,4,final_reproduction_title;published_article_type,published_research_candidate,manual_biological_estimand_screen
titleyear:reproduction of omalonyx matheroni gastropoda succineidae under laboratory conditions|2012,,Reproduction of Omalonyx matheroni (Gastropoda: Succineidae) under laboratory conditions.,2012,"Journal Article,Research Support, Non-U.S. Gov't",antagonist,P3,4,final_reproduction_title;published_article_type,published_research_candidate,manual_biological_estimand_screen
doi:10.1007/s00442-011-2006-0,10.1007/s00442-011-2006-0,Among-population variation in costs of reproduction in the long-lived orchid Gymnadenia conopsea: an experimental study.,2011,"Journal Article,Research Support, Non-U.S. Gov't",mutualist,P3,4,final_reproduction_title;published_article_type,published_research_candidate,manual_biological_estimand_screen
titleyear:reproduction of omalonyx matheroni gastropoda succineidae under laboratory conditions|2011,,Reproduction of Omalonyx matheroni (Gastropoda: Succineidae) under laboratory conditions,2011,article,antagonist,P3,4,final_reproduction_title;published_article_type,published_research_candidate,manual_biological_estimand_screen
doi:10.1093/aob/mcr217,10.1093/aob/mcr217,Sexual Plant Reproduction,2011,article,antagonist;mutualist,P3,4,final_reproduction_title;published_article_type,published_research_candidate,manual_biological_estimand_screen
doi:10.1105/tpc.110.081737,10.1105/tpc.110.081737,The Emerging Importance of Type I MADS Box Transcription Factors for Plant Reproduction,2011,article,mutualist,P3,4,final_reproduction_title;published_article_type,published_research_candidate,manual_biological_estimand_screen
titleyear:analysis of compatibility relationships among some almond genotypes using fruit set and fluorescence microscopy|2010,,Analysis of compatibility relationships among some almond genotypes using fruit set and fluorescence microscopy.,2010,article,mutualist,P3,4,final_reproduction_title;published_article_type,published_research_candidate,manual_biological_estimand_screen
doi:10.25772/zfzk-4g21,10.25772/zfzk-4g21,Canopy Disturbance and Reproduction in Cornus florida L.,2010,article,mutualist,P3,4,final_reproduction_title;published_article_type,published_research_candidate,manual_biological_estimand_screen
titleyear:flowering and fruit set dynamics in cypripedium|2010,,Flowering and fruit set dynamics in Cypripedium,2010,article,mutualist,P3,4,final_reproduction_title;published_article_type,published_research_candidate,manual_biological_estimand_screen
doi:10.1080/14620316.2010.11512706,10.1080/14620316.2010.11512706,Flowering and fruit set in cherimoya (Annona cherimolaMill.) as affected by the tree-training system,2010,article,mutualist,P3,4,final_reproduction_title;published_article_type,published_research_candidate,manual_biological_estimand_screen
doi:10.1890/09-0402.1,10.1890/09-0402.1,Plant species richness in montane grasslands affects the fitness of a generalist grasshopper species.,2010,"Journal Article,Research Support, Non-U.S. Gov't",antagonist,P3,4,final_reproduction_title;published_article_type,published_research_candidate,manual_biological_estimand_screen
doi:10.1086/600089,10.1086/600089,Ecological limits and fitness consequences of cross-gradient pollen movement in Lasthenia fremontii.,2009,"Journal Article,Research Support, U.S. Gov't, Non-P.H.S.",mutualist,P3,4,final_reproduction_title;published_article_type,published_research_candidate,manual_biological_estimand_screen
titleyear:effect of photoperiod on the development survival eclosion and reproduction of 4th instar nymph of three grasshopper species in inner mongolia|2009,,"Effect of photoperiod on the development,survival,eclosion and reproduction of 4th instar nymph of three grasshopper species in Inner Mongolia",2009,article,antagonist,P3,4,final_reproduction_title;published_article_type,published_research_candidate,manual_biological_estimand_screen
doi:10.1093/aob/mcp237,10.1093/aob/mcp237,"Female reproductive success decreases with display size in monkshood, Aconitum kusnezoffii (Ranunculaceae).",2009,"Journal Article,Research Support, Non-U.S. Gov't",mutualist,P3,4,final_reproduction_title;published_article_type,published_research_candidate,manual_biological_estimand_screen
doi:10.1007/s11258-009-9613-4,10.1007/s11258-009-9613-4,Variation in reproductive output of Ficus superba despite aseasonal reproduction,2009,article,mutualist,P3,4,final_reproduction_title;published_article_type,published_research_candidate,manual_biological_estimand_screen
titleyear:comparison of reproduction ecology of different ficus awkeotsang strains|2008,,Comparison of reproduction ecology of different Ficus awkeotsang strains,2008,article,antagonist;mutualist,P3,4,final_reproduction_title;published_article_type,published_research_candidate,manual_biological_estimand_screen
doi:10.1111/j.1095-8339.2007.00735.x,10.1111/j.1095-8339.2007.00735.x,Dissecting components of flowering pattern: size effects on female fitness,2008,article,mutualist,P3,4,final_reproduction_title;published_article_type,published_research_candidate,manual_biological_estimand_screen
doi:10.1093/jpe/rtn018,10.1093/jpe/rtn018,Effects of enhanced UV-B radiation on fitness of an alpine species Cerastium glomeratum Thuill,2008,article,mutualist,P3,4,final_reproduction_title;published_article_type,published_research_candidate,manual_biological_estimand_screen
doi:10.1007/s11515-007-0068-5,10.1007/s11515-007-0068-5,Effects of nectar-robbing on plant reproduction and evolution,2007,article,mutualist,P3,4,final_reproduction_title;published_article_type,published_research_candidate,manual_biological_estimand_screen
doi:10.1016/s1872-2032(08)60003-7,10.1016/s1872-2032(08)60003-7,Reproduction strategy of Trias verrucosa (Orchidaceae) from China,2007,article,mutualist,P3,4,final_reproduction_title;published_article_type,published_research_candidate,manual_biological_estimand_screen
doi:10.1071/bt06136,10.1071/bt06136,"Reproductive success in a reintroduced population of a critically endangered shrub, Symonanthus bancroftii (Solanaceae)",2007,article,mutualist,P3,4,final_reproduction_title;published_article_type,published_research_candidate,manual_biological_estimand_screen
titleyear:the reproduction strategy of trias verrucosa from china|2007,,The reproduction strategy of Trias verrucosa from China,2007,article,mutualist,P3,4,final_reproduction_title;published_article_type,published_research_candidate,manual_biological_estimand_screen
doi:10.1016/j.agee.2006.08.007,10.1016/j.agee.2006.08.007,Fecundity of volunteer oilseed rape and estimation of potential gene dispersal by a practice-related model,2006,article,mutualist,P3,4,final_reproduction_title;published_article_type,published_research_candidate,manual_biological_estimand_screen
doi:10.3732/ajb.92.1.116,10.3732/ajb.92.1.116,Environmentally induced variation in fecundity compensation in the morph-biased male-sterile distylous shrub Erythroxylum havanense (Erythroxylaceae).,2005,Journal Article,mutualist,P3,4,final_reproduction_title;published_article_type,published_research_candidate,manual_biological_estimand_screen
doi:10.1007/s00442-004-1811-0,10.1007/s00442-004-1811-0,Fecundity limits in Frangula alnus (Rhamnaceae) relict populations at the species' southern range margin.,2005,"Comparative Study,Journal Article,Research Support, Non-U.S. Gov't",mutualist,P3,4,final_reproduction_title;published_article_type,published_research_candidate,manual_biological_estimand_screen
doi:10.1515/sg-2005-0011,10.1515/sg-2005-0011,Reproductive Success of Pollen Derived From Selected and Non-Selected Sources and its Impact on the Performance of Crops in a Nematode-Resistant Japanese Black Pine Seed Orchard,2005,article,mutualist,P3,4,final_reproduction_title;published_article_type,published_research_candidate,manual_biological_estimand_screen
titleyear:flowering and seed production in a model pot grown specimen of the sweet herb stevia rebaudiana bertoni asteraceae|2004,,Flowering and seed production in a model pot-grown specimen of the sweet herb Stevia rebaudiana Bertoni (Asteraceae).,2004,article,mutualist,P3,4,final_reproduction_title;published_article_type,published_research_candidate,manual_biological_estimand_screen
doi:10.1603/0046-225x-32.3.698,10.1603/0046-225x-32.3.698,Boll Weevil (Coleoptera: Curculionidae) Feeding and Reproduction as Functions of Cotton Square Availability,2003,article,antagonist,P3,4,final_reproduction_title;published_article_type,published_research_candidate,manual_biological_estimand_screen
doi:10.1007/s00442-003-1295-3,10.1007/s00442-003-1295-3,Density-dependent seed set in the Haleakala silversword: evidence for an Allee effect.,2003,"Journal Article,Research Support, Non-U.S. Gov't,Research Support, U.S. Gov't, Non-P.H.S.",mutualist,P3,4,final_reproduction_title;published_article_type,published_research_candidate,manual_biological_estimand_screen
titleyear:effects of floral display and plant abundance on fruit production of ryncholaelia glauca orchidaceae|2003,,Effects of floral display and plant abundance on fruit production of Ryncholaelia glauca (Orchidaceae).,2003,"Journal Article,Research Support, Non-U.S. Gov't",mutualist,P3,4,final_reproduction_title;published_article_type,published_research_candidate,manual_biological_estimand_screen
doi:10.1016/s0304-3770(02)00151-1,10.1016/s0304-3770(02)00151-1,Sexual reproductive success in Posidonia oceanica,2003,article,antagonist,P3,4,final_reproduction_title;published_article_type,published_research_candidate,manual_biological_estimand_screen
titleyear:studies on flowering habit and hybrid seed set of rice tgms line 96 5 2s with double low critical temperature values|2003,,Studies on Flowering Habit and Hybrid Seed Set of Rice TGMS Line 96-5-2S with Double Low Critical Temperature Values,2003,article,mutualist,P3,4,final_reproduction_title;published_article_type,published_research_candidate,manual_biological_estimand_screen
doi:10.1016/s0304-4238(01)00289-8,10.1016/s0304-4238(01)00289-8,Effects of pre-blossom temperatures on flower development and fruit set in apricot,2002,article,mutualist,P3,4,final_reproduction_title;published_article_type,published_research_candidate,manual_biological_estimand_screen
doi:10.1890/1051-0761(2002)012[1661:fsiasc]2.0.co;2,10.1890/1051-0761(2002)012[1661:fsiasc]2.0.co;2,FECUNDITY SELECTION IN A SUNFLOWER CROP–WILD STUDY: CAN ECOLOGICAL DATA PREDICT CROP ALLELE CHANGES?,2002,article,antagonist,P3,4,final_reproduction_title;published_article_type,published_research_candidate,manual_biological_estimand_screen
doi:10.1017/s0968044602000051,10.1017/s0968044602000051,The natural history of reproduction in Solanum and Lycianthes (Solanaceae) in a subtropical moist forest,2002,article,mutualist,P3,4,final_reproduction_title;published_article_type,published_research_candidate,manual_biological_estimand_screen
doi:10.1890/0012-9658(2001)082[1734:frsone]2.0.co;2,10.1890/0012-9658(2001)082[1734:frsone]2.0.co;2,FEMALE REPRODUCTIVE SUCCESS OF NARROW ENDEMICERODIUM PAULARENSEIN CONTRASTING MICROHABITATS,2001,article,mutualist,P3,4,final_reproduction_title;published_article_type,published_research_candidate,manual_biological_estimand_screen
doi:10.1007/s004970100100,10.1007/s004970100100,Sexual reproduction in the cork oak ( Quercus suber L). II. Crossing intra- and interspecific barriers,2001,article,mutualist,P3,4,final_reproduction_title;published_article_type,published_research_candidate,manual_biological_estimand_screen
doi:10.1080/00218839.2000.11101031,10.1080/00218839.2000.11101031,Pollen dispensers (inserts) increase fruit set and yield in almonds under some commercial conditions,2000,article,mutualist,P3,4,final_reproduction_title;published_article_type,published_research_candidate,manual_biological_estimand_screen
doi:10.1890/0012-9615(2000)070[0101:vrtsvi]2.0.co;2,10.1890/0012-9615(2000)070[0101:vrtsvi]2.0.co;2,VERTEBRATE RESPONSES TO SPATIOTEMPORAL VARIATION IN SEED PRODUCTION OF MAST-FRUITING DIPTEROCARPACEAE,2000,article,antagonist,P3,4,final_reproduction_title;published_article_type,published_research_candidate,manual_biological_estimand_screen
doi:10.2307/2657169,10.2307/2657169,Vertebrate Responses to Spatiotemporal Variation in Seed Production of Mast-Fruiting Dipterocarpaceae,2000,article,antagonist,P3,4,final_reproduction_title;published_article_type,published_research_candidate,manual_biological_estimand_screen
doi:10.1674/0003-0031(1999)142[0039:codast]2.0.co;2,10.1674/0003-0031(1999)142[0039:codast]2.0.co;2,"Contribution of Delayed Autonomous Selfing to Reproductive Success in Mountain Laurel, Kalmia latifolia (Ericaceae)",1999,article,mutualist,P3,4,final_reproduction_title;published_article_type,published_research_candidate,manual_biological_estimand_screen
doi:10.2307/2656612,10.2307/2656612,Why be a honeyless honey mesquite? Reproduction and mating system of nectarful and nectarless individuals,1999,article,mutualist,P3,4,final_reproduction_title;published_article_type,published_research_candidate,manual_biological_estimand_screen
titleyear:why be a honeyless honey mesquite reproduction and mating system of nectarful and nectarless individuals|1999,,Why be a honeyless honey mesquite? Reproduction and mating system of nectarful and nectarless individuals.,1999,Journal Article,mutualist,P3,4,final_reproduction_title;published_article_type,published_research_candidate,manual_biological_estimand_screen
doi:10.1890/1051-0761(1997)007[0512:foihit]2.0.co;2,10.1890/1051-0761(1997)007[0512:foihit]2.0.co;2,FITNESS OF INTERSPECIFIC HYBRIDS IN THE GENUS SORGHUM : PERSISTENCE OF CROP GENES IN WILD POPULATIONS,1997,article,mutualist,P3,4,final_reproduction_title;published_article_type,published_research_candidate,manual_biological_estimand_screen
doi:10.2307/2269516,10.2307/2269516,Fitness of Interspecific Hybrids in the Genus Sorghum: Persistence of Crop Genes in Wild Populations,1997,article,mutualist,P3,4,final_reproduction_title;published_article_type,published_research_candidate,manual_biological_estimand_screen
doi:10.1038/hdy.1997.210,10.1038/hdy.1997.210,Male reproductive success in Pseudotsuga menziesii (Mirb.) Franco: the effects of spatial structure and flowering characteristics,1997,article,mutualist,P3,4,final_reproduction_title;published_article_type,published_research_candidate,manual_biological_estimand_screen
doi:10.1038/sj.hdy.6882600,10.1038/sj.hdy.6882600,Male reproductive success in Pseudotsuga menziesii (Mirb.) Franco: the effects of spatial structure and flowering characteristics,1997,article,mutualist,P3,4,final_reproduction_title;published_article_type,published_research_candidate,manual_biological_estimand_screen
titleyear:age specific fecundity tables and growth rate of the leaf miner aproaerema modicella deventer lepidoptera gelechiidae on groundnut during different seasons in andhra pradesh india|1996,,"Age-specific fecundity tables and growth rate of the leaf miner, Aproaerema modicella Deventer (Lepidoptera: Gelechiidae) on groundnut during different seasons in Andhra Pradesh (India)",1996,article,antagonist,P3,4,final_reproduction_title;published_article_type,published_research_candidate,manual_biological_estimand_screen
doi:10.21273/jashs.120.5.759,10.21273/jashs.120.5.759,Causes of Low Double-flowered Seed Production in Breeding Zinnia,1995,article,mutualist,P3,4,final_reproduction_title;published_article_type,published_research_candidate,manual_biological_estimand_screen
doi:10.1111/j.1442-1984.1995.tb00129.x,10.1111/j.1442-1984.1995.tb00129.x,"Relationship between Flower Number and Reproductive Success of a Spring Ephemeral Herb, Anemone flaccida (Ranunculaceae)",1995,article,mutualist,P3,4,final_reproduction_title;published_article_type,published_research_candidate,manual_biological_estimand_screen
doi:10.2307/3503410,10.2307/3503410,Effects of Dipterous Parasitoids on Reproduction of Melanoplus sanguinipes (Orthoptera: Acrididae),1994,article,antagonist,P3,4,final_reproduction_title;published_article_type,published_research_candidate,manual_biological_estimand_screen
doi:10.1007/bf00566962,10.1007/bf00566962,Sequential variation in the components of reproductive success in the distylousJasminum fruticans (Oleaceae).,1993,Journal Article,mutualist,P3,4,final_reproduction_title;published_article_type,published_research_candidate,manual_biological_estimand_screen
doi:10.1086/285190,10.1086/285190,Effects of Floral Traits on Sequential Components of Fitness in Ipomopsis aggregata,1991,article,antagonist;mutualist,P3,4,final_reproduction_title;published_article_type,published_research_candidate,manual_biological_estimand_screen
doi:10.1080/01140671.1991.10421785,10.1080/01140671.1991.10421785,Use of hydrogen cyanamide to improve flowering and fruit set in nashi ( Pyrus serafina Rehd.),1991,article,mutualist,P3,4,final_reproduction_title;published_article_type,published_research_candidate,manual_biological_estimand_screen
doi:10.1016/s0254-6299(16)31104-8,10.1016/s0254-6299(16)31104-8,Fruit production in a morphologically gynodioecious population of Bequaertiodendron magalismontanum,1990,article,mutualist,P3,4,final_reproduction_title;published_article_type,published_research_candidate,manual_biological_estimand_screen
doi:10.1111/j.1600-0587.1989.tb00838.x,10.1111/j.1600-0587.1989.tb00838.x,"Habitat selection, reproduction and survival of two small carabid species on arable land: a comparison between Trechus secalis and Bembidion lampros",1989,article,antagonist,P3,4,final_reproduction_title;published_article_type,published_research_candidate,manual_biological_estimand_screen
doi:10.1007/bf00377159,10.1007/bf00377159,Timing of reproduction in a prairie legume: seasonal impacts of insects consuming flowers and seeds.,1989,Journal Article,antagonist,P3,4,final_reproduction_title;published_article_type,published_research_candidate,manual_biological_estimand_screen
doi:10.1002/j.1537-2197.1988.tb13492.x,10.1002/j.1537-2197.1988.tb13492.x,EFFECTS OF DISTANCE BETWEEN POLLEN DONOR AND POLLEN RECIPIENT ON FITNESS COMPONENTS IN ESPELETIA SCHULTZII.,1988,Journal Article,mutualist,P3,4,final_reproduction_title;published_article_type,published_research_candidate,manual_biological_estimand_screen
doi:10.2307/2444203,10.2307/2444203,Effects of Distance between Pollen Donor and Pollen Recipient on Fitness Components in Espeletia schultzii,1988,article,mutualist,P3,4,final_reproduction_title;published_article_type,published_research_candidate,manual_biological_estimand_screen
doi:10.1016/0093-691x(88)90178-1,10.1016/0093-691x(88)90178-1,Effects of photoperiod and intermittent lighting on reproduction in pheasant hens.,1988,Journal Article,antagonist,P3,4,final_reproduction_title;published_article_type,published_research_candidate,manual_biological_estimand_screen
doi:10.1007/bf00378992,10.1007/bf00378992,Reproduction in Polemonium: factors influencing outbreeding potential.,1987,Journal Article,mutualist,P3,4,final_reproduction_title;published_article_type,published_research_candidate,manual_biological_estimand_screen
doi:10.1093/ee/16.1.269,10.1093/ee/16.1.269,"Voltinism, Seasonal Reproduction, and Diapause in the Squash Bug (Heteroptera: Coreidae) in Kansas",1987,article,antagonist,P3,4,final_reproduction_title;published_article_type,published_research_candidate,manual_biological_estimand_screen
doi:10.1007/bf02515479,10.1007/bf02515479,"Effects of host age and host availability on developmental period, adult size, sex ratio, longevity and fecundity in Lariophagus distinguendus Förster (Hymenoptera: Pteromalidae)",1985,article,antagonist,P3,4,final_reproduction_title;published_article_type,published_research_candidate,manual_biological_estimand_screen
doi:10.1002/j.1537-2197.1985.tb05369.x,10.1002/j.1537-2197.1985.tb05369.x,"FACTORS LIMITING FRUIT AND SEED PRODUCTION OF A TEMPERATE SHRUB, STAPHYLEA TRIFOLIA L. (STAPHYLEACEAE)",1985,article,mutualist,P3,4,final_reproduction_title;published_article_type,published_research_candidate,manual_biological_estimand_screen
doi:10.2307/2443538,10.2307/2443538,"Factors Limiting Fruit and Seed Production of a Temperate Shrub, Staphylea trifolia L. (Staphyleaceae)",1985,article,mutualist,P3,4,final_reproduction_title;published_article_type,published_research_candidate,manual_biological_estimand_screen
doi:10.1080/00221589.1984.11515205,10.1080/00221589.1984.11515205,"Flower receptivity, pollen transfer and fruit set variations during a single flowering period of Cox’s Orange Pippin apple",1984,article,mutualist,P3,4,final_reproduction_title;published_article_type,published_research_candidate,manual_biological_estimand_screen
doi:10.1139/b82-328,10.1139/b82-328,"Growth and reproduction of American ginseng (Panax quinquefolius) in Wisconsin, U.S.A.",1982,article,mutualist,P3,4,final_reproduction_title;published_article_type,published_research_candidate,manual_biological_estimand_screen
doi:10.1007/bf00378391,10.1007/bf00378391,Seed production and outbreaks of non-cyclic rodent populations in deciduous forests.,1982,Journal Article,antagonist,P3,4,final_reproduction_title;published_article_type,published_research_candidate,manual_biological_estimand_screen
doi:10.1139/b82-270,10.1139/b82-270,Sexual reproduction in grand fir (Abies grandis),1982,article,mutualist,P3,4,final_reproduction_title;published_article_type,published_research_candidate,manual_biological_estimand_screen
doi:10.2307/1937040,10.2307/1937040,Timing of Reproduction by Predatory Stinkbugs (Hemiptera: Pentatomidae): Patterns and Consequences for a Generalist and a Specialist,1982,article,antagonist,P3,4,final_reproduction_title;published_article_type,published_research_candidate,manual_biological_estimand_screen
doi:10.1139/b81-317,10.1139/b81-317,Sexual reproduction in subalpine fir (Abies lasiocarpa),1981,article,mutualist,P3,4,final_reproduction_title;published_article_type,published_research_candidate,manual_biological_estimand_screen
doi:10.1139/b81-112,10.1139/b81-112,Sexual reproduction of Engelmann spruce (Picea engelmannii),1981,article,mutualist,P3,4,final_reproduction_title;published_article_type,published_research_candidate,manual_biological_estimand_screen
doi:10.1139/b80-113,10.1139/b80-113,Sexual reproduction of Sitka spruce (Picea sitchensis),1980,article,mutualist,P3,4,final_reproduction_title;published_article_type,published_research_candidate,manual_biological_estimand_screen
doi:10.1139/b79-024,10.1139/b79-024,Sexual reproduction of white spruce (Picea glauca),1979,article,mutualist,P3,4,final_reproduction_title;published_article_type,published_research_candidate,manual_biological_estimand_screen
doi:10.2135/cropsci1977.0011183x001700040036x,10.2135/cropsci1977.0011183x001700040036x,Effects of Two Diverse Environments on Seed Production Characteristics of the Parent Clones of ‘Vantage’ Reed Canarygrass1,1977,article,mutualist,P3,4,final_reproduction_title;published_article_type,published_research_candidate,manual_biological_estimand_screen
doi:10.1139/b77-295,10.1139/b77-295,Seed-cone differentiation and sexual reproduction in western white pine (Pinus monticola),1977,article,mutualist,P3,4,final_reproduction_title;published_article_type,published_research_candidate,manual_biological_estimand_screen
doi:10.1080/00221589.1977.11514739,10.1080/00221589.1977.11514739,"The Effect of Temperature on Floral Behaviour, Pollen Tube Growth and Fruit Set in the Avocado",1977,article,mutualist,P3,4,final_reproduction_title;published_article_type,published_research_candidate,manual_biological_estimand_screen
doi:10.2307/1540686,10.2307/1540686,LUNAR AND TIDAL PERIODICITY OF MOLTING AND REPRODUCTION IN STOMATOPOD CRUSTACEA: A SELFISH HERD HYPOTHESIS,1976,article,antagonist,P3,4,final_reproduction_title;published_article_type,published_research_candidate,manual_biological_estimand_screen
doi:10.12133/j.smartag.sa202510026,10.12133/j.smartag.sa202510026,A Bi-LSTM Prediction Method for Apple First Flowering Date Based on Enhanced Time-Series Temperature Features,2026,article,mutualist,P3,3,timing_title;published_article_type,published_research_candidate,manual_biological_estimand_screen
doi:10.3390/horticulturae12050546,10.3390/horticulturae12050546,A Novel Ornamental and Pollination Dual-Purpose Actinidia eriantha Male Cultivar,2026,article,mutualist,P3,3,identified_partner_title;published_article_type,published_research_candidate,manual_biological_estimand_screen
doi:10.13102/sociobiology.v73i3.12543,10.13102/sociobiology.v73i3.12543,Abundance vs. Efficiency: The Role of Apis mellifera and Trigona spinipes in the Pollination of the Star Fruit Tree (Averrhoa carambola L.),2026,article,mutualist,P3,3,identified_partner_title;published_article_type,published_research_candidate,manual_biological_estimand_screen
doi:10.1111/een.70115,10.1111/een.70115,Allometric allocation strategy of entomophilous species under pollinator loss in a temperate steppe,2026,article,mutualist,P3,3,identified_partner_title;published_article_type,published_research_candidate,manual_biological_estimand_screen
doi:10.26786/1920-7603(2026)895,10.26786/1920-7603(2026)895,Assessment of pollination ecology of two understudied native mustards and the potential for interference from invasive garlic mustard,2026,article,mutualist,P3,3,identified_partner_title;published_article_type,published_research_candidate,manual_biological_estimand_screen
doi:10.4238/658hhv83,10.4238/658hhv83,"BREEDING FOR FLOWERING SYNCHRONY IN VEGETABLE CROPS: GENETIC, ENVIRONMENTAL AND MOLECULAR DETERMINANTS OF REPRODUCTIVE COORDINATION",2026,article,mutualist,P3,3,timing_title;published_article_type,published_research_candidate,manual_biological_estimand_screen
doi:10.1007/s10341-026-01918-w,10.1007/s10341-026-01918-w,"Comparative Evaluation of Phenological, Reproductive, and Fruit Quality Traits in Pear Genotypes Under Temperate Conditions",2026,article,mutualist,P3,3,timing_title;published_article_type,published_research_candidate,manual_biological_estimand_screen
doi:10.21273/hortsci19406-26,10.21273/hortsci19406-26,Cross-pollination Improves Fruit Quantity and Quality Across Northern and Southern Highbush Blueberry Cultivars,2026,article,mutualist,P3,3,identified_partner_title;published_article_type,published_research_candidate,manual_biological_estimand_screen
doi:10.3390/insects17040360,10.3390/insects17040360,Diversity Patterns of Insect Assemblages in Tilia cordata Stands in Lithuanian Protected Areas: A Two-Year Study Indicating Modest Support for Pollinator Guilds.,2026,Journal Article,mutualist,P3,3,identified_partner_title;published_article_type,published_research_candidate,manual_biological_estimand_screen
doi:10.1002/tax.70192,10.1002/tax.70192,"Diversity of flies visiting and pollinating flowers of the Southern African genus Riocreuxia (Apocynaceae: Ceropegieae, Anisotominae)",2026,article,mutualist,P3,3,identified_partner_title;published_article_type,published_research_candidate,manual_biological_estimand_screen
doi:10.51470/plantarchives.2026.v26.supplement-2.348,10.51470/plantarchives.2026.v26.supplement-2.348,"EFFECT OF GA₃, THIOUREA AND POTASSIUM NITRATE ON FLOWERING SYNCHRONY OF WALNUT (Juglans regia L.)",2026,article,mutualist,P3,3,timing_title;published_article_type,published_research_candidate,manual_biological_estimand_screen
doi:10.1111/1365-2656.70236,10.1111/1365-2656.70236,Environmental drivers of metapopulation dynamics throughout the full annual cycle in a declining Arctic-nesting migratory herbivore.,2026,Journal Article,antagonist,P3,3,identified_partner_title;published_article_type,published_research_candidate,manual_biological_estimand_screen
doi:10.51470/plantarchives.2026.v26.no.1.334,10.51470/plantarchives.2026.v26.no.1.334,FLOWERING PHENOLOGY AND POLLEN BIOLOGY OF LOW-CHILLING APPLE CULTIVARS UNDER WARM HUMID CONDITIONS OF ASSAM INDIA,2026,article,mutualist,P3,3,timing_title;published_article_type,published_research_candidate,manual_biological_estimand_screen
doi:10.1016/j.gecco.2026.e04296,10.1016/j.gecco.2026.e04296,"Fecal eDNA metabarcoding reveals diet overlap in three sympatric large vertebrates: Red deer, brown bear and capercaillie",2026,article,antagonist,P3,3,timing_title;published_article_type,published_research_candidate,manual_biological_estimand_screen
doi:10.1111/1365-2745.70348,10.1111/1365-2745.70348,Fire modulates the structural drivers and functioning of individual‐based plant‐pollinator networks,2026,article,mutualist,P3,3,identified_partner_title;published_article_type,published_research_candidate,manual_biological_estimand_screen
doi:10.1186/s12870-026-08402-3,10.1186/s12870-026-08402-3,First report of the comparative effectiveness of insect visitors for cranberry pollination and yield in Chile.,2026,"Journal Article,Comparative Study",mutualist,P3,3,identified_partner_title;published_article_type,published_research_candidate,manual_biological_estimand_screen
doi:10.1002/ajb2.70189,10.1002/ajb2.70189,Flower color polymorphism in the peacock anemone ( Anemone pavonina ) reflects spatiotemporal variation in pollinator abundance,2026,article,mutualist,P3,3,identified_partner_title;published_article_type,published_research_candidate,manual_biological_estimand_screen
doi:10.1002/ajb2.70186,10.1002/ajb2.70186,Flower color variation in Digitalis purpurea : Pollination and soil influences across native and introduced populations,2026,article,mutualist,P3,3,identified_partner_title;published_article_type,published_research_candidate,manual_biological_estimand_screen
doi:10.1016/j.scienta.2026.114838,10.1016/j.scienta.2026.114838,Flowering phenology and cross-compatibility analysis of Rhododendron genotypes to support hybrid breeding and cultivar development,2026,article,mutualist,P3,3,timing_title;published_article_type,published_research_candidate,manual_biological_estimand_screen
doi:10.1111/1365-2745.70361,10.1111/1365-2745.70361,Generalist passerine birds perform a functional role as pollinators in temperate Europe,2026,article,mutualist,P3,3,identified_partner_title;published_article_type,published_research_candidate,manual_biological_estimand_screen
doi:10.1021/acs.jafc.5c13887,10.1021/acs.jafc.5c13887,Herbivore-Induced Volatiles Orchestrate Oviposition Plasticity in Geometrid Moths to Counteract Direct Resistance in Tea Plants.,2026,Journal Article,antagonist,P3,3,identified_partner_title;published_article_type,published_research_candidate,manual_biological_estimand_screen
doi:10.22271/allresearch.2026.v12.i3sa.13671,10.22271/allresearch.2026.v12.i3sa.13671,"Honeybees as social insects, sustainable perspectives for future generations: A review",2026,article,mutualist,P3,3,identified_partner_title;published_article_type,published_research_candidate,manual_biological_estimand_screen
doi:10.1002/vms3.71101,10.1002/vms3.71101,Leave-One-Chromosome-Out Association Testing Decodes Uncapping Behaviour in Honeybees During Varroa destructor Infestation.,2026,Journal Article,mutualist,P3,3,identified_partner_title;published_article_type,published_research_candidate,manual_biological_estimand_screen
doi:10.1111/plb.70282,10.1111/plb.70282,Mixed-vertebrate pollination traits and pollinators of Haageocereus acranthus (Cactaceae) in a lomas desert ecosystem of coastal Peru.,2026,Journal Article,mutualist,P3,3,identified_partner_title;published_article_type,published_research_candidate,manual_biological_estimand_screen
doi:10.1371/journal.pone.0342105,10.1371/journal.pone.0342105,Observing shifts in phenology of tropical flowering plants.,2026,Journal Article,mutualist,P3,3,timing_title;published_article_type,published_research_candidate,manual_biological_estimand_screen
doi:10.1007/s40415-026-01137-3,10.1007/s40415-026-01137-3,Oil flowers for oil bees? pollinator performance confirms partially the pollination syndrome predicted,2026,article,mutualist,P3,3,identified_partner_title;published_article_type,published_research_candidate,manual_biological_estimand_screen
doi:10.1111/phen.70043,10.1111/phen.70043,"Ontogenetic regulation of cuticular hydrocarbon profiles and oviposition geometry in the spiralling whitefly, Aleurodicus dispersus",2026,article,antagonist,P3,3,identified_partner_title;published_article_type,published_research_candidate,manual_biological_estimand_screen
doi:10.9734/jabb/2026/v29i84252,10.9734/jabb/2026/v29i84252,Optimizing Hybrid Seed Yield in Sunflower (Helianthus annuus L.) Hybrid KBSH-78 Through Flowering Synchronization and Nitrogen Management,2026,article,mutualist,P3,3,timing_title;published_article_type,published_research_candidate,manual_biological_estimand_screen
doi:10.33545/26631067.2026.v8.i7a.778,10.33545/26631067.2026.v8.i7a.778,Phenological synchronization between Cimbex quadrimaculata emergence and almond bloom periods in French Mediterranean regions,2026,article,antagonist,P3,3,timing_title;published_article_type,published_research_candidate,manual_biological_estimand_screen
doi:10.9734/ajee/2026/v25i7975,10.9734/ajee/2026/v25i7975,"Plant–Pollinator Interactions: Biology, Ecology, Conservation and Future Perspectives",2026,article,mutualist,P3,3,identified_partner_title;published_article_type,published_research_candidate,manual_biological_estimand_screen
doi:10.1007/s44473-026-00137-1,10.1007/s44473-026-00137-1,Pollination biology of Tinospora cordifolia: a woody dioecious liana,2026,article,mutualist,P3,3,identified_partner_title;published_article_type,published_research_candidate,manual_biological_estimand_screen
doi:10.1111/afe.70073,10.1111/afe.70073,"Pollinator, pest or neither? Long‐term dynamics and functional role of cyclocephaline beetles on macaúba palm",2026,article,antagonist;mutualist,P3,3,identified_partner_title;published_article_type,published_research_candidate,manual_biological_estimand_screen
doi:10.1163/22238980-bja10150,10.1163/22238980-bja10150,"Reproductive biology of Neem (Azadirachta Indica A. Juss.): insights from phenology, pollen biology, and controlled breeding",2026,article,mutualist,P3,3,timing_title;published_article_type,published_research_candidate,manual_biological_estimand_screen
doi:10.1002/ps.70778,10.1002/ps.70778,Rhythmic dialogue: The precise synchronization between reproductive behavior and sex pheromone release in Diaphania angustalis Snellen.,2026,Journal Article,antagonist,P3,3,timing_title;published_article_type,published_research_candidate,manual_biological_estimand_screen
doi:10.1111/nph.71222,10.1111/nph.71222,Sex-specific responses of flower and leaf phenology to spring warming of a dioecious tree species.,2026,Journal Article,mutualist,P3,3,timing_title;published_article_type,published_research_candidate,manual_biological_estimand_screen
doi:10.1007/s11756-026-02140-5,10.1007/s11756-026-02140-5,Simulation of the temperature-dependent developmental response of the invasive fall armyworm Spodoptera frugiperda via phenology modeling,2026,article,antagonist,P3,3,timing_title;published_article_type,published_research_candidate,manual_biological_estimand_screen
doi:10.1007/s11258-026-01671-w,10.1007/s11258-026-01671-w,"Strategic selfing as reproductive assurance in response to pollinator instability: The mixed mating system of a dry-season flowering pioneer shrub, Wigandia urens",2026,article,mutualist,P3,3,identified_partner_title;published_article_type,published_research_candidate,manual_biological_estimand_screen
doi:10.1242/jeb.251743,10.1242/jeb.251743,Temperature overrides nutritional cues for optimal oviposition decision in a polyphagous invasive insect.,2026,Journal Article,antagonist,P3,3,identified_partner_title;published_article_type,published_research_candidate,manual_biological_estimand_screen
doi:10.1080/09583157.2026.2658544,10.1080/09583157.2026.2658544,"Temperature-dependent oviposition, development, and life table parameters of Lilioceris egena (Coleoptera: Chrysomelidae), biocontrol agent of air potato (Dioscoreales: Dioscoreaceae) in Florida",2026,article,antagonist,P3,3,identified_partner_title;published_article_type,published_research_candidate,manual_biological_estimand_screen
doi:10.1002/ecs2.70652,10.1002/ecs2.70652,The seed bank created by the dung of large herbivores drives seed circulation in an alpine meadow,2026,article,antagonist,P3,3,identified_partner_title;published_article_type,published_research_candidate,manual_biological_estimand_screen
doi:10.1038/s41598-026-40861-4,10.1038/s41598-026-40861-4,Timing of rainfall influences juvenile and yearling mass of a long-lived herbivore in a semiarid environment.,2026,Journal Article,antagonist,P3,3,identified_partner_title;published_article_type,published_research_candidate,manual_biological_estimand_screen
doi:10.1093/jxb/erag092,10.1093/jxb/erag092,Two LEAFY homologs regulate floral patterning and development without affecting flowering time in kiwifruit.,2026,Journal Article,mutualist,P3,3,timing_title;published_article_type,published_research_candidate,manual_biological_estimand_screen
doi:10.1093/pnasnexus/pgaf188,10.1093/pnasnexus/pgaf188,"A framework for reproductive outcomes of phenological match-mismatch in migratory breeders tested on a declining species, caribou.",2025,Journal Article,antagonist,P3,3,timing_title;published_article_type,published_research_candidate,manual_biological_estimand_screen
doi:10.1016/j.biocon.2025.111472,10.1016/j.biocon.2025.111472,"Artificial light at night alters morphology, phenology, and reproductive capacity in an annual herb",2025,article,mutualist,P3,3,timing_title;published_article_type,published_research_candidate,manual_biological_estimand_screen
doi:10.1093/aobpla/plaf014,10.1093/aobpla/plaf014,Bumblebee visitation and pollen dynamics in Palicourea coriacea (Rubiaceae): does coflowering with congeneric species matter?,2025,article,mutualist,P3,3,identified_partner_title;published_article_type,published_research_candidate,manual_biological_estimand_screen
doi:10.1111/1365-2745.70044,10.1111/1365-2745.70044,Changes in quantity and timing of foliar and reproductive phenology of tropical dry‐forest trees under a warming and drying climate,2025,article,mutualist,P3,3,timing_title;published_article_type,published_research_candidate,manual_biological_estimand_screen
doi:10.5281/zenodo.22813611,10.5281/zenodo.22813611,Climate Change Effects on Pollinator Distribution and Crop Pollination Services,2025,article,mutualist,P3,3,identified_partner_title;published_article_type,published_research_candidate,manual_biological_estimand_screen
doi:10.5281/zenodo.22813612,10.5281/zenodo.22813612,Climate Change Effects on Pollinator Distribution and Crop Pollination Services,2025,article,mutualist,P3,3,identified_partner_title;published_article_type,published_research_candidate,manual_biological_estimand_screen
doi:10.1098/rspb.2025.0319,10.1098/rspb.2025.0319,Context-dependent conflicting selection on flowering phenology.,2025,"Journal Article,Research Support, Non-U.S. Gov't",mutualist,P3,3,timing_title;published_article_type,published_research_candidate,manual_biological_estimand_screen
doi:10.36253/a_h-17238,10.36253/a_h-17238,Contributing to the breeding phenology of a temperate nocturnal gecko,2025,article,antagonist,P3,3,timing_title;published_article_type,published_research_candidate,manual_biological_estimand_screen
doi:10.1111/btp.70027,10.1111/btp.70027,Differences in Plant–Pollinator Network Structure and Pollinator Importance Between a Continental and an Oceanic Island Community,2025,article,mutualist,P3,3,identified_partner_title;published_article_type,published_research_candidate,manual_biological_estimand_screen
doi:10.1111/btp.70081,10.1111/btp.70081,Distinct Intra‐ and Interspecific Foraging Patterns of Stingless Bee Species as a Conservation Tool,2025,article,mutualist,P3,3,identified_partner_title;published_article_type,published_research_candidate,manual_biological_estimand_screen
doi:10.1007/s10265-025-01655-3,10.1007/s10265-025-01655-3,"Effects of water availability on floral traits and pollinators in a columnar cactus endemic to the Atacama Desert, Chile.",2025,Journal Article,mutualist,P3,3,identified_partner_title;published_article_type,published_research_candidate,manual_biological_estimand_screen
doi:10.1038/s41598-025-21168-2,10.1038/s41598-025-21168-2,Floral and pollination biology of dragon fruit reveals strategies for enhancing productivity through pollination management and reproductive window extension.,2025,Journal Article,mutualist,P3,3,identified_partner_title;published_article_type,published_research_candidate,manual_biological_estimand_screen
doi:10.1007/s10341-025-01570-w,10.1007/s10341-025-01570-w,"Flower Biology, Pollination, and Agrotechniques Involved in Flowering of Dragon Fruit—A Review",2025,article,mutualist,P3,3,identified_partner_title;published_article_type,published_research_candidate,manual_biological_estimand_screen
doi:10.1007/s42991-025-00488-w,10.1007/s42991-025-00488-w,Forage selection overlap between co-occurring introduced ungulates: insights for conservation management of a Sub-Antarctic Island,2025,article,antagonist,P3,3,timing_title;published_article_type,published_research_candidate,manual_biological_estimand_screen
doi:10.1111/2041-210x.70031,10.1111/2041-210x.70031,Handbook of protocols for standardized measurements of floral traits for pollinators in temperate communities,2025,article,mutualist,P3,3,identified_partner_title;published_article_type,published_research_candidate,manual_biological_estimand_screen
doi:10.1016/j.isprsjprs.2025.05.013,10.1016/j.isprsjprs.2025.05.013,Identify and track white flower and leaf phenology of deciduous broadleaf trees in spring with time series PlanetScope images,2025,article,mutualist,P3,3,timing_title;published_article_type,published_research_candidate,manual_biological_estimand_screen
doi:10.3390/insects16121183,10.3390/insects16121183,Insect Pollination Enhances Yield and Physicochemical Quality Traits in Three Jujube Cultivars.,2025,Journal Article,mutualist,P3,3,identified_partner_title;published_article_type,published_research_candidate,manual_biological_estimand_screen
doi:10.1002/ajb2.70015,10.1002/ajb2.70015,Latitudinal clines in the phenology of floral display associated with adaptive evolution during a biological invasion.,2025,"Journal Article,Research Support, Non-U.S. Gov't",antagonist;mutualist,P3,3,timing_title;published_article_type,published_research_candidate,manual_biological_estimand_screen
doi:10.1038/s42003-025-07670-3,10.1038/s42003-025-07670-3,Leaf-damaging behavior by queens is widespread among bumblebee species.,2025,Journal Article,mutualist,P3,3,identified_partner_title;published_article_type,published_research_candidate,manual_biological_estimand_screen
doi:10.21406/abpa.2025.13.1.76,10.21406/abpa.2025.13.1.76,"MORPHOLOGICAL, PHENOLOGICAL, AND BIOMASS TRAITS UNDERLYING THE INVASIVENESS OF FALLOPIA × BOHEMICA",2025,article,mutualist,P3,3,timing_title;published_article_type,published_research_candidate,manual_biological_estimand_screen
doi:10.21273/horttech05553-24,10.21273/horttech05553-24,"Manipulating Propagule Type and Interrow Ground Cover to Influence Flowering Time, Yield, Fruit Quality, and Harvest Dates in the Day-neutral Strawberry ‘Albion’",2025,article,mutualist,P3,3,timing_title;published_article_type,published_research_candidate,manual_biological_estimand_screen
doi:10.1002/ajb2.70046,10.1002/ajb2.70046,Mast years increase wind pollination and reduce seed predation in sugar maple (Acer saccharum).,2025,"Journal Article,Research Support, Non-U.S. Gov't,Research Support, U.S. Gov't, Non-P.H.S.",antagonist;mutualist,P3,3,identified_partner_title;published_article_type,published_research_candidate,manual_biological_estimand_screen
doi:10.1002/ecs2.70310,10.1002/ecs2.70310,"Microsite availability, not floral herbivory, limits recruitment in peripheral native thistle populations",2025,article,antagonist,P3,3,identified_partner_title;published_article_type,published_research_candidate,manual_biological_estimand_screen
doi:10.1670/23-027,10.1670/23-027,"Nesting Phenology, Nest Success, and Life History Traits of Green Salamanders (Aneides aeneus) and Associations of Weather on the Blue Ridge Escarpment",2025,article,antagonist,P3,3,timing_title;published_article_type,published_research_candidate,manual_biological_estimand_screen
doi:10.1098/rspb.2025.0643,10.1098/rspb.2025.0643,Nutrient niche dynamics among wild pollinators.,2025,"Journal Article,Research Support, N.I.H., Extramural",mutualist,P3,3,identified_partner_title;published_article_type,published_research_candidate,manual_biological_estimand_screen
doi:10.1007/s13592-025-01226-4,10.1007/s13592-025-01226-4,Overwintering challenges for solitary bee Osmia bicornis in the face of global warming-induced warm spells,2025,article,mutualist,P3,3,identified_partner_title;published_article_type,published_research_candidate,manual_biological_estimand_screen
doi:10.33545/26631067.2025.v7.i3a.778,10.33545/26631067.2025.v7.i3a.778,Phenological synchronization between Cimbex quadrimaculata emergence and almond bloom periods in French Mediterranean regions,2025,article,antagonist,P3,3,timing_title;published_article_type,published_research_candidate,manual_biological_estimand_screen
doi:10.1016/j.biocontrol.2025.105929,10.1016/j.biocontrol.2025.105929,Phenology and spatial modeling of native and exotic parasitoids for biological control of fall armyworm (Spodoptera frugiperda) in Africa under changing climate conditions,2025,article,antagonist,P3,3,timing_title;published_article_type,published_research_candidate,manual_biological_estimand_screen
titleyear:phenology and spatial modeling of native and exotic parasitoids for biological control of fall armyworm spodoptera frugiperda in africa under changing climate conditions|2025,,Phenology and spatial modeling of native and exotic parasitoids for biological control of fall armyworm (Spodoptera frugiperda) in Africa under changing climate conditions,2025,article,antagonist,P3,3,timing_title;published_article_type,published_research_candidate,manual_biological_estimand_screen
doi:10.5141/jee.25.039,10.5141/jee.25.039,Phenology of Epilachna quadricollis (Dieke) (Coccinellidae: Epilachnini) in Korea,2025,article,antagonist,P3,3,timing_title;published_article_type,published_research_candidate,manual_biological_estimand_screen
doi:10.18406/2316-1817v17nunico20251932,10.18406/2316-1817v17nunico20251932,Phenology of four tree species in an Atlantic Forest fragment in Southern Minas Gerais,2025,article,mutualist,P3,3,timing_title;published_article_type,published_research_candidate,manual_biological_estimand_screen
doi:10.1371/journal.pone.0335828,10.1371/journal.pone.0335828,Pollen-foraging preferences of honey bee colonies (Apis mellifera L.) based on plant bloom timing in an urbanized Northeast U.S. habitat.,2025,Journal Article,mutualist,P3,3,identified_partner_title;published_article_type,published_research_candidate,manual_biological_estimand_screen
doi:10.1186/s12870-025-06474-1,10.1186/s12870-025-06474-1,Pre-pollination isolation by pollinator specificity: settling moth versus hawkmoth pollination in two sympatric Habenaria species (Orchidaceae).,2025,Journal Article,mutualist,P3,3,identified_partner_title;published_article_type,published_research_candidate,manual_biological_estimand_screen
doi:10.1111/jse.13184,10.1111/jse.13184,Pre‐ and postpollination barriers between a widespread and a narrow endemic species with one‐by‐one stamen movement,2025,article,mutualist,P3,3,identified_partner_title;published_article_type,published_research_candidate,manual_biological_estimand_screen
doi:10.5152/forestist.2025.24034,10.5152/forestist.2025.24034,"Reproductive Biology of Tamarindus indica L.: Insights Into Floral Morphology, Pollination Ecology, and Breeding System",2025,article,mutualist,P3,3,identified_partner_title;published_article_type,published_research_candidate,manual_biological_estimand_screen
doi:10.3390/plants14213377,10.3390/plants14213377,Reproductive Constraints and Severe Pollinator Limitation in the Mexican Endemic Orchid Govenia capitata: Implications for Conservation.,2025,Journal Article,mutualist,P3,3,identified_partner_title;published_article_type,published_research_candidate,manual_biological_estimand_screen
doi:10.1111/nph.70373,10.1111/nph.70373,Shifting spring ephemeral pollination windows under climate change - a three-body problem.,2025,Journal Article,mutualist,P3,3,identified_partner_title;published_article_type,published_research_candidate,manual_biological_estimand_screen
doi:10.1002/oik.11211,10.1002/oik.11211,Shrunk coexistence: cattle exclusion and nutrient addition intensify competition between native and exotic grasses with low phenological overlap,2025,article,antagonist,P3,3,timing_title;published_article_type,published_research_candidate,manual_biological_estimand_screen
doi:10.1017/s0007485324000841,10.1017/s0007485324000841,Similar host instar preferences by three sympatric parasitoids of Chielomenes sexmaculata (Coleoptera: Coccinellidae): potential host niche overlapping.,2025,Journal Article,antagonist,P3,3,timing_title;published_article_type,published_research_candidate,manual_biological_estimand_screen
doi:10.1111/nph.70290,10.1111/nph.70290,Stabilizing mechanisms enable dioecious trees to maintain synchrony in spring budburst under climate warming.,2025,Journal Article,mutualist,P3,3,timing_title;published_article_type,published_research_candidate,manual_biological_estimand_screen
doi:10.1002/ece3.70729,10.1002/ece3.70729,The Late Orchid Catches the Bee: Frost Damage and Pollination Success in the Face of Global Warming in a European Terrestrial Orchid.,2025,Journal Article,mutualist,P3,3,identified_partner_title;published_article_type,published_research_candidate,manual_biological_estimand_screen
doi:10.26786/1920-7603(2025)842,10.26786/1920-7603(2025)842,Timing of flowering affects pollination of Viburnum edule in Alaskan boreal forest,2025,article,mutualist,P3,3,identified_partner_title;published_article_type,published_research_candidate,manual_biological_estimand_screen
doi:10.1111/1365-2664.70159,10.1111/1365-2664.70159,Urbanised landscape and microhabitat differences can influence flowering phenology and synchrony in an annual herb,2025,article,mutualist,P3,3,timing_title;published_article_type,published_research_candidate,manual_biological_estimand_screen
doi:10.1007/s13592-025-01192-x,10.1007/s13592-025-01192-x,Why do queen bumblebees emerge from hibernation during weekends?,2025,article,mutualist,P3,3,identified_partner_title;published_article_type,published_research_candidate,manual_biological_estimand_screen
doi:10.3390/plants14081196,10.3390/plants14081196,Wind Pollination of Apple Flowers Under Insect Exclusion Nets Questions the Insect-Dependent Pollination Model of Modern Apple Plantations.,2025,Journal Article,mutualist,P3,3,identified_partner_title;published_article_type,published_research_candidate,manual_biological_estimand_screen
doi:10.1002/fee.2701,10.1002/fee.2701,Air pollution: a threat to insect pollination,2024,article,mutualist,P3,3,identified_partner_title;published_article_type,published_research_candidate,manual_biological_estimand_screen
doi:10.9734/ijpss/2024/v36i125201,10.9734/ijpss/2024/v36i125201,Assessment of Phenological and Yield Characteristics of Apple (Malus × domestica Borkh) Varieties,2024,article,mutualist,P3,3,timing_title;published_article_type,published_research_candidate,manual_biological_estimand_screen
doi:10.1007/s00606-024-01911-4,10.1007/s00606-024-01911-4,Autumn Leucojum autumnale and spring L. trichophyllum: the same flower type for different seasons with a different pollination scenario,2024,article,mutualist,P3,3,identified_partner_title;published_article_type,published_research_candidate,manual_biological_estimand_screen
doi:10.1007/s11829-024-10064-7,10.1007/s11829-024-10064-7,Bee and plant traits drive temporal similarity of pollination interactions in areas under distinct restoration strategies,2024,article,mutualist,P3,3,identified_partner_title;published_article_type,published_research_candidate,manual_biological_estimand_screen
doi:10.5281/zenodo.19489705,10.5281/zenodo.19489705,Behavioral Ecology of Pollinator Species,2024,article,mutualist,P3,3,identified_partner_title;published_article_type,published_research_candidate,manual_biological_estimand_screen
doi:10.5281/zenodo.19489706,10.5281/zenodo.19489706,Behavioral Ecology of Pollinator Species,2024,article,mutualist,P3,3,identified_partner_title;published_article_type,published_research_candidate,manual_biological_estimand_screen
doi:10.3724/ahr.2095-0357.2024.0031,10.3724/ahr.2095-0357.2024.0031,Breeding in Mountain Tops: Water Velocity Determines Oviposition Site Selection of the Chinting Alpine Toad in Streams,2024,article,antagonist,P3,3,identified_partner_title;published_article_type,published_research_candidate,manual_biological_estimand_screen
doi:10.3389/fpls.2024.1355680,10.3389/fpls.2024.1355680,"Contradistinctive floral attributes, pollination guilds and their consequence on the outcrossing rate in two elevational morphs of Rhododendron arboreum Sm.",2024,article,mutualist,P3,3,identified_partner_title;published_article_type,published_research_candidate,manual_biological_estimand_screen
doi:10.3897/natureconservation.56.126919,10.3897/natureconservation.56.126919,Cymbidium kanran can deceptively attract Apis cerana for free pollination by releasing specialized volatile compounds,2024,article,mutualist,P3,3,identified_partner_title;published_article_type,published_research_candidate,manual_biological_estimand_screen
doi:10.1111/plb.13721,10.1111/plb.13721,Delay impacts of ant nests on plant reproductive phenology in a temperate steppe.,2024,Journal Article,mutualist,P3,3,timing_title;published_article_type,published_research_candidate,manual_biological_estimand_screen
doi:10.1007/s10265-024-01577-6,10.1007/s10265-024-01577-6,Detection of reproductive interference between closely related Salvia species with small-scale separated distributions by multifaceted pollination and molecular analyses.,2024,Journal Article,mutualist,P3,3,identified_partner_title;published_article_type,published_research_candidate,manual_biological_estimand_screen
doi:10.1242/bio.060511,10.1242/bio.060511,Development of germline progenitors in larval queen honeybee ovaries.,2024,"Journal Article,Research Support, Non-U.S. Gov't",mutualist,P3,3,identified_partner_title;published_article_type,published_research_candidate,manual_biological_estimand_screen
doi:10.1016/j.cris.2024.100087,10.1016/j.cris.2024.100087,Diet specialization mediates drivers of Cucurbita herbivory in a semi-arid agroecosystem.,2024,Journal Article,antagonist,P3,3,identified_partner_title;published_article_type,published_research_candidate,manual_biological_estimand_screen
doi:10.22271/j.ento.2024.v12.i3c.9336,10.22271/j.ento.2024.v12.i3c.9336,"Ecobiology of the Tamil Bushbrown Butterfly, Mycalesis subdita Moore (Lepidoptera: Rhopalocera: Nymphalidae: Satyrinae) from Visakhapatnam, East Coast of Southern India",2024,article,antagonist,P3,3,identified_partner_title;published_article_type,published_research_candidate,manual_biological_estimand_screen
doi:10.3390/biology14010002,10.3390/biology14010002,Effects of Floral Characters on the Pollination Biology and Breeding System of Iris setosa (Iridaceae): A Cold-Tolerant Ornamental Species from Jilin Province.,2024,Journal Article,mutualist,P3,3,identified_partner_title;published_article_type,published_research_candidate,manual_biological_estimand_screen
doi:10.1139/as-2022-0034,10.1139/as-2022-0034,Effects of short- and long-term experimental warming on plant–pollinator interactions and floral rewards in the Low Arctic,2024,article,mutualist,P3,3,identified_partner_title;published_article_type,published_research_candidate,manual_biological_estimand_screen
doi:10.1016/j.pld.2023.10.001,10.1016/j.pld.2023.10.001,Elevational and temporal patterns of pollination success in distylous and homostylous buckwheats (Fagopyrum) in the Hengduan Mountains.,2024,Journal Article,mutualist,P3,3,identified_partner_title;published_article_type,published_research_candidate,manual_biological_estimand_screen
doi:10.3390/ani14060868,10.3390/ani14060868,Estimating Mineral Requirements of Wild Herbivores: Modelling Arctic Caribou (Rangifer tarandus granti) in Summer.,2024,Journal Article,antagonist,P3,3,identified_partner_title;published_article_type,published_research_candidate,manual_biological_estimand_screen
doi:10.1093/evolut/qpad215,10.1093/evolut/qpad215,Evolution of flowering time due to variation in the onset of pollen dispersal among individuals.,2024,"Journal Article,Research Support, U.S. Gov't, Non-P.H.S.",mutualist,P3,3,timing_title;published_article_type,published_research_candidate,manual_biological_estimand_screen
doi:10.1111/1365-2745.14283,10.1111/1365-2745.14283,Facilitation against herbivory more important than resource‐based niche differences for plant coexistence in a field experiment,2024,article,antagonist,P3,3,identified_partner_title;published_article_type,published_research_candidate,manual_biological_estimand_screen
doi:10.1002/ecs2.70080,10.1002/ecs2.70080,Get it while it's hot: Benefits of a large herbivore exploiting stochastic resource pulses in a time of food scarcity,2024,article,antagonist,P3,3,identified_partner_title;published_article_type,published_research_candidate,manual_biological_estimand_screen
doi:10.5958/2349-297x.2024.00001.1,10.5958/2349-297x.2024.00001.1,Impact of climate change on insect pollinators and its implication for food security: A review,2024,article,mutualist,P3,3,identified_partner_title;published_article_type,published_research_candidate,manual_biological_estimand_screen
doi:10.1002/ecm.1637,10.1002/ecm.1637,Increasing variability in resource supply over time disrupts plant–pollinator interactions,2024,article,mutualist,P3,3,identified_partner_title;published_article_type,published_research_candidate,manual_biological_estimand_screen
doi:10.3389/fpls.2024.1500773,10.3389/fpls.2024.1500773,Integrating ecophysiology and omics to unlock crop response to drought and herbivory stress,2024,article,antagonist,P3,3,identified_partner_title;published_article_type,published_research_candidate,manual_biological_estimand_screen
doi:10.1111/ele.14514,10.1111/ele.14514,Masting and Efficient Production of Seedlings: Balancing Costs of Variation Through Synchronised Fruiting.,2024,Journal Article,antagonist,P3,3,timing_title;published_article_type,published_research_candidate,manual_biological_estimand_screen
doi:10.1007/s00709-023-01891-1,10.1007/s00709-023-01891-1,"Mating- and oviposition-dependent changes of the spermatheca and colleterial glands in the pest termite Cryptotermes brevis (Blattaria, Isoptera, Kalotermitidae).",2024,Journal Article,antagonist,P3,3,identified_partner_title;published_article_type,published_research_candidate,manual_biological_estimand_screen
doi:10.1093/evolut/qpae128,10.1093/evolut/qpae128,Mismatch between pollen and pistil size causes asymmetric mechanical reproductive isolation across Phlox species.,2024,"Journal Article,Research Support, Non-U.S. Gov't,Research Support, N.I.H., Extramural,Research Support, U.S. Gov't, Non-P.H.S.",mutualist,P3,3,timing_title;published_article_type,published_research_candidate,manual_biological_estimand_screen
doi:10.1016/j.biocontrol.2024.105565,10.1016/j.biocontrol.2024.105565,"Oviposition biology and seed damage by Smicronyx lutulentus Dietz (Coleoptera: Curculionidae), a biological control agent of Parthenium hysterophorus L. (Asteraceae) in South Africa",2024,article,antagonist,P3,3,identified_partner_title;published_article_type,published_research_candidate,manual_biological_estimand_screen
doi:10.47833/2024.3.agr.010,10.47833/2024.3.agr.010,Phenology (Study of appearance) and its importance,2024,article,mutualist,P3,3,timing_title;published_article_type,published_research_candidate,manual_biological_estimand_screen
doi:10.1002/ecy.4441,10.1002/ecy.4441,Plant community responses to the individual and interactive effects of warming and herbivory across multiple years.,2024,"Journal Article,Research Support, U.S. Gov't, Non-P.H.S.,Research Support, Non-U.S. Gov't",antagonist,P3,3,identified_partner_title;published_article_type,published_research_candidate,manual_biological_estimand_screen
doi:10.1111/1442-1984.12454,10.1111/1442-1984.12454,"Pollination ecology of Ranzania japonica (Berberidaceae), a perennial plant of a monotypic genus endemic to deep‐snow regions in Japan",2024,article,mutualist,P3,3,identified_partner_title;published_article_type,published_research_candidate,manual_biological_estimand_screen
doi:10.3390/plants13213101,10.3390/plants13213101,Prediction of Suitable Regions for Danxiaorchis yangii Combined with Pollinators Based on the SDM Model,2024,article,mutualist,P3,3,identified_partner_title;published_article_type,published_research_candidate,manual_biological_estimand_screen
doi:10.1007/s10265-023-01508-x,10.1007/s10265-023-01508-x,Reproductive isolation between two sympatric bat-pollinated Bauhinia (Leguminosae).,2024,Journal Article,mutualist,P3,3,identified_partner_title;published_article_type,published_research_candidate,manual_biological_estimand_screen
doi:10.1002/ajb2.16421,10.1002/ajb2.16421,Scent-mediated bee pollination and myrmecochory in an enigmatic geophyte with pyrogenic flowering and subterranean development of fleshy fruits.,2024,"Journal Article,Research Support, Non-U.S. Gov't",mutualist,P3,3,identified_partner_title;published_article_type,published_research_candidate,manual_biological_estimand_screen
doi:10.1111/fwb.14236,10.1111/fwb.14236,Seasonal differences in amounts of oviposition habitat and egg‐laying by caddisflies in rivers with regulated versus unregulated flows,2024,article,antagonist,P3,3,identified_partner_title;published_article_type,published_research_candidate,manual_biological_estimand_screen
doi:10.1111/gcb.17148,10.1111/gcb.17148,Spatially heterogeneous shifts in vegetation phenology induced by climate change threaten the integrity of the avian migration network.,2024,"Journal Article,Research Support, Non-U.S. Gov't",antagonist,P3,3,timing_title;published_article_type,published_research_candidate,manual_biological_estimand_screen
doi:10.1016/j.ijbiomac.2024.131503,10.1016/j.ijbiomac.2024.131503,Tandemly expanded OR17b in Himalaya ghost moth facilitates larval food allocation via olfactory reception of plant-derived tricosane.,2024,Journal Article,antagonist,P3,3,identified_partner_title;published_article_type,published_research_candidate,manual_biological_estimand_screen
doi:10.1007/s10722-024-02258-y,10.1007/s10722-024-02258-y,"Unravelling floral biology, phenology and breeding system of Punica granatum L. in Jammu division",2024,article,mutualist,P3,3,timing_title;published_article_type,published_research_candidate,manual_biological_estimand_screen
doi:10.1007/s10722-024-02180-3,10.1007/s10722-024-02180-3,"Unveiling reproductive biology, phenology, and pollen viability in Lathyrus species to enhance crop improvement",2024,article,mutualist,P3,3,timing_title;published_article_type,published_research_candidate,manual_biological_estimand_screen
doi:10.1111/gcb.17307,10.1111/gcb.17307,Widespread breakdown in masting in European beech due to rising summer temperatures.,2024,"Journal Article,Research Support, Non-U.S. Gov't",antagonist;mutualist,P3,3,identified_partner_title;published_article_type,published_research_candidate,manual_biological_estimand_screen
doi:10.3390/insects15121009,10.3390/insects15121009,Wild Bee Diversity and Bee-Plant Interactions in Tropical and Temperate Forest Clearings in a Natural Protected Area in Central West Mexico.,2024,Journal Article,mutualist,P3,3,identified_partner_title;published_article_type,published_research_candidate,manual_biological_estimand_screen
doi:10.1016/j.agee.2024.109161,10.1016/j.agee.2024.109161,Wild native insects are efficient pollinators of mangoes in the Northern Territory of Australia,2024,article,mutualist,P3,3,identified_partner_title;published_article_type,published_research_candidate,manual_biological_estimand_screen
doi:10.1111/btp.13294,10.1111/btp.13294,Winter dry season reproductive phenology in Bahamian dry forest and implications for conservation,2024,article,mutualist,P3,3,timing_title;published_article_type,published_research_candidate,manual_biological_estimand_screen
doi:10.1007/s11829-023-09977-6,10.1007/s11829-023-09977-6,Bees: potent pollinators of Leucas nutans (Lamiaceae),2023,article,mutualist,P3,3,identified_partner_title;published_article_type,published_research_candidate,manual_biological_estimand_screen
doi:10.1111/ecog.06979,10.1111/ecog.06979,Contrasting effects of beekeeping and land use on plant–pollinator networks and pathogen prevalence in Mediterranean semiarid ecosystems,2023,article,mutualist,P3,3,identified_partner_title;published_article_type,published_research_candidate,manual_biological_estimand_screen
doi:10.1002/ece3.10651,10.1002/ece3.10651,Diurnal and geographic variations of pollinator importance for Cucurbita maxima Duchesne.,2023,Journal Article,mutualist,P3,3,identified_partner_title;published_article_type,published_research_candidate,manual_biological_estimand_screen
doi:10.1111/pce.14498,10.1111/pce.14498,EPFL peptide signalling ensures robust self-pollination success under cool temperature stress by aligning the length of the stamen and pistil.,2023,"Journal Article,Research Support, Non-U.S. Gov't",mutualist,P3,3,identified_partner_title;published_article_type,published_research_candidate,manual_biological_estimand_screen
doi:10.3390/life13102080,10.3390/life13102080,Enhancing Coccinella Beetle Biological Pest Control via a Floral Approach in Cucumber Greenhouse,2023,article,mutualist,P3,3,identified_partner_title;published_article_type,published_research_candidate,manual_biological_estimand_screen
doi:10.3389/fphys.2023.1063601,10.3389/fphys.2023.1063601,Exposure to artificial light at night mediates the locomotion activity and oviposition capacity of Dastarcus helophoroides (Fairmaire).,2023,Journal Article,antagonist,P3,3,identified_partner_title;published_article_type,published_research_candidate,manual_biological_estimand_screen
doi:10.1016/j.rse.2023.113835,10.1016/j.rse.2023.113835,Extracting flowering phenology from grassland species mixtures using time-lapse cameras,2023,article,mutualist,P3,3,timing_title;published_article_type,published_research_candidate,manual_biological_estimand_screen
doi:10.1002/ecy.4012,10.1002/ecy.4012,Extreme drought disrupts plant phenology: Insights from 35 years of cloud forest data in Venezuela.,2023,"Journal Article,Research Support, U.S. Gov't, Non-P.H.S.",mutualist,P3,3,timing_title;published_article_type,published_research_candidate,manual_biological_estimand_screen
doi:10.1093/jpe/rtad003,10.1093/jpe/rtad003,Floral traits and pollination biology ofEpimedium chlorandrumStearn (Berberidaceae),2023,article,mutualist,P3,3,identified_partner_title;published_article_type,published_research_candidate,manual_biological_estimand_screen
doi:10.3389/fcosc.2023.1133329,10.3389/fcosc.2023.1133329,Functional adaptive resources for large herbivores in African savannas: an ecological-gradient based framework,2023,article,antagonist,P3,3,identified_partner_title;published_article_type,published_research_candidate,manual_biological_estimand_screen
doi:10.1670/22-028,10.1670/22-028,Geographic Variation in the Reproductive Phenology of a Widespread Amphibian,2023,article,antagonist,P3,3,timing_title;published_article_type,published_research_candidate,manual_biological_estimand_screen
doi:10.1002/ps.7529,10.1002/ps.7529,Impact of seed blend and structured maize refuge on Helicoverpa zea (Lepidoptera: Noctuidae) potential phenological resistance development parameters in pupae and adults.,2023,Journal Article,mutualist,P3,3,timing_title;published_article_type,published_research_candidate,manual_biological_estimand_screen
doi:10.1002/ecs2.4640,10.1002/ecs2.4640,Intraspecific size shifts in generalist bumblebees and flowers lead to low functional consequences,2023,article,mutualist,P3,3,identified_partner_title;published_article_type,published_research_candidate,manual_biological_estimand_screen
doi:10.1371/journal.pone.0271938,10.1371/journal.pone.0271938,Macroscopic and microscopic study on floral biology and pollination of Cinnamomum verum Blume (Sri Lankan).,2023,"Journal Article,Research Support, Non-U.S. Gov't",mutualist,P3,3,identified_partner_title;published_article_type,published_research_candidate,manual_biological_estimand_screen
doi:10.1086/723735,10.1086/723735,Periodical Cicada Emergences Affect Masting Behavior of Oaks.,2023,"Journal Article,Research Support, U.S. Gov't, Non-P.H.S.,Research Support, Non-U.S. Gov't",antagonist,P3,3,timing_title;published_article_type,published_research_candidate,manual_biological_estimand_screen
doi:10.1002/jemt.24296,10.1002/jemt.24296,"Phenology, floral and reproductive biology of Dichorisandra rhizantha Aona ( C ommelinaceae), an endemic endangered species in an A tlantic F orest fragment",2023,article,mutualist,P3,3,timing_title;published_article_type,published_research_candidate,manual_biological_estimand_screen
doi:10.1007/s11829-023-09991-8,10.1007/s11829-023-09991-8,"Pollination and floral insect visitors of non-native Crataegus monogyna Jacq and Crataegus mexicana DC (Rosaceae) in the Eastern Cape Province, South Africa",2023,article,mutualist,P3,3,identified_partner_title;published_article_type,published_research_candidate,manual_biological_estimand_screen
doi:10.13057/biodiv/d240608,10.13057/biodiv/d240608,Pollination ecology of an important medicinal plant Hellenia speciosa (J.Koenig) S.R.Dutta of Asiatic tropics,2023,article,mutualist,P3,3,identified_partner_title;published_article_type,published_research_candidate,manual_biological_estimand_screen
doi:10.1016/j.pld.2022.10.001,10.1016/j.pld.2022.10.001,Pre- and post-pollination barriers between two exotic and five native Sagittaria species: Implications for species conservation.,2023,Journal Article,mutualist,P3,3,identified_partner_title;published_article_type,published_research_candidate,manual_biological_estimand_screen
doi:10.1093/aob/mcad177,10.1093/aob/mcad177,Preface to the Focus Issue on Pollination and Floral Regulation,2023,article,mutualist,P3,3,identified_partner_title;published_article_type,published_research_candidate,manual_biological_estimand_screen
doi:10.3159/torrey-d-21-00005,10.3159/torrey-d-21-00005,Reproductive biology of Euonymus americanus (Celastraceae): Pollination by ants and cockroaches1,2023,article,mutualist,P3,3,identified_partner_title;published_article_type,published_research_candidate,manual_biological_estimand_screen
doi:10.1111/gcb.16730,10.1111/gcb.16730,Reproductive collapse in European beech results from declining pollination efficiency in large trees.,2023,Journal Article,antagonist;mutualist,P3,3,identified_partner_title;published_article_type,published_research_candidate,manual_biological_estimand_screen
doi:10.1073/pnas.2306723120,10.1073/pnas.2306723120,Sex-dependent phenological responses to climate vary across species' ranges.,2023,Journal Article,mutualist,P3,3,timing_title;published_article_type,published_research_candidate,manual_biological_estimand_screen
doi:10.1093/evolut/qpad069,10.1093/evolut/qpad069,Sex-specific selection patterns in a dioecious insect-pollinated plant.,2023,"Journal Article,Research Support, Non-U.S. Gov't",mutualist,P3,3,identified_partner_title;published_article_type,published_research_candidate,manual_biological_estimand_screen
doi:10.1016/j.sajb.2023.08.012,10.1016/j.sajb.2023.08.012,"Sympatric speciation in Erica mammosa (Ericaceae): Resprouters versus seeders and the roles of pollinators, moisture availability and fire",2023,article,mutualist,P3,3,identified_partner_title;published_article_type,published_research_candidate,manual_biological_estimand_screen
doi:10.1111/jen.12990,10.1111/jen.12990,"A temperature‐dependent phenology model for Apanteles subandinus Blanchard, parasitoid of Phthorimaea operculella Zeller and Symmetrischema tangolias (Gyen)",2022,article,antagonist,P3,3,timing_title;published_article_type,published_research_candidate,manual_biological_estimand_screen
doi:10.64873/josi.v36.i1-2.15-20,10.64873/josi.v36.i1-2.15-20,BEE POLLINATION IN CALANTHE TRICARINATA LINDL. (ORCHIDACEAE)- AN ENDANGERED ORCHID FROM NORTHWESTERN HIMALAYAS,2022,article,mutualist,P3,3,identified_partner_title;published_article_type,published_research_candidate,manual_biological_estimand_screen
doi:10.1002/ajb2.16075,10.1002/ajb2.16075,"Continuous inbreeding affects genetic variation, phenology, and reproductive strategy in ex situ cultivated Digitalis lutea.",2022,"Journal Article,Research Support, Non-U.S. Gov't",mutualist,P3,3,timing_title;published_article_type,published_research_candidate,manual_biological_estimand_screen
doi:10.1002/1438-390x.12125,10.1002/1438-390x.12125,Different effects of two exotic herbivores on the pollinator‐mediated effect of an exotic plant on a native plant,2022,article,antagonist;mutualist,P3,3,identified_partner_title;published_article_type,published_research_candidate,manual_biological_estimand_screen
doi:10.3390/plants11233306,10.3390/plants11233306,"Eco-Geography and Phenology Are the Major Drivers of Reproductive Isolation in the Royal Irises, a Species Complex in the Course of Speciation.",2022,Journal Article,mutualist,P3,3,timing_title;published_article_type,published_research_candidate,manual_biological_estimand_screen
doi:10.1111/nph.18462,10.1111/nph.18462,Effects of drought on grassland phenology depend on functional types.,2022,"Journal Article,Research Support, Non-U.S. Gov't",mutualist,P3,3,timing_title;published_article_type,published_research_candidate,manual_biological_estimand_screen
doi:10.1016/j.actao.2022.103871,10.1016/j.actao.2022.103871,"Effects of phylogeny, traits, and seasonality on invertebrate herbivory damage in a meadow community",2022,article,antagonist,P3,3,identified_partner_title;published_article_type,published_research_candidate,manual_biological_estimand_screen
doi:10.1007/s10980-022-01448-2,10.1007/s10980-022-01448-2,Effects of temporal floral resource availability and non-crop habitats on broad bean pollination.,2022,Journal Article,mutualist,P3,3,identified_partner_title;published_article_type,published_research_candidate,manual_biological_estimand_screen
doi:10.1007/s11829-021-09880-y,10.1007/s11829-021-09880-y,"Floral herbivory in the carnivorous plant, Sarracenia alata",2022,article,antagonist,P3,3,identified_partner_title;published_article_type,published_research_candidate,manual_biological_estimand_screen
doi:10.15408/kauniyah.v15i2.18157,10.15408/kauniyah.v15i2.18157,Flowering Phenology of Pinang Gajah (Nenga gajah J. Dransf.) in The Bogor Botanic Gardens,2022,article,mutualist,P3,3,timing_title;published_article_type,published_research_candidate,manual_biological_estimand_screen
doi:10.1002/ece3.8926,10.1002/ece3.8926,In search of ecological determinants of fungal infections: A semi-field experiment with folivorous moths.,2022,Journal Article,antagonist,P3,3,identified_partner_title;published_article_type,published_research_candidate,manual_biological_estimand_screen
doi:10.1111/aec.13262,10.1111/aec.13262,Ineffectiveness of ants in protecting two sympatric myrmecophilous plants against endophytic beetles,2022,article,antagonist,P3,3,identified_partner_title;published_article_type,published_research_candidate,manual_biological_estimand_screen
doi:10.1111/aje.13058,10.1111/aje.13058,Long‐term camera trapping needed to identify sunbird species that pollinate the endangered South African orchid Satyrium rhodanthum,2022,article,mutualist,P3,3,identified_partner_title;published_article_type,published_research_candidate,manual_biological_estimand_screen
doi:10.1111/ecog.06050,10.1111/ecog.06050,Long‐term changes in flowering synchrony reflect climatic changes across an elevational gradient,2022,article,mutualist,P3,3,timing_title;published_article_type,published_research_candidate,manual_biological_estimand_screen
doi:10.1098/rsbl.2022.0187,10.1098/rsbl.2022.0187,Moths complement bumblebee pollination of red clover: a case for day-and-night insect surveillance.,2022,"Journal Article,Research Support, Non-U.S. Gov't",mutualist,P3,3,identified_partner_title;published_article_type,published_research_candidate,manual_biological_estimand_screen
doi:10.1007/s11538-022-01089-1,10.1007/s11538-022-01089-1,Oviposition Model for a Southern Population of Mountain Pine Beetle.,2022,"Journal Article,Research Support, U.S. Gov't, Non-P.H.S.",antagonist,P3,3,identified_partner_title;published_article_type,published_research_candidate,manual_biological_estimand_screen
doi:10.1002/ecy.3876,10.1002/ecy.3876,Perfoliate leaves reduce herbivory in the shield‐bracted monkeyflower ( Mimulus glaucescens ),2022,article,antagonist,P3,3,identified_partner_title;published_article_type,published_research_candidate,manual_biological_estimand_screen
doi:10.1111/nph.17784,10.1111/nph.17784,Phenological displacement is uncommon among sympatric angiosperms.,2022,"Journal Article,Research Support, Non-U.S. Gov't,Research Support, U.S. Gov't, Non-P.H.S.",mutualist,P3,3,timing_title;published_article_type,published_research_candidate,manual_biological_estimand_screen
doi:10.36808/if/2022/v148i8/152034,10.36808/if/2022/v148i8/152034,"Phenology for the Weed Flora of the Tea Gardens in Terai and Hills of Darjeeling District of West Bengal, India",2022,article,mutualist,P3,3,timing_title;published_article_type,published_research_candidate,manual_biological_estimand_screen
doi:10.1134/s0013873822080012,10.1134/s0013873822080012,"Phenology of Forficula vicaria Semenov, 1902 (Dermaptera, Forficulidae) in the South of the Russian Far East",2022,article,antagonist,P3,3,timing_title;published_article_type,published_research_candidate,manual_biological_estimand_screen
doi:10.1016/j.sajb.2022.07.047,10.1016/j.sajb.2022.07.047,"Pollination system and reproductive failure in an endangered semi-evergreen tree, Syzygium myhendrae (Bedd. ex Brandis) Gamble",2022,article,mutualist,P3,3,identified_partner_title;published_article_type,published_research_candidate,manual_biological_estimand_screen
doi:10.1111/1749-4877.12572,10.1111/1749-4877.12572,Positive effect of spring advance on the diet quality of an alpine herbivore.,2022,Journal Article,antagonist,P3,3,identified_partner_title;published_article_type,published_research_candidate,manual_biological_estimand_screen
doi:10.3389/fpls.2022.908852,10.3389/fpls.2022.908852,Reproductive Isolation Among Three Nocturnal Moth-Pollinated Sympatric Habenaria Species (Orchidaceae).,2022,Journal Article,mutualist,P3,3,identified_partner_title;published_article_type,published_research_candidate,manual_biological_estimand_screen
doi:10.5958/0974-4541.2022.00042.x,10.5958/0974-4541.2022.00042.x,Studies on abundance and visitation rate of pollinators in radish (Raphanus sativus L.),2022,article,mutualist,P3,3,identified_partner_title;published_article_type,published_research_candidate,manual_biological_estimand_screen
doi:10.1093/ee/nvac047,10.1093/ee/nvac047,"Temperature-dependent Development, Survival, and Oviposition of Laricobius osakensis (Coleoptera: Derodontidae): A Specialist Predator of Adelges tsugae (Hemiptera: Adelgidae).",2022,Journal Article,antagonist,P3,3,identified_partner_title;published_article_type,published_research_candidate,manual_biological_estimand_screen
doi:10.1111/gcb.15923,10.1111/gcb.15923,Testing the match-mismatch hypothesis in bighorn sheep in the context of climate change.,2022,Journal Article,antagonist,P3,3,timing_title;published_article_type,published_research_candidate,manual_biological_estimand_screen
doi:10.1111/ecog.06143,10.1111/ecog.06143,The importance of including phenology when modelling species ecological niche,2022,article,mutualist,P3,3,timing_title;published_article_type,published_research_candidate,manual_biological_estimand_screen
doi:10.3390/insects13070580,10.3390/insects13070580,"To Every Thing There Is a Season: Phenology and Photoperiodic Control of Seasonal Development in the Invasive Caucasian Population of the Brown Marmorated Stink Bug, Halyomorpha halys (Hemiptera: Heteroptera: Pentatomidae).",2022,Journal Article,antagonist,P3,3,timing_title;published_article_type,published_research_candidate,manual_biological_estimand_screen
doi:10.1111/1365-2435.14049,10.1111/1365-2435.14049,Top‐down cascading effects of seed‐feeding beetles and their parasitoids on plants and leaf herbivores,2022,article,antagonist,P3,3,identified_partner_title;published_article_type,published_research_candidate,manual_biological_estimand_screen
doi:10.3390/plants11243535,10.3390/plants11243535,"Volatile Chemical Variation of Essential Oils and Their Correlation with Insects, Phenology, Ontogeny and Microclimate: Piper mollicomum Kunth, a Case of Study.",2022,Journal Article,mutualist,P3,3,timing_title;published_article_type,published_research_candidate,manual_biological_estimand_screen
doi:10.7717/peerj.13009,10.7717/peerj.13009,"Water stress and nitrogen supply affect floral traits and pollination of the white mustard, Sinapis alba (Brassicaceae).",2022,"Journal Article,Research Support, Non-U.S. Gov't",mutualist,P3,3,identified_partner_title;published_article_type,published_research_candidate,manual_biological_estimand_screen
doi:10.1002/ajb2.16018,10.1002/ajb2.16018,Why are some hummingbird‐pollinated plant clades so species‐rich?,2022,article,mutualist,P3,3,identified_partner_title;published_article_type,published_research_candidate,manual_biological_estimand_screen
doi:10.1007/s00606-022-01817-z,10.1007/s00606-022-01817-z,Winter flowers for bees: reproductive biology of Trixis praestans (Asteraceae),2022,article,mutualist,P3,3,identified_partner_title;published_article_type,published_research_candidate,manual_biological_estimand_screen
doi:10.1186/s12870-021-03319-5,10.1186/s12870-021-03319-5,A new brood-pollination mutualism between Stellera chamaejasme and flower thrips Frankliniella intonsa.,2021,Journal Article,mutualist,P3,3,identified_partner_title;published_article_type,published_research_candidate,manual_biological_estimand_screen
doi:10.1098/rstb.2020.0371,10.1098/rstb.2020.0371,By wind or wing: pollination syndromes and alternate bearing in horticultural systems.,2021,"Journal Article,Research Support, Non-U.S. Gov't,Research Support, U.S. Gov't, Non-P.H.S.",mutualist,P3,3,identified_partner_title;published_article_type,published_research_candidate,manual_biological_estimand_screen
doi:10.3120/0024-9637-68.4.406,10.3120/0024-9637-68.4.406,DO HABITAT SHIFTS ALTER FLOWERING PHENOLOGY OVERLAP IN CLOSE RELATIVES? IMPLICATIONS FOR LOCAL COEXISTENCE,2021,article,mutualist,P3,3,timing_title;published_article_type,published_research_candidate,manual_biological_estimand_screen
doi:10.1111/1365-2745.13708,10.1111/1365-2745.13708,Differences between flower and leaf phenological responses to environmental variation drive shifts in spring phenological sequences of temperate woody plants,2021,article,mutualist,P3,3,timing_title;published_article_type,published_research_candidate,manual_biological_estimand_screen
doi:10.1002/ece3.7616,10.1002/ece3.7616,Effects of temperature and photoperiod on the seasonal timing of Western honey bee colonies and an early spring flowering plant.,2021,Journal Article,mutualist,P3,3,identified_partner_title;published_article_type,published_research_candidate,manual_biological_estimand_screen
doi:10.3390/insects12060512,10.3390/insects12060512,Elevated CO(2) Impacts on Plant-Pollinator Interactions: A Systematic Review and Free Air Carbon Enrichment Field Study.,2021,Journal Article,mutualist,P3,3,identified_partner_title;published_article_type,published_research_candidate,manual_biological_estimand_screen
doi:10.1111/aec.13119,10.1111/aec.13119,"Evidence that predator satiation drives reproductive synchrony in the desert masting grass, soft spinifex (Triodia pungens)",2021,article,antagonist,P3,3,timing_title;published_article_type,published_research_candidate,manual_biological_estimand_screen
doi:10.35248/2161-0983.21.10.248,10.35248/2161-0983.21.10.248,"Flight and Aggregation of the Rice Black Bug (RBB), Scotinophara coarctataIndicate an Ovipositional Preference for the Booting Stage of Rice",2021,article,antagonist,P3,3,identified_partner_title;published_article_type,published_research_candidate,manual_biological_estimand_screen
doi:10.3390/plants10030461,10.3390/plants10030461,Flowering Phenology Adjustment and Flower Longevity in a South American Alpine Species.,2021,Journal Article,mutualist,P3,3,timing_title;published_article_type,published_research_candidate,manual_biological_estimand_screen
doi:10.1016/j.ecochg.2021.100013,10.1016/j.ecochg.2021.100013,"From the ground up: Building predictions for how climate change will affect belowground mutualisms, floral traits, and bee behavior",2021,article,mutualist,P3,3,identified_partner_title;published_article_type,published_research_candidate,manual_biological_estimand_screen
doi:10.17615/7rpp-yj24,10.17615/7rpp-yj24,GEOGRAPHIC VARIATION AMONG HERBIVORE POPULATIONS IN TOLERANCE FOR A CHEMICALLY RICH SEAWEED,2021,article,antagonist,P3,3,identified_partner_title;published_article_type,published_research_candidate,manual_biological_estimand_screen
doi:10.1002/ajb2.1786,10.1002/ajb2.1786,"Herbivory and jasmonate treatment affect reproductive traits in wild Lima bean, but without transgenerational effects.",2021,"Journal Article,Research Support, Non-U.S. Gov't",antagonist;mutualist,P3,3,identified_partner_title;published_article_type,published_research_candidate,manual_biological_estimand_screen
doi:10.3897/jhr.88.73532,10.3897/jhr.88.73532,Higher developmental temperature increases queen production and decreases worker body size in the bumblebee Bombus terrestris,2021,article,mutualist,P3,3,identified_partner_title;published_article_type,published_research_candidate,manual_biological_estimand_screen
doi:10.1093/treephys/tpaa151,10.1093/treephys/tpaa151,Identification of early and late flowering time candidate genes in endodormant and ecodormant almond flower buds.,2021,"Journal Article,Research Support, Non-U.S. Gov't",mutualist,P3,3,timing_title;published_article_type,published_research_candidate,manual_biological_estimand_screen
doi:10.1111/afe.12464,10.1111/afe.12464,Increased compositional heterogeneity of mass‐flowering orchard crops does not promote wild bee abundance in orchards,2021,article,mutualist,P3,3,identified_partner_title;published_article_type,published_research_candidate,manual_biological_estimand_screen
doi:10.1111/1442-1984.12327,10.1111/1442-1984.12327,Increased variation in sex organ positions can increase reciprocity and pollination success in heterostylous plant populations,2021,article,mutualist,P3,3,identified_partner_title;published_article_type,published_research_candidate,manual_biological_estimand_screen
doi:10.1111/1365-2745.13694,10.1111/1365-2745.13694,Individual‐based plant–pollinator networks are structured by phenotypic and microsite plant traits,2021,article,mutualist,P3,3,identified_partner_title;published_article_type,published_research_candidate,manual_biological_estimand_screen
doi:10.1002/ecy.3334,10.1002/ecy.3334,Migration distance and maternal resource allocation determine timing of birth in a large herbivore.,2021,"Journal Article,Research Support, Non-U.S. Gov't,Research Support, U.S. Gov't, Non-P.H.S.",antagonist,P3,3,identified_partner_title;published_article_type,published_research_candidate,manual_biological_estimand_screen
doi:10.1038/s41598-021-98068-8,10.1038/s41598-021-98068-8,Phenology of Oithona similis demonstrates that ecological flexibility may be a winning trait in the warming Arctic.,2021,"Journal Article,Research Support, Non-U.S. Gov't",antagonist,P3,3,timing_title;published_article_type,published_research_candidate,manual_biological_estimand_screen
doi:10.1002/ece3.7203,10.1002/ece3.7203,Plant species with the trait of continuous flowering do not hold core roles in a Neotropical lowland plant-pollinating insect network.,2021,Journal Article,mutualist,P3,3,identified_partner_title;published_article_type,published_research_candidate,manual_biological_estimand_screen
doi:10.1111/ele.13823,10.1111/ele.13823,Plants and pollinators: Will natural selection cause an imbalance between nectar supply and demand?,2021,Journal Article,mutualist,P3,3,identified_partner_title;published_article_type,published_research_candidate,manual_biological_estimand_screen
doi:10.1111/njb.02976,10.1111/njb.02976,"Pollination biology and breeding system analysis of Ulmus wallichiana Planchon (Ulmaceae), a rare and threatened tree species of Central and Western Himalaya",2021,article,mutualist,P3,3,identified_partner_title;published_article_type,published_research_candidate,manual_biological_estimand_screen
doi:10.1007/s00114-021-01764-8,10.1007/s00114-021-01764-8,Pollination generalization and reproductive assurance by selfing in a tropical montane ecosystem.,2021,Journal Article,mutualist,P3,3,identified_partner_title;published_article_type,published_research_candidate,manual_biological_estimand_screen
doi:10.1016/j.ecochg.2021.100043,10.1016/j.ecochg.2021.100043,Pollinator-mediated reproductive consequences of altered co-flowering under climate change conditions depend on abiotic context,2021,article,mutualist,P3,3,identified_partner_title;published_article_type,published_research_candidate,manual_biological_estimand_screen
doi:10.1016/j.jnc.2021.126120,10.1016/j.jnc.2021.126120,"Rarity up in the mountain: Ecological niche modeling, phenology, and reproductive biology of the most commercialized Masdevallia species",2021,article,mutualist,P3,3,timing_title;published_article_type,published_research_candidate,manual_biological_estimand_screen
doi:10.3390/plants10091907,10.3390/plants10091907,Reproductive Biology and Pollination Ecology of Berberis lycium Royle: A Highly Valued Shrub of Immense Medicinal Significance.,2021,Journal Article,mutualist,P3,3,identified_partner_title;published_article_type,published_research_candidate,manual_biological_estimand_screen
doi:10.1080/23818107.2021.1872041,10.1080/23818107.2021.1872041,Revisiting pollination mode in chestnut (Castanea spp.): an integrated approach,2021,article,mutualist,P3,3,identified_partner_title;published_article_type,published_research_candidate,manual_biological_estimand_screen
doi:10.1139/cjb-2021-0021,10.1139/cjb-2021-0021,Seasonal variation in air temperature drives reproductive phenology of entomophilous plants in a cool-temperate mire community,2021,article,mutualist,P3,3,timing_title;published_article_type,published_research_candidate,manual_biological_estimand_screen
doi:10.1016/j.jtherbio.2021.103031,10.1016/j.jtherbio.2021.103031,Temperature-dependent phenology of the parasitoid Fopius arisanus on the host Bactrocera dorsalis.,2021,Journal Article,antagonist,P3,3,timing_title;published_article_type,published_research_candidate,manual_biological_estimand_screen
doi:10.1111/een.13064,10.1111/een.13064,The specialist of a specialist: the natural history of the predispersal seed predator weevil Hemicolpus abdominalis (Coleoptera: Curculionidae),2021,article,antagonist;mutualist,P3,3,identified_partner_title;published_article_type,published_research_candidate,manual_biological_estimand_screen
doi:10.1111/oik.08860,10.1111/oik.08860,Timing of short‐term drought structures plant–herbivore dynamics,2021,article,antagonist,P3,3,identified_partner_title;published_article_type,published_research_candidate,manual_biological_estimand_screen
doi:10.1016/j.cub.2020.06.056,10.1016/j.cub.2020.06.056,Climate Change Strengthens Selection for Mast Seeding in European Beech.,2020,"Journal Article,Research Support, Non-U.S. Gov't",antagonist;mutualist,P3,3,identified_partner_title;published_article_type,published_research_candidate,manual_biological_estimand_screen
doi:10.1098/rspb.2020.0649,10.1098/rspb.2020.0649,Community-level reorganizations following migratory pollinator dynamics along a latitudinal gradient.,2020,"Journal Article,Research Support, Non-U.S. Gov't",mutualist,P3,3,identified_partner_title;published_article_type,published_research_candidate,manual_biological_estimand_screen
titleyear:competition between wild bees and manged honeybees|2020,,Competition between wild bees and manged honeybees,2020,article,mutualist,P3,3,identified_partner_title;published_article_type,published_research_candidate,manual_biological_estimand_screen
doi:10.1002/ece3.6488,10.1002/ece3.6488,"Diet of a rare herbivore based on DNA metabarcoding of feces: Selection, seasonality, and survival.",2020,Journal Article,antagonist,P3,3,identified_partner_title;published_article_type,published_research_candidate,manual_biological_estimand_screen
doi:10.1007/s11427-019-1678-6,10.1007/s11427-019-1678-6,Divergence in flowering time is a major component contributing to reproductive isolation between two wild rice species (Oryza rufipogon and O. nivara).,2020,Journal Article,mutualist,P3,3,timing_title;published_article_type,published_research_candidate,manual_biological_estimand_screen
doi:10.1002/ece3.6312,10.1002/ece3.6312,Divergent selection on flowering phenology but not on floral morphology between two closely related orchids.,2020,Journal Article,mutualist,P3,3,timing_title;published_article_type,published_research_candidate,manual_biological_estimand_screen
doi:10.1007/s00114-020-01711-z,10.1007/s00114-020-01711-z,Does leaf flushing in the dry season affect leaf traits and herbivory in a tropical dry forest?,2020,article,antagonist,P3,3,identified_partner_title;published_article_type,published_research_candidate,manual_biological_estimand_screen
doi:10.1093/aob/mcaa118,10.1093/aob/mcaa118,Does masting scale with plant size? High reproductive variability and low synchrony in small and unproductive individuals.,2020,"Journal Article,Research Support, Non-U.S. Gov't,Research Support, U.S. Gov't, Non-P.H.S.",antagonist,P3,3,timing_title;published_article_type,published_research_candidate,manual_biological_estimand_screen
doi:10.1016/j.chnaes.2020.09.010,10.1016/j.chnaes.2020.09.010,Effect of volatiles emitted from wilted Populus nigra L. leaves on the mating and oviposition of Helicoverpa armigera (Hübner),2020,article,antagonist,P3,3,identified_partner_title;published_article_type,published_research_candidate,manual_biological_estimand_screen
doi:10.13102/sociobiology.v67i2.4846,10.13102/sociobiology.v67i2.4846,Effects of ants on pollinator performance in a distylous pericarpial nectary-bearing Rubiaceae in Brazilian Cerrado,2020,article,antagonist;mutualist,P3,3,identified_partner_title;published_article_type,published_research_candidate,manual_biological_estimand_screen
doi:10.1002/ajb2.1533,10.1002/ajb2.1533,Facilitation with a grain of salt: reduced pollinator visitation is an indirect cost of association with the foundation species creosote bush (Larrea tridentata).,2020,"Journal Article,Research Support, Non-U.S. Gov't",mutualist,P3,3,identified_partner_title;published_article_type,published_research_candidate,manual_biological_estimand_screen
doi:10.3389/fpls.2020.00536,10.3389/fpls.2020.00536,"Flowering Phenology Shifts in Response to Functional Traits, Growth Form, and Phylogeny of Woody Species in a Desert Area.",2020,Journal Article,mutualist,P3,3,timing_title;published_article_type,published_research_candidate,manual_biological_estimand_screen
doi:10.1111/1365-2435.13633,10.1111/1365-2435.13633,Fungal volatiles influence plant defence against above‐ground and below‐ground herbivory,2020,article,antagonist,P3,3,identified_partner_title;published_article_type,published_research_candidate,manual_biological_estimand_screen
doi:10.1111/jen.12791,10.1111/jen.12791,Infestation of fruit by conspecific and heterospecific females deters oviposition in two Tephritidae fruit fly species,2020,article,antagonist,P3,3,identified_partner_title;published_article_type,published_research_candidate,manual_biological_estimand_screen
doi:10.1111/1365-2664.13787,10.1111/1365-2664.13787,Insufficient native pollinators during artificially induced early flowering decrease yield and long‐term economic viability of a tropical fruit crop,2020,article,mutualist,P3,3,identified_partner_title;published_article_type,published_research_candidate,manual_biological_estimand_screen
doi:10.3390/plants9111509,10.3390/plants9111509,Intraspecific Seasonal Variation of Flowering Synchronization in a Heterodichogamous Tree.,2020,Journal Article,mutualist,P3,3,timing_title;published_article_type,published_research_candidate,manual_biological_estimand_screen
doi:10.3390/metabo10050214,10.3390/metabo10050214,Metabolomic Profiling of Nicotiana Spp. Nectars Indicate That Pollinator Feeding Preference Is a Stronger Determinant Than Plant Phylogenetics in Shaping Nectar Diversity.,2020,Journal Article,mutualist,P3,3,identified_partner_title;published_article_type,published_research_candidate,manual_biological_estimand_screen
doi:10.3897/bdj.8.e52057,10.3897/bdj.8.e52057,Moth versus fly: a preliminary study of the pollination mode of two species of endemic Asteraceae from St Helena (Commidendrum robustum and C. rugosum) and its conservation implications.,2020,Journal Article,mutualist,P3,3,identified_partner_title;published_article_type,published_research_candidate,manual_biological_estimand_screen
doi:10.1007/s10530-020-02305-6,10.1007/s10530-020-02305-6,Neutral effect of an invasive plant species with specialized flower structure on native pollinator communities,2020,article,mutualist,P3,3,identified_partner_title;published_article_type,published_research_candidate,manual_biological_estimand_screen
doi:10.3389/fevo.2020.566964,10.3389/fevo.2020.566964,Nocturnal Bees Feed on Diurnal Leftovers and Pay the Price of Day – Night Lifestyle Transition,2020,article,mutualist,P3,3,identified_partner_title;published_article_type,published_research_candidate,manual_biological_estimand_screen
doi:10.22271/tpr.2020.v7.i2.048,10.22271/tpr.2020.v7.i2.048,"Phenology and seed development in Mesua ferrea L., a rare medicinal tropical tree species",2020,article,mutualist,P3,3,timing_title;published_article_type,published_research_candidate,manual_biological_estimand_screen
titleyear:phenology dynamics in california grasslands abiotic and biotic influences on the duration of flowering|2020,,Phenology dynamics in California grasslands: Abiotic and biotic influences on the duration of flowering,2020,article,mutualist,P3,3,timing_title;published_article_type,published_research_candidate,manual_biological_estimand_screen
doi:10.17957/ijab/15.1532,10.17957/ijab/15.1532,Pollination Ecology of Eleutherococcus trifoliatus (Araliaceae): A Wild Medicinal and Edible Species in Southwest Asia,2020,article,mutualist,P3,3,identified_partner_title;published_article_type,published_research_candidate,manual_biological_estimand_screen
doi:10.1038/s41598-020-64964-8,10.1038/s41598-020-64964-8,Pollinator divergence and pollination isolation between hybrids with different floral color and morphology in two sympatric Penstemon species.,2020,"Journal Article,Research Support, Non-U.S. Gov't",mutualist,P3,3,identified_partner_title;published_article_type,published_research_candidate,manual_biological_estimand_screen
doi:10.1007/s10265-020-01226-8,10.1007/s10265-020-01226-8,Post-pollination barriers enable coexistence of pollinator-sharing ornithophilous Erica species.,2020,Journal Article,mutualist,P3,3,identified_partner_title;published_article_type,published_research_candidate,manual_biological_estimand_screen
doi:10.3390/agronomy10050652,10.3390/agronomy10050652,Profitability of Artificial Pollination in ‘Manzanillo’ Olive Orchards,2020,article,mutualist,P3,3,identified_partner_title;published_article_type,published_research_candidate,manual_biological_estimand_screen
doi:10.1111/1442-1984.12298,10.1111/1442-1984.12298,Rat‐ and bat‐pollination of Mucuna championii ( Fabaceae ) in Hong Kong,2020,article,mutualist,P3,3,identified_partner_title;published_article_type,published_research_candidate,manual_biological_estimand_screen
doi:10.1002/csc2.20367,10.1002/csc2.20367,Reproductive phenology and feeding patterns of Listronotus maculicollis during spring emergence: Implications for spring management,2020,article,antagonist,P3,3,timing_title;published_article_type,published_research_candidate,manual_biological_estimand_screen
doi:10.1002/ecs2.3251,10.1002/ecs2.3251,Seasonal change of flower sex ratio and pollinator dynamics in three reproductive ecotypes of protandrous plant,2020,article,mutualist,P3,3,identified_partner_title;published_article_type,published_research_candidate,manual_biological_estimand_screen
doi:10.1007/s13592-020-00782-1,10.1007/s13592-020-00782-1,Seasonality of bumblebee spillover between strawberry crops and adjacent pinewoods,2020,article,mutualist,P3,3,identified_partner_title;published_article_type,published_research_candidate,manual_biological_estimand_screen
doi:10.3390/insects11120841,10.3390/insects11120841,Short-Term Cold Stress Affects Parasitism on the Asian Chestnut Gall Wasp Dryocosmus kuriphilus.,2020,Journal Article,antagonist,P3,3,identified_partner_title;published_article_type,published_research_candidate,manual_biological_estimand_screen
doi:10.1002/ecy.3029,10.1002/ecy.3029,"Species-specific, age-varying plant traits affect herbivore growth and survival.",2020,"Journal Article,Research Support, U.S. Gov't, Non-P.H.S.",antagonist,P3,3,identified_partner_title;published_article_type,published_research_candidate,manual_biological_estimand_screen
doi:10.18805/ijare.a-5243,10.18805/ijare.a-5243,Studies on Phenology and Reproductive Biology of Khejri [Prosopis cineraria (L.) Druce],2020,article,mutualist,P3,3,timing_title;published_article_type,published_research_candidate,manual_biological_estimand_screen
doi:10.3390/agronomy10081153,10.3390/agronomy10081153,The Ecology of Autogamy in Wild Blueberry (Vaccinium angustifolium Aiton): Does the Early Clone Get the Bee?,2020,article,mutualist,P3,3,identified_partner_title;published_article_type,published_research_candidate,manual_biological_estimand_screen
doi:10.1111/oik.07274,10.1111/oik.07274,Urbanization drives an early spring for plants but not for pollinators,2020,article,mutualist,P3,3,identified_partner_title;published_article_type,published_research_candidate,manual_biological_estimand_screen
doi:10.1093/aob/mcz087,10.1093/aob/mcz087,A symbiotic balancing act: arbuscular mycorrhizal specificity and specialist fungus gnat pollination in the mycoheterotrophic genus Thismia (Thismiaceae).,2019,"Journal Article,Research Support, Non-U.S. Gov't",mutualist,P3,3,identified_partner_title;published_article_type,published_research_candidate,manual_biological_estimand_screen
doi:10.1016/j.isprsjprs.2019.08.006,10.1016/j.isprsjprs.2019.08.006,An enhanced bloom index for quantifying floral phenology using multi-scale remote sensing observations,2019,article,mutualist,P3,3,timing_title;published_article_type,published_research_candidate,manual_biological_estimand_screen
doi:10.1093/aob/mcz021,10.1093/aob/mcz021,Ant pollination of Paepalanthus lundii (Eriocaulaceae) in Brazilian savanna.,2019,"Journal Article,Research Support, Non-U.S. Gov't",mutualist,P3,3,identified_partner_title;published_article_type,published_research_candidate,manual_biological_estimand_screen
doi:10.1038/s41598-019-50059-6,10.1038/s41598-019-50059-6,"Climate change, range shifts, and the disruption of a pollinator-plant complex.",2019,"Journal Article,Research Support, Non-U.S. Gov't",mutualist,P3,3,identified_partner_title;published_article_type,published_research_candidate,manual_biological_estimand_screen
doi:10.1073/pnas.1813367115,10.1073/pnas.1813367115,Climate-induced phenological shifts in a Batesian mimicry complex.,2019,"Journal Article,Research Support, Non-U.S. Gov't",mutualist,P3,3,timing_title;published_article_type,published_research_candidate,manual_biological_estimand_screen
doi:10.5061/dryad.2bm34c2,10.5061/dryad.2bm34c2,"Data from: Specialist foragers in forest bee communities are small, social or emerge early",2019,article,mutualist,P3,3,identified_partner_title;published_article_type,published_research_candidate,manual_biological_estimand_screen
doi:10.3390/insects10010026,10.3390/insects10010026,Different Oviposition Strategies of Closely Related Damselfly Species as an Effective Defense against Parasitoids.,2019,Journal Article,antagonist,P3,3,identified_partner_title;published_article_type,published_research_candidate,manual_biological_estimand_screen
doi:10.1111/ens.12381,10.1111/ens.12381,Diving beetle offspring oviposited in amphibian spawn prey on the tadpoles upon hatching,2019,article,antagonist,P3,3,identified_partner_title;published_article_type,published_research_candidate,manual_biological_estimand_screen
doi:10.1002/ajb2.1355,10.1002/ajb2.1355,Does sexual dimorphism exist in flowering phenology traits in anemophilous dioecious species? A test with Rumex acetosa.,2019,Journal Article,mutualist,P3,3,timing_title;published_article_type,published_research_candidate,manual_biological_estimand_screen
doi:10.1038/s41598-019-53035-2,10.1038/s41598-019-53035-2,"Effective pollination of Aeschynanthus acuminatus (Gesneriaceae) by generalist passerines, in sunbird-absent East Asia.",2019,"Journal Article,Research Support, Non-U.S. Gov't",mutualist,P3,3,identified_partner_title;published_article_type,published_research_candidate,manual_biological_estimand_screen
doi:10.1086/704111,10.1086/704111,Environmental Veto Synchronizes Mast Seeding in Four Contrasting Tree Species.,2019,"Journal Article,Research Support, Non-U.S. Gov't",mutualist,P3,3,timing_title;published_article_type,published_research_candidate,manual_biological_estimand_screen
doi:10.1086/706240,10.1086/706240,"Floral Evolution: Breeding Systems, Pollinators, and Beyond",2019,article,antagonist;mutualist,P3,3,identified_partner_title;published_article_type,published_research_candidate,manual_biological_estimand_screen
doi:10.18357/tar101201918921,10.18357/tar101201918921,"Floral Longevity and Attraction of Arctic Lupine, Lupinus arcticus: Implications for Pollination Efficiency",2019,article,mutualist,P3,3,identified_partner_title;published_article_type,published_research_candidate,manual_biological_estimand_screen
doi:10.1590/1809-4392201802992,10.1590/1809-4392201802992,"Floral phenology, seed germination and hybrid plants of the Amerindian yam (Dioscorea trifida)",2019,article,mutualist,P3,3,timing_title;published_article_type,published_research_candidate,manual_biological_estimand_screen
doi:10.2985/026.025.0101,10.2985/026.025.0101,"Florivory Effects on Pollinator Preference and The Reproductive Output of A Threatened Living Rock Cactus, Ariocarpus retusus (Cactaceae)",2019,article,antagonist;mutualist,P3,3,identified_partner_title;published_article_type,published_research_candidate,manual_biological_estimand_screen
doi:10.3923/ijar.2020.1.8,10.3923/ijar.2020.1.8,Flowering Biology and Phenology of Aonla (Emblica officinalis Gaertn.) in the Semi-arid Environment of North-West India,2019,article,mutualist,P3,3,timing_title;published_article_type,published_research_candidate,manual_biological_estimand_screen
doi:10.3390/insects10040116,10.3390/insects10040116,Foraging Behavior and Pollination Efficiency of Apis mellifera L. on the Oil Tree Peony 'Feng Dan' (Paeonia ostii T. Hong et J.X. Zhang).,2019,Journal Article,mutualist,P3,3,identified_partner_title;published_article_type,published_research_candidate,manual_biological_estimand_screen
doi:10.18343/jipi.24.3.247,10.18343/jipi.24.3.247,Foraging Behaviour and Pollination Efficiency of Heterotrigona itama (Cockerell) and Tetragonula laeviceps (Smith) (Hymenoptera: Apidae) on Chayote,2019,article,mutualist,P3,3,identified_partner_title;published_article_type,published_research_candidate,manual_biological_estimand_screen
doi:10.25675/3.019067,10.25675/3.019067,Implications of global climate change on cow parsnip in Colorado: from flowering phenology to multitrophic interactions,2019,article,mutualist,P3,3,timing_title;published_article_type,published_research_candidate,manual_biological_estimand_screen
doi:10.1086/702312,10.1086/702312,Lagging Adaptation to Climate Supersedes Local Adaptation to Herbivory in an Annual Monkeyflower.,2019,"Journal Article,Research Support, Non-U.S. Gov't,Research Support, U.S. Gov't, Non-P.H.S.",antagonist,P3,3,identified_partner_title;published_article_type,published_research_candidate,manual_biological_estimand_screen
doi:10.1093/aob/mcy181,10.1093/aob/mcy181,Mating systems and avoidance of inbreeding depression as evolutionary drivers of pollen limitation in animal-pollinated self-compatible plants.,2019,"Journal Article,Research Support, Non-U.S. Gov't",mutualist,P3,3,identified_partner_title;published_article_type,published_research_candidate,manual_biological_estimand_screen
doi:10.1111/eea.12783,10.1111/eea.12783,Modeling mountain pine beetle (Dendroctonus ponderosae) oviposition,2019,article,antagonist,P3,3,identified_partner_title;published_article_type,published_research_candidate,manual_biological_estimand_screen
doi:10.1186/s12898-019-0245-9,10.1186/s12898-019-0245-9,No evidence of flowering synchronization upon floral volatiles for a short lived annual plant species: revisiting an appealing hypothesis.,2019,"Journal Article,Research Support, Non-U.S. Gov't",antagonist;mutualist,P3,3,timing_title;published_article_type,published_research_candidate,manual_biological_estimand_screen
doi:10.1016/j.biocontrol.2019.05.006,10.1016/j.biocontrol.2019.05.006,Plant feeding by an omnivorous predator affects plant phenology and omnivore performance,2019,article,antagonist,P3,3,timing_title;published_article_type,published_research_candidate,manual_biological_estimand_screen
doi:10.15244/pjoes/91942,10.15244/pjoes/91942,"Pollination Biology of Hemiboea ovalifolia (Gesneriaceae), an Endangered Herb from Guangxi, China",2019,article,mutualist,P3,3,identified_partner_title;published_article_type,published_research_candidate,manual_biological_estimand_screen
doi:10.1007/s10265-018-1073-2,10.1007/s10265-018-1073-2,Pollination features and floral volatiles of Gymnospermium scipetarum (Berberidaceae).,2019,Journal Article,mutualist,P3,3,identified_partner_title;published_article_type,published_research_candidate,manual_biological_estimand_screen
doi:10.3159/torrey-d-17-00030.1,10.3159/torrey-d-17-00030.1,Pollination mechanisms in Triadica sebifera (Euphorbiaceae) in the southeastern United States1,2019,article,mutualist,P3,3,identified_partner_title;published_article_type,published_research_candidate,manual_biological_estimand_screen
doi:10.1002/ajb2.1383,10.1002/ajb2.1383,Pollinator effectiveness in a composite: a specialist bee pollinates more florets but does not move pollen farther than other visitors.,2019,"Journal Article,Research Support, Non-U.S. Gov't,Research Support, U.S. Gov't, Non-P.H.S.",mutualist,P3,3,identified_partner_title;published_article_type,published_research_candidate,manual_biological_estimand_screen
doi:10.1111/nph.16078,10.1111/nph.16078,Progressive deterioration of pollination service detected in a 17-year study vanishes in a 26-year study.,2019,"Journal Article,Research Support, Non-U.S. Gov't",mutualist,P3,3,identified_partner_title;published_article_type,published_research_candidate,manual_biological_estimand_screen
doi:10.1111/btp.12669,10.1111/btp.12669,Promiscuous pollinators—Evidence from an Afromontane sunbird–plant pollen transport network,2019,article,mutualist,P3,3,identified_partner_title;published_article_type,published_research_candidate,manual_biological_estimand_screen
doi:10.1007/s10530-019-02104-8,10.1007/s10530-019-02104-8,Reproductive ecology of the bird-pollinated Nicotiana glauca across native and introduced ranges with contrasting pollination environments,2019,article,mutualist,P3,3,identified_partner_title;published_article_type,published_research_candidate,manual_biological_estimand_screen
doi:10.1002/ajb2.1324,10.1002/ajb2.1324,Reproductive isolation among three sympatric Achimenes species: pre- and post-pollination components.,2019,"Journal Article,Research Support, Non-U.S. Gov't",mutualist,P3,3,identified_partner_title;published_article_type,published_research_candidate,manual_biological_estimand_screen
doi:10.26525/jtfs2019.31.2.211221,10.26525/jtfs2019.31.2.211221,"Reproductive phenology, floral biology and breeding system of Aquiliaria crassna in tropical Australia",2019,article,mutualist,P3,3,timing_title;published_article_type,published_research_candidate,manual_biological_estimand_screen
doi:10.1016/j.ppees.2019.125501,10.1016/j.ppees.2019.125501,Reshaping phenology: Grazing has stronger effects than climate on flowering and fruiting phenology in desert plants,2019,article,antagonist,P3,3,timing_title;published_article_type,published_research_candidate,manual_biological_estimand_screen
doi:10.1371/journal.pone.0224997,10.1371/journal.pone.0224997,Seasonal variation of a plant-pollinator network in the Brazilian Cerrado: Implications for community structure and robustness.,2019,"Journal Article,Research Support, N.I.H., Extramural,Research Support, Non-U.S. Gov't",mutualist,P3,3,identified_partner_title;published_article_type,published_research_candidate,manual_biological_estimand_screen
doi:10.1038/s41598-019-42639-3,10.1038/s41598-019-42639-3,Sex-specific differences in spring and autumn migration in a northern large herbivore.,2019,"Journal Article,Research Support, Non-U.S. Gov't",antagonist,P3,3,identified_partner_title;published_article_type,published_research_candidate,manual_biological_estimand_screen
doi:10.1016/j.flora.2019.151491,10.1016/j.flora.2019.151491,Sharing of pollinators between the invasive Taraxacum officinale and co-flowering natives is not related to floral similarity in the high-Andes,2019,article,mutualist,P3,3,identified_partner_title;published_article_type,published_research_candidate,manual_biological_estimand_screen
doi:10.31830/2348-7542.2019.010,10.31830/2348-7542.2019.010,Some considerations of floral biology for the determination of pollinators in olive (Olea europeae L.) cultivars,2019,article,mutualist,P3,3,identified_partner_title;published_article_type,published_research_candidate,manual_biological_estimand_screen
doi:10.1111/1365-2656.13003,10.1111/1365-2656.13003,"Specialist foragers in forest bee communities are small, social or emerge early.",2019,"Journal Article,Research Support, Non-U.S. Gov't",mutualist,P3,3,identified_partner_title;published_article_type,published_research_candidate,manual_biological_estimand_screen
doi:10.1007/s00606-019-01571-9,10.1007/s00606-019-01571-9,Study of the reproductive biology of an Amazonian Heterotaxis (Orchidaceae) demonstrates the collection of resin-like material by stingless bees,2019,article,mutualist,P3,3,identified_partner_title;published_article_type,published_research_candidate,manual_biological_estimand_screen
doi:10.1093/biolinnean/blz083,10.1093/biolinnean/blz083,The cost of fidelity: foraging oligolectic bees gather huge amounts of pollen in a highly specialized cactus–pollinator association,2019,article,mutualist,P3,3,identified_partner_title;published_article_type,published_research_candidate,manual_biological_estimand_screen
doi:10.1007/s11829-019-09690-3,10.1007/s11829-019-09690-3,The influence of leaf ontogenetic stage and plant reproductive phenology on trichome density and constitutive resistance in six tomato varieties,2019,article,antagonist,P3,3,timing_title;published_article_type,published_research_candidate,manual_biological_estimand_screen
doi:10.7717/peerj.6329,10.7717/peerj.6329,The nectar report: quantitative review of nectar sugar concentrations offered by bee visited flowers in agricultural and non-agricultural landscapes.,2019,Journal Article,mutualist,P3,3,identified_partner_title;published_article_type,published_research_candidate,manual_biological_estimand_screen
doi:10.1007/s11829-019-09726-8,10.1007/s11829-019-09726-8,Transient dehydration of pollen carried by hot bees impedes fertilization,2019,article,mutualist,P3,3,identified_partner_title;published_article_type,published_research_candidate,manual_biological_estimand_screen
doi:10.3389/fpls.2018.01093,10.3389/fpls.2018.01093,Ant-Pollinator Conflict Results in Pollinator Deterrence but no Nectar Trade-Offs,2018,article,mutualist,P3,3,identified_partner_title;published_article_type,published_research_candidate,manual_biological_estimand_screen
doi:10.1038/s41598-018-36152-2,10.1038/s41598-018-36152-2,Asclepias Syriaca (Common Milkweed) flowering date shift in response to climate change.,2018,Journal Article,mutualist,P3,3,timing_title;published_article_type,published_research_candidate,manual_biological_estimand_screen
doi:10.1111/aec.12669,10.1111/aec.12669,Bees of the Victorian Alps: Network structure and interactions of introduced species,2018,article,mutualist,P3,3,identified_partner_title;published_article_type,published_research_candidate,manual_biological_estimand_screen
doi:10.1016/j.sajb.2018.12.015,10.1016/j.sajb.2018.12.015,Bumblebees ( ) pollinate the enclosed inflorescences of the endangered Brahma’s lotus (Saussurea obvallata: Asteraceae) of the Indian Himalaya,2018,article,mutualist,P3,3,identified_partner_title;published_article_type,published_research_candidate,manual_biological_estimand_screen
doi:10.1002/ecs2.2439,10.1002/ecs2.2439,Context‐dependent mutualisms in the Joshua tree–yucca moth system shift along a climate gradient,2018,article,antagonist;mutualist,P3,3,identified_partner_title;published_article_type,published_research_candidate,manual_biological_estimand_screen
doi:10.1371/journal.pone.0190700,10.1371/journal.pone.0190700,"Developmental and reproductive performance of a specialist herbivore depend on seasonality of, and light conditions experienced by, the host plant.",2018,"Journal Article,Research Support, Non-U.S. Gov't",antagonist,P3,3,identified_partner_title;published_article_type,published_research_candidate,manual_biological_estimand_screen
doi:10.1007/s00442-018-4244-x,10.1007/s00442-018-4244-x,Drought negates growth stimulation due to root herbivory in pasture grasses.,2018,Journal Article,antagonist,P3,3,identified_partner_title;published_article_type,published_research_candidate,manual_biological_estimand_screen
doi:10.1016/j.actao.2018.03.001,10.1016/j.actao.2018.03.001,Ecological factors associated with pre-dispersal predation of fig seeds and wasps by fig-specialist lepidopteran larvae,2018,article,mutualist,P3,3,identified_partner_title;published_article_type,published_research_candidate,manual_biological_estimand_screen
titleyear:evolution of reproductive phenology in annual social insects competing for floral resources|2018,,Evolution of reproductive phenology in annual social insects competing for floral resources,2018,article,mutualist,P3,3,timing_title;published_article_type,published_research_candidate,manual_biological_estimand_screen
doi:10.1093/aesa/say049,10.1093/aesa/say049,Failure of Pollen Transport Despite High Bee Visitation in an Endangered Dioecious Shrub,2018,article,mutualist,P3,3,identified_partner_title;published_article_type,published_research_candidate,manual_biological_estimand_screen
titleyear:floral biology pollination and breeding mechanism in bamboo orchid arundina graminifolia d don hochr growing in meghalaya north east india|2018,,"Floral biology, pollination and breeding mechanism in Bamboo orchid (Arundina graminifolia (D.Don) Hochr. growing in Meghalaya, North East India",2018,article,mutualist,P3,3,identified_partner_title;published_article_type,published_research_candidate,manual_biological_estimand_screen
doi:10.1139/cjb-2017-0200,10.1139/cjb-2017-0200,High Arctic plants show independent responses to pollination and experimental warming,2018,article,mutualist,P3,3,identified_partner_title;published_article_type,published_research_candidate,manual_biological_estimand_screen
doi:10.1007/s13592-018-0598-7,10.1007/s13592-018-0598-7,High visitation rate of oil bees may increase pollination efficiency of Couepia uiti in Pantanal wetland,2018,article,mutualist,P3,3,identified_partner_title;published_article_type,published_research_candidate,manual_biological_estimand_screen
doi:10.1590/2236-8906-23/2017,10.1590/2236-8906-23/2017,"Himatanthus bracteatus (A. DC.) Woodson (Apocynaceae): phenology, morphology, and floral biology of a species endemic to the Atlantic Forest",2018,article,mutualist,P3,3,timing_title;published_article_type,published_research_candidate,manual_biological_estimand_screen
doi:10.1038/s41598-018-22548-7,10.1038/s41598-018-22548-7,Latitudinal effects on phenology near the northern limit of figs in China.,2018,"Journal Article,Research Support, Non-U.S. Gov't",mutualist,P3,3,timing_title;published_article_type,published_research_candidate,manual_biological_estimand_screen
doi:10.1002/ece3.4523,10.1002/ece3.4523,Mycorrhizal interactions do not influence plant-herbivore interactions in populations of Clarkia xantiana ssp. xantiana spanning from center to margin of the geographic range.,2018,Journal Article,antagonist,P3,3,identified_partner_title;published_article_type,published_research_candidate,manual_biological_estimand_screen
doi:10.4462/annbotrm-13847,10.4462/annbotrm-13847,"POLLINATION ECOLOGY OF THE ANNUAL HERB, HEDYOTIS BRACHIATA (RUBIACEAE)",2018,article,mutualist,P3,3,identified_partner_title;published_article_type,published_research_candidate,manual_biological_estimand_screen
doi:10.1093/ae/tmy022,10.1093/ae/tmy022,Paul Opler: The Butterfly Effect,2018,article,mutualist,P3,3,identified_partner_title;published_article_type,published_research_candidate,manual_biological_estimand_screen
doi:10.1007/s00035-018-0201-x,10.1007/s00035-018-0201-x,Phenological shifts and flower visitation of 185 lowland and alpine species in a lowland botanical garden,2018,article,mutualist,P3,3,timing_title;published_article_type,published_research_candidate,manual_biological_estimand_screen
doi:10.1590/0102-33062017abb0078,10.1590/0102-33062017abb0078,Pollination biology of melittophilous legume tree species in the Atlantic Forest in Southeast Brazil,2018,article,mutualist,P3,3,identified_partner_title;published_article_type,published_research_candidate,manual_biological_estimand_screen
doi:10.1590/0102-33062018abb0078,10.1590/0102-33062018abb0078,Pollination biology of melittophilous legume tree species in the Atlantic Forest in Southeast Brazil,2018,article,mutualist,P3,3,identified_partner_title;published_article_type,published_research_candidate,manual_biological_estimand_screen
doi:10.1016/j.foreco.2018.06.023,10.1016/j.foreco.2018.06.023,"Pollination partial recovery across monospecific plantations of a native tree (Inga vera, Leguminosae) in the Atlantic forest: Lessons for restoration",2018,article,mutualist,P3,3,identified_partner_title;published_article_type,published_research_candidate,manual_biological_estimand_screen
doi:10.1111/plb.12650,10.1111/plb.12650,Pollinator-independent orchid attracts biotic pollinators due the production of lipoidal substances.,2018,Journal Article,mutualist,P3,3,identified_partner_title;published_article_type,published_research_candidate,manual_biological_estimand_screen
doi:10.1111/jeb.13377,10.1111/jeb.13377,Repeated switches from cooperative to selfish worker oviposition during stingless bee evolution,2018,article,antagonist,P3,3,identified_partner_title;published_article_type,published_research_candidate,manual_biological_estimand_screen
doi:10.1111/plb.12874,10.1111/plb.12874,"Reproductive isolation between Salvia elegans and S. fulgens, two hummingbird-pollinated sympatric sages.",2018,Journal Article,mutualist,P3,3,identified_partner_title;published_article_type,published_research_candidate,manual_biological_estimand_screen
doi:10.1071/bt18077,10.1071/bt18077,Specificity and influence of climatic factors on the pollination of south-eastern Brazilian Sinningia,2018,article,mutualist,P3,3,identified_partner_title;published_article_type,published_research_candidate,manual_biological_estimand_screen
doi:10.1016/j.aspen.2018.07.011,10.1016/j.aspen.2018.07.011,Temperature-dependent development and oviposition models of Illeis koebelei (Coleoptera: Coccinellidae),2018,article,antagonist,P3,3,identified_partner_title;published_article_type,published_research_candidate,manual_biological_estimand_screen
doi:10.1016/j.aspen.2018.07.003,10.1016/j.aspen.2018.07.003,Temperature-dependent development and oviposition models of Ramulus irregulariterdentatus (Phasmida: Phasmatidae),2018,article,antagonist,P3,3,identified_partner_title;published_article_type,published_research_candidate,manual_biological_estimand_screen
doi:10.1186/s41610-018-0092-1,10.1186/s41610-018-0092-1,"Temperature-driven changes of pollinator assemblage and activity of Megaleranthis saniculifolia (Ranunculaceae) at high altitudes on Mt. Sobaeksan, South Korea",2018,article,mutualist,P3,3,identified_partner_title;published_article_type,published_research_candidate,manual_biological_estimand_screen
doi:10.3389/fpls.2018.00787,10.3389/fpls.2018.00787,The Active Jasmonate JA-Ile Regulates a Specific Subset of Plant Jasmonate-Mediated Resistance to Herbivores in Nature.,2018,Journal Article,antagonist,P3,3,identified_partner_title;published_article_type,published_research_candidate,manual_biological_estimand_screen
doi:10.1093/aesa/say042,10.1093/aesa/say042,The Relationship Between Pollinator Visits and Climatic Suitabilities in Specialized Pollination Interactions,2018,article,mutualist,P3,3,identified_partner_title;published_article_type,published_research_candidate,manual_biological_estimand_screen
doi:10.1017/s0007485317000979,10.1017/s0007485317000979,The effect of winter length on duration of dormancy and survival of specialized herbivorous Rhagoletis fruit flies from high elevation environments with acyclic climatic variability.,2018,Journal Article,antagonist,P3,3,identified_partner_title;published_article_type,published_research_candidate,manual_biological_estimand_screen
doi:10.1371/journal.pone.0189738,10.1371/journal.pone.0189738,"The genomes of Crithidia bombi and C. expoeki, common parasites of bumblebees.",2018,"Journal Article,Research Support, Non-U.S. Gov't",mutualist,P3,3,identified_partner_title;published_article_type,published_research_candidate,manual_biological_estimand_screen
doi:10.1007/s11829-017-9514-8,10.1007/s11829-017-9514-8,Bee pollination and evidence of substitutive nectary in Anadenanthera colubrina (Leguminosae-Mimosoideae),2017,article,mutualist,P3,3,identified_partner_title;published_article_type,published_research_candidate,manual_biological_estimand_screen
doi:10.1093/aobpla/plx021,10.1093/aobpla/plx021,Breeding system and pollination of two closely related bamboo species,2017,article,mutualist,P3,3,identified_partner_title;published_article_type,published_research_candidate,manual_biological_estimand_screen
doi:10.3897/neobiota.36.14953,10.3897/neobiota.36.14953,Comparing functional traits and abundance of invasive versus native woodwasps,2017,article,antagonist,P3,3,identified_partner_title;published_article_type,published_research_candidate,manual_biological_estimand_screen
doi:10.1371/journal.pone.0176704,10.1371/journal.pone.0176704,"Contrasting effects of heat pulses on different trophic levels, an experiment with a herbivore-parasitoid model system.",2017,Journal Article,antagonist,P3,3,identified_partner_title;published_article_type,published_research_candidate,manual_biological_estimand_screen
doi:10.1111/oik.04909,10.1111/oik.04909,Direct and plant trait‐mediated effects of the local environmental context on butterfly oviposition patterns,2017,article,antagonist,P3,3,identified_partner_title;published_article_type,published_research_candidate,manual_biological_estimand_screen
doi:10.21608/ejarc.2022.212880,10.21608/ejarc.2022.212880,EFFECT OF USING SOME POLLINATORS ON PRODUCTIVITY OF SOME OLIVE CULTIVARS,2017,article,mutualist,P3,3,identified_partner_title;published_article_type,published_research_candidate,manual_biological_estimand_screen
doi:10.1371/journal.pone.0183508,10.1371/journal.pone.0183508,"Emergence phenology, uncertainty, and the evolution of migratory behavior in Anax junius (Odonata: Aeshnidae).",2017,Journal Article,antagonist,P3,3,timing_title;published_article_type,published_research_candidate,manual_biological_estimand_screen
doi:10.1371/journal.pone.0180460,10.1371/journal.pone.0180460,"Ginger and the beetle: Evidence of primitive pollination system in a Himalayan endemic alpine ginger (Roscoea alpina, Zingiberaceae).",2017,Journal Article,mutualist,P3,3,identified_partner_title;published_article_type,published_research_candidate,manual_biological_estimand_screen
doi:10.1111/1365-2435.12947,10.1111/1365-2435.12947,Herbivore‐induced volatile blends with both “fast” and “slow” components provide robust indirect defence in nature,2017,article,antagonist,P3,3,identified_partner_title;published_article_type,published_research_candidate,manual_biological_estimand_screen
doi:10.1002/ece3.3272,10.1002/ece3.3272,"How shrub encroachment under climate change could threaten pollination services for alpine wildflowers: A case study using the alpine skypilot, Polemonium viscosum.",2017,Journal Article,mutualist,P3,3,identified_partner_title;published_article_type,published_research_candidate,manual_biological_estimand_screen
doi:10.1007/s11829-017-9573-x,10.1007/s11829-017-9573-x,Increase in ant density promotes dual effects on bee behaviour and plant reproductive performance,2017,article,antagonist;mutualist,P3,3,identified_partner_title;published_article_type,published_research_candidate,manual_biological_estimand_screen
doi:10.1002/ecy.1995,10.1002/ecy.1995,"Macroevolutionary constraints to tolerance: trade-offs with drought tolerance and phenology, but not resistance.",2017,Journal Article,antagonist,P3,3,timing_title;published_article_type,published_research_candidate,manual_biological_estimand_screen
doi:10.1111/jvs.12592,10.1111/jvs.12592,New insights into plants co‐existence in species‐rich communities: The pollination interaction perspective,2017,article,mutualist,P3,3,identified_partner_title;published_article_type,published_research_candidate,manual_biological_estimand_screen
doi:10.1002/ecy.1731,10.1002/ecy.1731,Optimal defense theory explains deviations from latitudinal herbivory defense hypothesis.,2017,Journal Article,antagonist,P3,3,identified_partner_title;published_article_type,published_research_candidate,manual_biological_estimand_screen
doi:10.3732/ajb.1700332,10.3732/ajb.1700332,Persistent pollinators and the evolution of complete selfing,2017,article,mutualist,P3,3,identified_partner_title;published_article_type,published_research_candidate,manual_biological_estimand_screen
doi:10.1111/nph.14608,10.1111/nph.14608,Phenotypic selection varies with pollination intensity across populations of Sabatia angularis.,2017,Journal Article,mutualist,P3,3,identified_partner_title;published_article_type,published_research_candidate,manual_biological_estimand_screen
doi:10.1111/1365-2745.12894,10.1111/1365-2745.12894,Pleiotropic effect of the Flowering Locus C on plant resistance and defence against insect herbivores,2017,article,antagonist,P3,3,identified_partner_title;published_article_type,published_research_candidate,manual_biological_estimand_screen
titleyear:pollination biology of curcuma aeruginosa zingiberaceae an important medicinal plant|2017,,Pollination biology of Curcuma aeruginosa (Zingiberaceae): an important medicinal plant.,2017,article,mutualist,P3,3,identified_partner_title;published_article_type,published_research_candidate,manual_biological_estimand_screen
doi:10.1016/j.flora.2017.04.010,10.1016/j.flora.2017.04.010,Pollination by nitidulid beetles in the hemi-epiphytic aroid Monstera lentii (Araceae: Monsteroideae),2017,article,mutualist,P3,3,identified_partner_title;published_article_type,published_research_candidate,manual_biological_estimand_screen
doi:10.3732/ajb.1600293,10.3732/ajb.1600293,Pollinator-mediated interactions in experimental arrays vary with neighbor identity.,2017,Journal Article,mutualist,P3,3,identified_partner_title;published_article_type,published_research_candidate,manual_biological_estimand_screen
doi:10.17520/biods.2017039,10.17520/biods.2017039,Reproductive isolation in sympatric Salvia species sharing a sole pollinator,2017,article,mutualist,P3,3,identified_partner_title;published_article_type,published_research_candidate,manual_biological_estimand_screen
doi:10.1515/johr-2017-0021,10.1515/johr-2017-0021,Study on Pollination and Selection of the Most Suitable Pollinizers for Commercial Pear Cultivars (Pyrus communisL.) in Iran,2017,article,mutualist,P3,3,identified_partner_title;published_article_type,published_research_candidate,manual_biological_estimand_screen
doi:10.3732/apps.1700052,10.3732/apps.1700052,Studying plant-pollinator interactions facing climate change and changing environments.,2017,Journal Article,mutualist,P3,3,identified_partner_title;published_article_type,published_research_candidate,manual_biological_estimand_screen
doi:10.1016/j.aspen.2017.02.009,10.1016/j.aspen.2017.02.009,Temperature-dependent development and oviposition models of Halyomorpha halys (Hemiptera: Pentatomidae),2017,article,antagonist,P3,3,identified_partner_title;published_article_type,published_research_candidate,manual_biological_estimand_screen
doi:10.1016/j.aspen.2017.12.006,10.1016/j.aspen.2017.12.006,Temperature-dependent development and oviposition models of Leptocorisa chinensis Dallas (Hemiptera: Alydidae),2017,article,antagonist,P3,3,identified_partner_title;published_article_type,published_research_candidate,manual_biological_estimand_screen
doi:10.1371/journal.pone.0173590,10.1371/journal.pone.0173590,Temperature-dependent phenology of Plutella xylostella (Lepidoptera: Plutellidae): Simulation and visualization of current and future distributions along the Eastern Afromontane.,2017,Journal Article,antagonist,P3,3,timing_title;published_article_type,published_research_candidate,manual_biological_estimand_screen
doi:10.6620/zs.2017.56-17,10.6620/zs.2017.56-17,The Diet of the Cave Nectar Bat (Eonycteris spelaea Dobson) Suggests it Pollinates Economically and Ecologically Significant Plants in Southern Cambodia.,2017,article,mutualist,P3,3,identified_partner_title;published_article_type,published_research_candidate,manual_biological_estimand_screen
doi:10.1002/ece3.2718,10.1002/ece3.2718,The shifting phenological landscape: Within- and between-species variation in leaf emergence in a mixed-deciduous woodland.,2017,Journal Article,antagonist,P3,3,timing_title;published_article_type,published_research_candidate,manual_biological_estimand_screen
doi:10.1038/s41598-017-14402-z,10.1038/s41598-017-14402-z,"Topographic effect on the phenology of Ficus pedunculosa var. mearnsii (Mearns fig) in its northern boundary distribution, Taiwan.",2017,"Journal Article,Research Support, Non-U.S. Gov't",mutualist,P3,3,timing_title;published_article_type,published_research_candidate,manual_biological_estimand_screen
doi:10.1655/herpetologica-d-17-00007.1,10.1655/herpetologica-d-17-00007.1,Variation in Annual Clutch Phenology of Sonoran Desert Tortoises (Gopherus morafkai) in Central Arizona,2017,article,antagonist,P3,3,timing_title;published_article_type,published_research_candidate,manual_biological_estimand_screen
titleyear:variation in spatial flowering phase and cross pollination in the sonoran desert rock fig|2017,,Variation in Spatial Flowering Phase and Cross Pollination in the Sonoran Desert Rock Fig,2017,article,mutualist,P3,3,identified_partner_title;published_article_type,published_research_candidate,manual_biological_estimand_screen
doi:10.3906/bot-1610-48,10.3906/bot-1610-48,Yuhina nigrimenta Blyth (Zosteropidae) as a bird pollinator ofBrandisia hancei Hook.f. (Scrophulariaceae) during winter,2017,article,mutualist,P3,3,identified_partner_title;published_article_type,published_research_candidate,manual_biological_estimand_screen
doi:10.1016/j.jinsphys.2016.02.009,10.1016/j.jinsphys.2016.02.009,Adult beetles compensate for poor larval food conditions.,2016,Journal Article,antagonist,P3,3,identified_partner_title;published_article_type,published_research_candidate,manual_biological_estimand_screen
doi:10.1111/evo.12900,10.1111/evo.12900,Antiherbivore defenses alter natural selection on plant reproductive traits.,2016,"Journal Article,Research Support, Non-U.S. Gov't",antagonist;mutualist,P3,3,identified_partner_title;published_article_type,published_research_candidate,manual_biological_estimand_screen
doi:10.1007/s10340-016-0756-5,10.1007/s10340-016-0756-5,"Biotic and abiotic factors impacting development, behavior, phenology, and reproductive biology of Drosophila suzukii",2016,article,antagonist,P3,3,timing_title;published_article_type,published_research_candidate,manual_biological_estimand_screen
doi:10.1104/pp.16.01683,10.1104/pp.16.01683,Changing Responses to Changing Seasons: Natural Variation in the Plasticity of Flowering Time,2016,article,antagonist;mutualist,P3,3,timing_title;published_article_type,published_research_candidate,manual_biological_estimand_screen
doi:10.1016/j.flora.2016.12.005,10.1016/j.flora.2016.12.005,"Crepuscular pollination and reproductive ecology of Trembleya laniflora (Melastomataceae), an endemic species in mountain rupestrian grasslands",2016,article,mutualist,P3,3,identified_partner_title;published_article_type,published_research_candidate,manual_biological_estimand_screen
doi:10.1016/j.ppees.2016.12.003,10.1016/j.ppees.2016.12.003,"Do differences in herbivore resistance contribute to elevational niches of species and hybrids in the central European Senecio nemorensis (Compositae, Senecioneae) syngameon?",2016,article,antagonist,P3,3,identified_partner_title;published_article_type,published_research_candidate,manual_biological_estimand_screen
doi:10.1242/jeb.142257,10.1242/jeb.142257,Drosophila females trade off good nutrition with high-quality oviposition sites when choosing foods.,2016,"Journal Article,Research Support, Non-U.S. Gov't",antagonist,P3,3,identified_partner_title;published_article_type,published_research_candidate,manual_biological_estimand_screen
doi:10.1007/s00442-015-3510-4,10.1007/s00442-015-3510-4,Ecological specialisation in habitat selection within a macropodid herbivore guild.,2016,"Journal Article,Research Support, Non-U.S. Gov't",antagonist,P3,3,identified_partner_title;published_article_type,published_research_candidate,manual_biological_estimand_screen
doi:10.1007/s10265-015-0779-7,10.1007/s10265-015-0779-7,Effects of habitat disturbance on the pollination system of Ammopiptanthus mongolicus (Maxim) Cheng f. at the landscape-level in an arid region of Northwest China.,2016,Journal Article,mutualist,P3,3,identified_partner_title;published_article_type,published_research_candidate,manual_biological_estimand_screen
doi:10.1093/aobpla/plw032,10.1093/aobpla/plw032,Evidence for asymmetrical hybridization despite pre- and post-pollination reproductive barriers between two Silene species.,2016,Journal Article,mutualist,P3,3,identified_partner_title;published_article_type,published_research_candidate,manual_biological_estimand_screen
doi:10.1111/jeb.12831,10.1111/jeb.12831,Experimentally induced host-shift changes life-history strategy in a seed beetle.,2016,"Journal Article,Research Support, Non-U.S. Gov't",antagonist,P3,3,identified_partner_title;published_article_type,published_research_candidate,manual_biological_estimand_screen
doi:10.1093/jpe/rtw118,10.1093/jpe/rtw118,Floral biology and pollination mechanisms of four Mexico-endemicFuchsiaspecies with contrasting reproductive systems,2016,article,mutualist,P3,3,identified_partner_title;published_article_type,published_research_candidate,manual_biological_estimand_screen
doi:10.1590/2175-7860201667203,10.1590/2175-7860201667203,Floral traits as potential indicators of pollination vs. theft,2016,article,mutualist,P3,3,identified_partner_title;published_article_type,published_research_candidate,manual_biological_estimand_screen
doi:10.1086/686684,10.1086/686684,Fruiting Strategies of Perennial Plants: A Resource Budget Model to Couple Mast Seeding to Pollination Efficiency and Resource Allocation Strategies.,2016,Journal Article,mutualist,P3,3,identified_partner_title;published_article_type,published_research_candidate,manual_biological_estimand_screen
doi:10.1111/jeb.12930,10.1111/jeb.12930,Habitat preference and flowering-time variation contribute to reproductive isolation between diploid and autotetraploid Anacamptis pyramidalis.,2016,Journal Article,mutualist,P3,3,timing_title;published_article_type,published_research_candidate,manual_biological_estimand_screen
doi:10.1111/ecog.02152,10.1111/ecog.02152,Habitat selection by a large herbivore at multiple spatial and temporal scales is primarily governed by food resources,2016,article,antagonist,P3,3,identified_partner_title;published_article_type,published_research_candidate,manual_biological_estimand_screen
doi:10.1111/plb.12495,10.1111/plb.12495,"How detrimental are seed galls to their hosts? Plant performance, germination, developmental instability and tolerance to herbivory in Inga laurina, a leguminous tree.",2016,Journal Article,antagonist,P3,3,identified_partner_title;published_article_type,published_research_candidate,manual_biological_estimand_screen
doi:10.1111/1365-2745.12684,10.1111/1365-2745.12684,Influence of plant–pollinator interactions on the assembly of plant and hummingbird communities,2016,article,mutualist,P3,3,identified_partner_title;published_article_type,published_research_candidate,manual_biological_estimand_screen
doi:10.1111/1365-2435.12712,10.1111/1365-2435.12712,Influence of the honeybee and trait similarity on the effect of a non‐native plant on pollination and network rewiring,2016,article,mutualist,P3,3,identified_partner_title;published_article_type,published_research_candidate,manual_biological_estimand_screen
doi:10.1080/00087114.2015.1109939,10.1080/00087114.2015.1109939,"New insights into the phenology, genetics and breeding system of critically endangeredNardostachys grandifloraDC",2016,article,mutualist,P3,3,timing_title;published_article_type,published_research_candidate,manual_biological_estimand_screen
doi:10.1111/aec.12387,10.1111/aec.12387,Of feathers and fur: Differential pollinator roles of birds and small mammals in the grassland succulent Aloe peglerae,2016,article,mutualist,P3,3,identified_partner_title;published_article_type,published_research_candidate,manual_biological_estimand_screen
doi:10.1098/rspb.2016.1271,10.1098/rspb.2016.1271,One fly to rule them all-muscid flies are the key pollinators in the Arctic.,2016,Journal Article,mutualist,P3,3,identified_partner_title;published_article_type,published_research_candidate,manual_biological_estimand_screen
doi:10.1086/690020,10.1086/690020,Placing the Time of Leaf Emergence in an Evolutionary Context,2016,article,antagonist;mutualist,P3,3,timing_title;published_article_type,published_research_candidate,manual_biological_estimand_screen
doi:10.22488/okstate.17.100120,10.22488/okstate.17.100120,Pollination Ecology of Sabatia Campenstris Nutt. (Gentianaceae),2016,article,mutualist,P3,3,identified_partner_title;published_article_type,published_research_candidate,manual_biological_estimand_screen
doi:10.1016/j.flora.2016.04.009,10.1016/j.flora.2016.04.009,"Pollination biology and breeding system of syntopic Adenocalymma nodosum and A. peregrinum (Bignonieae, Bignoniaceae) in the Brazilian savanna",2016,article,mutualist,P3,3,identified_partner_title;published_article_type,published_research_candidate,manual_biological_estimand_screen
doi:10.5586/asbp.3489,10.5586/asbp.3489,"Pollination biology of the urban populations of an ancient forest, spring ephemeral plant",2016,article,mutualist,P3,3,identified_partner_title;published_article_type,published_research_candidate,manual_biological_estimand_screen
titleyear:pollination ecology of sida acuta s cordata and s cordifolia malvaceae|2016,,"Pollination ecology of Sida acuta, S. cordata and S. cordifolia (Malvaceae)",2016,article,antagonist;mutualist,P3,3,identified_partner_title;published_article_type,published_research_candidate,manual_biological_estimand_screen
doi:10.1111/plb.12496,10.1111/plb.12496,Reproductive biology of a hummingbird-pollinated Billbergia: light influence on pollinator behaviour and specificity in a Brazilian semi-deciduous forest.,2016,Journal Article,mutualist,P3,3,identified_partner_title;published_article_type,published_research_candidate,manual_biological_estimand_screen
doi:10.1038/srep35674,10.1038/srep35674,"Reproductive resource partitioning in two sympatric Goniothalamus species (Annonaceae) from Borneo: floral biology, pollinator trapping and plant breeding system.",2016,"Journal Article,Research Support, Non-U.S. Gov't",mutualist,P3,3,identified_partner_title;published_article_type,published_research_candidate,manual_biological_estimand_screen
doi:10.1007/s10265-016-0818-z,10.1007/s10265-016-0818-z,Seasonal variation of responses to herbivory and volatile communication in sagebrush (Artemisia tridentata) (Asteraceae).,2016,Journal Article,antagonist,P3,3,identified_partner_title;published_article_type,published_research_candidate,manual_biological_estimand_screen
doi:10.1111/ecog.02441,10.1111/ecog.02441,Sugar landscapes and pollinator‐mediated interactions in plant communities,2016,article,mutualist,P3,3,identified_partner_title;published_article_type,published_research_candidate,manual_biological_estimand_screen
doi:10.1002/ecs2.1233,10.1002/ecs2.1233,Temporal‐ and density‐dependent impacts of an invasive plant on pollinators and pollination services to a native plant,2016,article,mutualist,P3,3,identified_partner_title;published_article_type,published_research_candidate,manual_biological_estimand_screen
doi:10.22488/okstate.17.100121,10.22488/okstate.17.100121,"The Structure of the Gynostegium, Breeding System, and Pollination Ecology of Spider Milkweed, Asclepias viridis Walter (Apocynaceae)",2016,article,mutualist,P3,3,identified_partner_title;published_article_type,published_research_candidate,manual_biological_estimand_screen
doi:10.1007/s10682-016-9878-8,10.1007/s10682-016-9878-8,The effect of pollinators and herbivores on selection for floral signals: a case study in Brassica rapa,2016,article,antagonist;mutualist,P3,3,identified_partner_title;published_article_type,published_research_candidate,manual_biological_estimand_screen
doi:10.1111/jeb.12764,10.1111/jeb.12764,Tolerance to deer herbivory and resistance to insect herbivores in the common evening primrose (Oenothera biennis).,2016,"Journal Article,Research Support, Non-U.S. Gov't",antagonist,P3,3,identified_partner_title;published_article_type,published_research_candidate,manual_biological_estimand_screen
doi:10.1890/14-0119.1,10.1890/14-0119.1,Additive effects of pollinators and herbivores result in both conflicting and reinforcing selection on floral traits.,2015,"Journal Article,Research Support, Non-U.S. Gov't",antagonist;mutualist,P3,3,identified_partner_title;published_article_type,published_research_candidate,manual_biological_estimand_screen
doi:10.1007/s11258-015-0495-3,10.1007/s11258-015-0495-3,Asteraceae invaders have limited impacts on the pollination of common native annual species in SW Western Australia’s open woodland wildflower communities,2015,article,mutualist,P3,3,identified_partner_title;published_article_type,published_research_candidate,manual_biological_estimand_screen
doi:10.1007/s12042-015-9151-2,10.1007/s12042-015-9151-2,Breeding and Pollination Biology of Combretum constrictum (Benth) Laws. (Combretaceae),2015,article,mutualist,P3,3,identified_partner_title;published_article_type,published_research_candidate,manual_biological_estimand_screen
doi:10.1007/s10265-015-0707-x,10.1007/s10265-015-0707-x,"Butterfly pollination in Pteroglossa (Orchidaceae, Orchidoideae): a comparative study on the reproductive biology of two species of a Neotropical genus of Spiranthinae.",2015,"Comparative Study,Journal Article",mutualist,P3,3,identified_partner_title;published_article_type,published_research_candidate,manual_biological_estimand_screen
titleyear:demonstration of pollinator mediated competition between two native impatiens species impatiens noli tangere and i textori balsaminaceae|2015,,"Demonstration of pollinator-mediated competition between two native Impatiens species, Impatiens noli-tangere and I. textori (Balsaminaceae)",2015,article,mutualist,P3,3,identified_partner_title;published_article_type,published_research_candidate,manual_biological_estimand_screen
doi:10.1002/ece3.1431,10.1002/ece3.1431,"Demonstration of pollinator-mediated competition between two native Impatiens species, Impatiens noli-tangere and I. textori (Balsaminaceae).",2015,Journal Article,mutualist,P3,3,identified_partner_title;published_article_type,published_research_candidate,manual_biological_estimand_screen
doi:10.1093/jee/tou002,10.1093/jee/tou002,"Development of Anastrepha fraterculus (Diptera: Tephritidae) Related to the Phenology of Blueberry, Blackberry, Strawberry Guava, and Surinam Cherry Fruits.",2015,"Journal Article,Research Support, Non-U.S. Gov't",antagonist,P3,3,timing_title;published_article_type,published_research_candidate,manual_biological_estimand_screen
doi:10.1016/j.jtbi.2015.01.036,10.1016/j.jtbi.2015.01.036,Difference in flowering time can initiate speciation of nocturnally flowering species.,2015,"Journal Article,Research Support, Non-U.S. Gov't",mutualist,P3,3,timing_title;published_article_type,published_research_candidate,manual_biological_estimand_screen
doi:10.1371/journal.pone.0124898,10.1371/journal.pone.0124898,Diurnal temperature variations affect development of a herbivorous arthropod pest and its predators.,2015,"Journal Article,Research Support, Non-U.S. Gov't",antagonist,P3,3,identified_partner_title;published_article_type,published_research_candidate,manual_biological_estimand_screen
titleyear:ecology of organisms in urban environments urban drivers of plant pollinator interactions|2015,,ECOLOGY OF ORGANISMS IN URBAN ENVIRONMENTS Urban drivers of plant-pollinator interactions,2015,article,mutualist,P3,3,identified_partner_title;published_article_type,published_research_candidate,manual_biological_estimand_screen
doi:10.1111/1365-2745.12432,10.1111/1365-2745.12432,Eco‐evolutionary dynamics in plants: interactive processes at overlapping time‐scales and their implications,2015,article,antagonist,P3,3,timing_title;published_article_type,published_research_candidate,manual_biological_estimand_screen
doi:10.1007/s00442-015-3296-4,10.1007/s00442-015-3296-4,Effects of climate and plant phenology on recruitment of moose at the southern extent of their range.,2015,"Journal Article,Research Support, Non-U.S. Gov't",antagonist,P3,3,timing_title;published_article_type,published_research_candidate,manual_biological_estimand_screen
doi:10.1371/journal.pone.0115090,10.1371/journal.pone.0115090,European bison as a refugee species? Evidence from isotopic data on Early Holocene bison and other large herbivores in northern Europe.,2015,"Journal Article,Research Support, Non-U.S. Gov't",antagonist,P3,3,identified_partner_title;published_article_type,published_research_candidate,manual_biological_estimand_screen
doi:10.1002/ece3.1801,10.1002/ece3.1801,Experimental analysis of mating patterns in a clonal plant reveals contrasting modes of self-pollination.,2015,Journal Article,mutualist,P3,3,identified_partner_title;published_article_type,published_research_candidate,manual_biological_estimand_screen
titleyear:flower characteristics and phenology of andromonoecious jatropha curcas|2015,,FLOWER CHARACTERISTICS AND PHENOLOGY OF ANDROMONOECIOUS JATROPHA CURCAS,2015,article,mutualist,P3,3,timing_title;published_article_type,published_research_candidate,manual_biological_estimand_screen
doi:10.1111/1442-1984.12078,10.1111/1442-1984.12078,Flowering phenology and mating success of the heterodichogamous tree Machilus thunbergii S ieb. et Z ucc ( L auraceae),2015,article,mutualist,P3,3,timing_title;published_article_type,published_research_candidate,manual_biological_estimand_screen
doi:10.1111/bij.12482,10.1111/bij.12482,Large differences in the composition of herbivore communities and seed damage in diploid and autotetraploid plant species,2015,article,antagonist,P3,3,identified_partner_title;published_article_type,published_research_candidate,manual_biological_estimand_screen
doi:10.1186/s12870-015-0539-9,10.1186/s12870-015-0539-9,Natural hybridization and asymmetric introgression at the distribution margin of two Buddleja species with a large overlap.,2015,"Journal Article,Research Support, Non-U.S. Gov't",mutualist,P3,3,timing_title;published_article_type,published_research_candidate,manual_biological_estimand_screen
doi:10.1093/aob/mcv078,10.1093/aob/mcv078,Night life on the beach: selfing to avoid pollinator competition between two sympatric Silene species.,2015,"Journal Article,Research Support, Non-U.S. Gov't",mutualist,P3,3,identified_partner_title;published_article_type,published_research_candidate,manual_biological_estimand_screen
doi:10.1093/aobpla/plv099,10.1093/aobpla/plv099,Orchid-pollinator interactions and potential vulnerability to biological invasion.,2015,Journal Article,mutualist,P3,3,identified_partner_title;published_article_type,published_research_candidate,manual_biological_estimand_screen
titleyear:parentage of overlapping offspring of an arboreal breeding frog with no nest defense implications for nest site selection and reproductive strategy|2015,,PARENTAGE OF OVERLAPPING OFFSPRING OF AN ARBOREAL-BREEDING FROG WITH NO NEST DEFENSE: IMPLICATIONS FOR NEST SITE SELECTION AND REPRODUCTIVE STRATEGY,2015,article,antagonist,P3,3,timing_title;published_article_type,published_research_candidate,manual_biological_estimand_screen
doi:10.1371/journal.pone.0123221,10.1371/journal.pone.0123221,Parentage of Overlapping Offspring of an Arboreal-Breeding Frog with No Nest Defense: Implications for Nest Site Selection and Reproductive Strategy,2015,article,antagonist,P3,3,timing_title;published_article_type,published_research_candidate,manual_biological_estimand_screen
doi:10.1007/s00035-015-0157-z,10.1007/s00035-015-0157-z,Past selection explains differentiation in flowering phenology of nearby populations of a common alpine plant,2015,article,mutualist,P3,3,timing_title;published_article_type,published_research_candidate,manual_biological_estimand_screen
doi:10.1890/14-0297.1,10.1890/14-0297.1,"Pollen limitation and flower abortion in a wind-pollinated, masting tree.",2015,"Journal Article,Research Support, U.S. Gov't, Non-P.H.S.",mutualist,P3,3,identified_partner_title;published_article_type,published_research_candidate,manual_biological_estimand_screen
titleyear:pollination boilogy and breeding system of eugenia discifera gamble an endangered species of western ghats india|2015,,"Pollination boilogy and breeding system of Eugenia discifera Gamble An endangered species of Western Ghats, India.",2015,article,mutualist,P3,3,identified_partner_title;published_article_type,published_research_candidate,manual_biological_estimand_screen
titleyear:pollination ecology and reproductive biology of canarium strictum roxb from evergreen forests of central western ghats india|2015,,"Pollination ecology and reproductive biology of Canarium strictum Roxb. from evergreen forests of Central Western Ghats, India.",2015,article,mutualist,P3,3,identified_partner_title;published_article_type,published_research_candidate,manual_biological_estimand_screen
doi:10.1002/ece3.1762,10.1002/ece3.1762,Red mason bees cannot compete with honey bees for floral resources in a cage experiment.,2015,Journal Article,mutualist,P3,3,identified_partner_title;published_article_type,published_research_candidate,manual_biological_estimand_screen
doi:10.5194/we-14-79-2014,10.5194/we-14-79-2014,Reproductive ecology of buzz-pollinated Ouratea spectabilis trees (Ochnaceae) in Brazilian Cerrados,2015,article,antagonist;mutualist,P3,3,identified_partner_title;published_article_type,published_research_candidate,manual_biological_estimand_screen
doi:10.1186/s12862-015-0476-0,10.1186/s12862-015-0476-0,Sand lizard (Lacerta agilis) phenology in a warming world.,2015,"Journal Article,Research Support, Non-U.S. Gov't",antagonist,P3,3,timing_title;published_article_type,published_research_candidate,manual_biological_estimand_screen
doi:10.1111/plb.12417,10.1111/plb.12417,Seasonal and annual variations in the pollination efficiency of a pollinator community of Dictamnus albus L.,2015,article,mutualist,P3,3,identified_partner_title;published_article_type,published_research_candidate,manual_biological_estimand_screen
doi:10.1111/1365-2656.12328,10.1111/1365-2656.12328,The effects of experimental warming on the timing of a plant-insect herbivore interaction.,2015,"Journal Article,Research Support, Non-U.S. Gov't",antagonist,P3,3,identified_partner_title;published_article_type,published_research_candidate,manual_biological_estimand_screen
doi:10.1111/oik.02661,10.1111/oik.02661,The temporal dimension in individual‐based plant pollination networks,2015,article,mutualist,P3,3,identified_partner_title;published_article_type,published_research_candidate,manual_biological_estimand_screen
doi:10.1111/1365-2435.12486,10.1111/1365-2435.12486,Urban drivers of plant‐pollinator interactions,2015,article,mutualist,P3,3,identified_partner_title;published_article_type,published_research_candidate,manual_biological_estimand_screen
doi:10.3390/e17117680,10.3390/e17117680,Using Expectation Maximization and Resource Overlap Techniques to Classify Species According to Their Niche Similarities in Mutualistic Networks,2015,article,mutualist,P3,3,timing_title;published_article_type,published_research_candidate,manual_biological_estimand_screen
doi:10.1111/evo.12709,10.1111/evo.12709,What drives selection on flowering time? An experimental manipulation of the inherent correlation between genotype and environment.,2015,"Journal Article,Research Support, Non-U.S. Gov't",antagonist,P3,3,timing_title;published_article_type,published_research_candidate,manual_biological_estimand_screen
titleyear:annual variation in floral phenology and pollen production in lagerstroemia speciosa an entomophilous tropical tree|2014,,Annual variation in floral phenology and pollen production in Lagerstroemia speciosa: an entomophilous tropical tree,2014,article,mutualist,P3,3,timing_title;published_article_type,published_research_candidate,manual_biological_estimand_screen
doi:10.1111/boj.12225,10.1111/boj.12225,Are breeding system and florivory associated with the abundance of Tillandsia species (Bromeliaceae)?,2014,article,antagonist;mutualist,P3,3,identified_partner_title;published_article_type,published_research_candidate,manual_biological_estimand_screen
doi:10.1111/gcbb.12105,10.1111/gcbb.12105,Can ants equal honeybees as effective pollinators of the energy crop J atropha curcas L. under M editerranean conditions?,2014,article,mutualist,P3,3,identified_partner_title;published_article_type,published_research_candidate,manual_biological_estimand_screen
doi:10.1111/1365-2656.12162,10.1111/1365-2656.12162,Changes in breeding phenology and population size of birds.,2014,Journal Article,antagonist,P3,3,timing_title;published_article_type,published_research_candidate,manual_biological_estimand_screen
doi:10.1111/1442-1984.12055,10.1111/1442-1984.12055,"Comparative pollination biology in two sympatric varieties of C ypripedium macranthos ( O rchidaceae) on R ebun I sland, H okkaido, J apan",2014,article,mutualist,P3,3,identified_partner_title;published_article_type,published_research_candidate,manual_biological_estimand_screen
doi:10.1016/j.flora.2014.04.004,10.1016/j.flora.2014.04.004,Conditional outcomes in ant–plant–herbivore interactions influenced by sequential flowering,2014,article,antagonist,P3,3,identified_partner_title;published_article_type,published_research_candidate,manual_biological_estimand_screen
titleyear:density effects on competition for pollination between two wetland plants|2014,,Density Effects on Competition for Pollination between Two Wetland Plants,2014,article,mutualist,P3,3,identified_partner_title;published_article_type,published_research_candidate,manual_biological_estimand_screen
titleyear:ecological and evolutionary consequences of plant growth on serpentine soil effects of soil metals on plant morphology metal accumulation plant pollinator interactions and pollen pistil interactions|2014,,"ECOLOGICAL AND EVOLUTIONARY CONSEQUENCES OF PLANT GROWTH ON SERPENTINE SOIL: EFFECTS OF SOIL METALS ON PLANT MORPHOLOGY, METAL ACCUMULATION, PLANT-POLLINATOR INTERACTIONS, AND POLLEN-PISTIL INTERACTIONS",2014,article,mutualist,P3,3,identified_partner_title;published_article_type,published_research_candidate,manual_biological_estimand_screen
doi:10.2478/johr-2014-0010,10.2478/johr-2014-0010,Examination of the Suitability of Different Pollinators for Four Sweet Cherry Cultivars Commonly Grown in Poland,2014,article,mutualist,P3,3,identified_partner_title;published_article_type,published_research_candidate,manual_biological_estimand_screen
doi:10.21273/horttech.24.2.196,10.21273/horttech.24.2.196,Flowering Phenology of Eastern Filbert Blight-resistant Hazelnut Accessions in New Jersey,2014,article,mutualist,P3,3,timing_title;published_article_type,published_research_candidate,manual_biological_estimand_screen
doi:10.4314/ijbcs.v8i1.21,10.4314/ijbcs.v8i1.21,"Flowering phenology and floral visitors of Piliostigma reticulatum in a tropical dry forest, Burkina Faso",2014,article,mutualist,P3,3,timing_title;published_article_type,published_research_candidate,manual_biological_estimand_screen
titleyear:flowering phenology and reproductive strategy study of distyly fagopyrum cymosum|2014,,Flowering phenology and reproductive strategy study of distyly Fagopyrum Cymosum,2014,article,mutualist,P3,3,timing_title;published_article_type,published_research_candidate,manual_biological_estimand_screen
doi:10.1111/1442-1984.12035,10.1111/1442-1984.12035,Fly pollination and duodichogamy in Bridelia stipularis and Cleistanthus sumatranus ( P hyllanthaceae),2014,article,mutualist,P3,3,identified_partner_title;published_article_type,published_research_candidate,manual_biological_estimand_screen
doi:10.1111/cobi.12193,10.1111/cobi.12193,Imperfect replacement of native species by non-native species as pollinators of endemic Hawaiian plants.,2014,"Journal Article,Research Support, Non-U.S. Gov't",mutualist,P3,3,identified_partner_title;published_article_type,published_research_candidate,manual_biological_estimand_screen
doi:10.1111/oik.01353,10.1111/oik.01353,Indirect positive effects of a parasitic plant on host pollination and seed dispersal,2014,article,mutualist,P3,3,identified_partner_title;published_article_type,published_research_candidate,manual_biological_estimand_screen
doi:10.1111/1442-1984.12070,10.1111/1442-1984.12070,"Intrinsic and extrinsic factors acting on the reproductive process in alpine‐snowbed plants: roles of phenology, biological interaction, and breeding system",2014,article,mutualist,P3,3,timing_title;published_article_type,published_research_candidate,manual_biological_estimand_screen
doi:10.3732/ajb.1300065,10.3732/ajb.1300065,Mating between Echinacea angustifolia (Asteraceae) individuals increases with their flowering synchrony and spatial proximity.,2014,"Journal Article,Research Support, U.S. Gov't, Non-P.H.S.",mutualist,P3,3,timing_title;published_article_type,published_research_candidate,manual_biological_estimand_screen
doi:10.1371/journal.pbio.1001828,10.1371/journal.pbio.1001828,Mismatch between birth date and vegetation phenology slows the demography of roe deer.,2014,"Journal Article,Research Support, Non-U.S. Gov't",antagonist,P3,3,timing_title;published_article_type,published_research_candidate,manual_biological_estimand_screen
doi:10.1111/1365-2435.12302,10.1111/1365-2435.12302,Obligate herbivory in an ancestrally carnivorous lineage: the giant panda and bamboo from the perspective of nutritional geometry,2014,article,antagonist,P3,3,identified_partner_title;published_article_type,published_research_candidate,manual_biological_estimand_screen
titleyear:oviposition preference and offspring performance of the oriental fruit fly bactrocera dorsalis and guava fruit fly b correcta diptera tephritidae on six host fruits|2014,,Oviposition preference and offspring performance of the oriental fruit fly Bactrocera dorsalis and guava fruit fly B.correcta( Diptera: Tephritidae) on six host fruits,2014,article,antagonist,P3,3,identified_partner_title;published_article_type,published_research_candidate,manual_biological_estimand_screen
doi:10.1111/oik.02077,10.1111/oik.02077,Phenological change and ecological interactions: an introduction,2014,article,antagonist;mutualist,P3,3,timing_title;published_article_type,published_research_candidate,manual_biological_estimand_screen
doi:10.4236/ajps.2014.513223,10.4236/ajps.2014.513223,Phenology and Reproductive Biology of Acacia karroo Hayne (Leguminosae: Mimosoideae),2014,article,mutualist,P3,3,timing_title;published_article_type,published_research_candidate,manual_biological_estimand_screen
doi:10.1111/plb.12142,10.1111/plb.12142,Pollen limitation and pollinator preferences in Scorzonera hispanica.,2014,"Journal Article,Research Support, Non-U.S. Gov't",antagonist;mutualist,P3,3,identified_partner_title;published_article_type,published_research_candidate,manual_biological_estimand_screen
titleyear:pollination biology and breeding system of melastoma dendrisetosum|2014,,Pollination Biology and Breeding System of Melastoma dendrisetosum,2014,article,mutualist,P3,3,identified_partner_title;published_article_type,published_research_candidate,manual_biological_estimand_screen
titleyear:pollination biology of criticallyendangered leucas sivadasaniana|2014,,Pollination Biology of criticallyendangered Leucas sivadasaniana,2014,article,mutualist,P3,3,identified_partner_title;published_article_type,published_research_candidate,manual_biological_estimand_screen
titleyear:pollination biology of medicinally important plant leucas aspera|2014,,Pollination Biology of medicinally important plant Leucas aspera,2014,article,mutualist,P3,3,identified_partner_title;published_article_type,published_research_candidate,manual_biological_estimand_screen
titleyear:pollination and reproductive strategy of the alien plant thunbergia grandiflora in the immigrated habitats|2014,,Pollination and reproductive strategy of the alien plant Thunbergia grandiflora in the immigrated habitats,2014,article,mutualist,P3,3,identified_partner_title;published_article_type,published_research_candidate,manual_biological_estimand_screen
doi:10.3724/sp.j.1003.2014.13243,10.3724/sp.j.1003.2014.13243,Pollination biology ofImpatiens hainanensis(Balsaminaceae) populations at different altitudes,2014,article,mutualist,P3,3,identified_partner_title;published_article_type,published_research_candidate,manual_biological_estimand_screen
doi:10.1007/s11258-014-0301-7,10.1007/s11258-014-0301-7,Pollinator sharing between mass-flowering oilseed rape and co-flowering wild plants: implications for wild plant pollination,2014,article,mutualist,P3,3,identified_partner_title;published_article_type,published_research_candidate,manual_biological_estimand_screen
doi:10.1111/oik.01473,10.1111/oik.01473,Selection on flowering time in a life‐cycle context,2014,article,mutualist,P3,3,timing_title;published_article_type,published_research_candidate,manual_biological_estimand_screen
doi:10.1111/oik.01439,10.1111/oik.01439,"Species traits and abundances predict metrics of plant–pollinator network structure, but not pairwise interactions",2014,article,mutualist,P3,3,identified_partner_title;published_article_type,published_research_candidate,manual_biological_estimand_screen
doi:10.1071/bt14138,10.1071/bt14138,"Synchronous monoecy in Ecdeiocoleaceae (Poales), in Western Australia",2014,article,mutualist,P3,3,timing_title;published_article_type,published_research_candidate,manual_biological_estimand_screen
doi:10.1016/j.ecolmodel.2014.09.028,10.1016/j.ecolmodel.2014.09.028,Temporal fluctuations in the environment and intra-specific polymorphism: A model simulating the flowering phenology of gorse (Ulex europaeus),2014,article,antagonist,P3,3,timing_title;published_article_type,published_research_candidate,manual_biological_estimand_screen
doi:10.1111/1365-2745.12231,10.1111/1365-2745.12231,Variability in seed cone production and functional response of seed predators to seed cone availability: support for the predator satiation hypothesis,2014,article,antagonist,P3,3,identified_partner_title;published_article_type,published_research_candidate,manual_biological_estimand_screen
doi:10.1614/ws-d-13-00079.1,10.1614/ws-d-13-00079.1,When Is the Best Time to Emerge: Reproductive Phenology and Success of Natural Common Waterhemp (Amaranthus rudis) Cohorts in the Midwest United States?,2014,article,mutualist,P3,3,timing_title;published_article_type,published_research_candidate,manual_biological_estimand_screen
titleyear:artificial pollination technology of ginkgo biloba|2013,,Artificial Pollination Technology of Ginkgo biloba,2013,article,mutualist,P3,3,identified_partner_title;published_article_type,published_research_candidate,manual_biological_estimand_screen
doi:10.1890/12-1620.1,10.1890/12-1620.1,Bee diversity effects on pollination depend on functional complementarity and niche shifts.,2013,"Journal Article,Research Support, Non-U.S. Gov't",mutualist,P3,3,identified_partner_title;published_article_type,published_research_candidate,manual_biological_estimand_screen
doi:10.1673/031.013.1301,10.1673/031.013.1301,Changes in the relative abundance and movement of insect pollinators during the flowering cycle of Brassica rapa crops: implications for gene flow.,2013,"Journal Article,Research Support, Non-U.S. Gov't",mutualist,P3,3,identified_partner_title;published_article_type,published_research_candidate,manual_biological_estimand_screen
doi:10.1890/12-0907.1,10.1890/12-0907.1,Comparison of plant preference hierarchies of male and female moths and the impact of larval rearing hosts,2013,article,antagonist,P3,3,identified_partner_title;published_article_type,published_research_candidate,manual_biological_estimand_screen
doi:10.1111/1365-2745.12068,10.1111/1365-2745.12068,Convergent specialization – the sharing of pollinators by sympatric genera of sexually deceptive orchids,2013,article,mutualist,P3,3,identified_partner_title;published_article_type,published_research_candidate,manual_biological_estimand_screen
doi:10.1016/j.jtbi.2012.10.001,10.1016/j.jtbi.2012.10.001,Difference in flowering time as an isolating barrier.,2013,"Journal Article,Research Support, Non-U.S. Gov't",mutualist,P3,3,timing_title;published_article_type,published_research_candidate,manual_biological_estimand_screen
doi:10.1111/j.1438-8677.2012.00649.x,10.1111/j.1438-8677.2012.00649.x,Divergence on floral traits and vertebrate pollinators of two endemic Encholirium bromeliads.,2013,"Journal Article,Research Support, Non-U.S. Gov't",antagonist;mutualist,P3,3,identified_partner_title;published_article_type,published_research_candidate,manual_biological_estimand_screen
doi:10.26786/1920-7603(2013)1,10.26786/1920-7603(2013)1,Do native bees have the potential to promote interspecific pollination in introduced Impatiens species?,2013,article,mutualist,P3,3,identified_partner_title;published_article_type,published_research_candidate,manual_biological_estimand_screen
doi:10.1111/1442-1984.12004,10.1111/1442-1984.12004,"Does community‐level floral abundance affect the pollination success of a rewardless orchid, Calanthe reflexa M axim.?",2013,article,mutualist,P3,3,identified_partner_title;published_article_type,published_research_candidate,manual_biological_estimand_screen
doi:10.1111/j.1438-8677.2012.00657.x,10.1111/j.1438-8677.2012.00657.x,Effect of habitat disturbance on pollination biology of the columnar cactus Stenocereus quevedonis at landscape-level in central Mexico.,2013,"Journal Article,Research Support, Non-U.S. Gov't",mutualist,P3,3,identified_partner_title;published_article_type,published_research_candidate,manual_biological_estimand_screen
doi:10.1007/s12080-013-0184-6,10.1007/s12080-013-0184-6,Evolution of masting with intermittence and synchronization under the enhancements of fertility and survival,2013,article,mutualist,P3,3,timing_title;published_article_type,published_research_candidate,manual_biological_estimand_screen
doi:10.1007/s00606-013-0833-7,10.1007/s00606-013-0833-7,Garcinia brasiliensis: insights into reproductive phenology and sexual system in a Neotropical environment,2013,article,mutualist,P3,3,timing_title;published_article_type,published_research_candidate,manual_biological_estimand_screen
titleyear:insect diversity and pollination biology of leucas chinensis lamiaceae|2013,,Insect diversity and pollination biology of Leucas chinensis (Lamiaceae),2013,article,mutualist,P3,3,identified_partner_title;published_article_type,published_research_candidate,manual_biological_estimand_screen
doi:10.1080/09291016.2013.797642,10.1080/09291016.2013.797642,"Investigation on rhythmicity in oviposition of an aphidophagous ladybird,Cheilomenes sexmaculata(Coleoptera: Coccinellidae)",2013,article,antagonist,P3,3,identified_partner_title;published_article_type,published_research_candidate,manual_biological_estimand_screen
doi:10.1111/jse.12040,10.1111/jse.12040,Is the pollination biology of Bathysa and Schizocalyx consistent with their segregation? A first approach for two sympatric species in southeastern Brazil,2013,article,mutualist,P3,3,identified_partner_title;published_article_type,published_research_candidate,manual_biological_estimand_screen
doi:10.1371/journal.pone.0082039,10.1371/journal.pone.0082039,Non-density dependent pollen dispersal of Shorea maxwelliana (Dipterocarpaceae) revealed by a Bayesian mating model based on paternity analysis in two synchronized flowering seasons.,2013,"Journal Article,Research Support, Non-U.S. Gov't",mutualist,P3,3,timing_title;published_article_type,published_research_candidate,manual_biological_estimand_screen
doi:10.5539/ijb.v5n2p103,10.5539/ijb.v5n2p103,"Nymph and Adult Biology on Cultivated and on Non-Cultivated Plants and Seasonal Phenology on Wild Plants of the Neotropical Stink Bug, Euschistus paranticus Grazia (Hemiptera: Heteroptera: Pentatomidae)",2013,article,antagonist,P3,3,timing_title;published_article_type,published_research_candidate,manual_biological_estimand_screen
doi:10.1093/aob/mct083,10.1093/aob/mct083,Ontogenetic patterns in the mechanisms of tolerance to herbivory in Plantago.,2013,"Comparative Study,Journal Article,Research Support, Non-U.S. Gov't",antagonist,P3,3,identified_partner_title;published_article_type,published_research_candidate,manual_biological_estimand_screen
doi:10.1126/science.1232728,10.1126/science.1232728,"Plant-Pollinator Interactions over 120 Years: Loss of Species, Co-Occurrence, and Function",2013,article,mutualist,P3,3,identified_partner_title;published_article_type,published_research_candidate,manual_biological_estimand_screen
doi:10.1016/j.flora.2013.07.002,10.1016/j.flora.2013.07.002,Pollination and self-interference in Nothofagus,2013,article,mutualist,P3,3,identified_partner_title;published_article_type,published_research_candidate,manual_biological_estimand_screen
doi:10.1007/s00606-013-0828-4,10.1007/s00606-013-0828-4,Pollinator-mediated mating restriction between sympatric varieties of yellow lady’s slipper orchids (Cypripedium parviflorum Salisb.),2013,article,mutualist,P3,3,identified_partner_title;published_article_type,published_research_candidate,manual_biological_estimand_screen
doi:10.1016/j.actao.2012.12.004,10.1016/j.actao.2012.12.004,"Population size, pollination and phenotypic trait selection in Phyteuma spicatum",2013,article,mutualist,P3,3,identified_partner_title;published_article_type,published_research_candidate,manual_biological_estimand_screen
doi:10.3732/ajb.1300238,10.3732/ajb.1300238,"Predispersal seed predation is higher in a rare species than in its widespread sympatric congeners (Astragalus, Fabaceae).",2013,"Comparative Study,Journal Article,Research Support, Non-U.S. Gov't",antagonist,P3,3,identified_partner_title;published_article_type,published_research_candidate,manual_biological_estimand_screen
doi:10.1007/s00049-013-0137-y,10.1007/s00049-013-0137-y,Preliminary evidence that the feeding rates of generalist marine herbivores are limited by detoxification rates,2013,article,antagonist,P3,3,identified_partner_title;published_article_type,published_research_candidate,manual_biological_estimand_screen
titleyear:roadsides as habitat for pollinators management to support bees and butterflies|2013,,ROADSIDES AS HABITAT FOR POLLINATORS: MANAGEMENT TO SUPPORT BEES AND BUTTERFLIES,2013,article,mutualist,P3,3,identified_partner_title;published_article_type,published_research_candidate,manual_biological_estimand_screen
doi:10.1603/en12309,10.1603/en12309,Relationship between plant phenology and Campylomma verbasci (Hemiptera: Miridae) damage to apple fruit.,2013,"Journal Article,Research Support, Non-U.S. Gov't",antagonist,P3,3,timing_title;published_article_type,published_research_candidate,manual_biological_estimand_screen
doi:10.1086/670809,10.1086/670809,Stage dependence of phenotypical and phenological maternal effects: insight into squamate reptile reproductive strategies.,2013,"Journal Article,Research Support, Non-U.S. Gov't",antagonist,P3,3,timing_title;published_article_type,published_research_candidate,manual_biological_estimand_screen
doi:10.1098/rspb.2013.1231,10.1098/rspb.2013.1231,"The value of oviposition timing, queen presence and kinship in a social insect.",2013,"Journal Article,Research Support, Non-U.S. Gov't",antagonist,P3,3,identified_partner_title;published_article_type,published_research_candidate,manual_biological_estimand_screen
doi:10.1016/j.anbehav.2013.06.009,10.1016/j.anbehav.2013.06.009,Warm and cozy: temperature and predation risk interactively affect oviposition site selection,2013,article,antagonist,P3,3,identified_partner_title;published_article_type,published_research_candidate,manual_biological_estimand_screen
doi:10.1111/j.1756-1051.2011.01157.x,10.1111/j.1756-1051.2011.01157.x,Annual variation in floral phenology and pollen production in a 25‐year‐old plantation of Tectona grandis,2012,article,mutualist,P3,3,timing_title;published_article_type,published_research_candidate,manual_biological_estimand_screen
doi:10.1093/aob/mcr308,10.1093/aob/mcr308,Asynchronous flowering and within-plant flowering diversity in wheat and the implications for crop resilience to heat.,2012,"Journal Article,Research Support, Non-U.S. Gov't",mutualist,P3,3,timing_title;published_article_type,published_research_candidate,manual_biological_estimand_screen
doi:10.1016/j.baae.2012.03.010,10.1016/j.baae.2012.03.010,Early reproductive benefits of mass-flowering crops to the solitary bee Osmia rufa outbalance post-flowering disadvantages,2012,article,mutualist,P3,3,identified_partner_title;published_article_type,published_research_candidate,manual_biological_estimand_screen
doi:10.1371/journal.pone.0049330,10.1371/journal.pone.0049330,Experimental infection of plants with an herbivore-associated bacterial endosymbiont influences herbivore host selection behavior.,2012,"Comparative Study,Journal Article",antagonist,P3,3,identified_partner_title;published_article_type,published_research_candidate,manual_biological_estimand_screen
doi:10.1093/aob/mcr324,10.1093/aob/mcr324,Floral traits mediate the vulnerability of aloes to pollen theft and inefficient pollination by bees.,2012,"Journal Article,Research Support, Non-U.S. Gov't",mutualist,P3,3,identified_partner_title;published_article_type,published_research_candidate,manual_biological_estimand_screen
doi:10.1093/aob/mcr293,10.1093/aob/mcr293,Generalist passerine pollination of a winter-flowering fruit tree in central China.,2012,"Journal Article,Research Support, Non-U.S. Gov't",mutualist,P3,3,identified_partner_title;published_article_type,published_research_candidate,manual_biological_estimand_screen
doi:10.1093/jhered/ess070,10.1093/jhered/ess070,Linking phenology to mating system: exploring the reproductive biology of the threatened palm species Butia eriospatha.,2012,"Journal Article,Research Support, Non-U.S. Gov't",mutualist,P3,3,timing_title;published_article_type,published_research_candidate,manual_biological_estimand_screen
doi:10.1371/journal.pone.0037745,10.1371/journal.pone.0037745,Lobelia siphilitica plants that escape herbivory in time also have reduced latex production.,2012,"Journal Article,Research Support, Non-U.S. Gov't,Research Support, U.S. Gov't, Non-P.H.S.",antagonist,P3,3,identified_partner_title;published_article_type,published_research_candidate,manual_biological_estimand_screen
doi:10.1016/j.actao.2012.05.006,10.1016/j.actao.2012.05.006,"Masting in oaks: Disentangling the effect of flowering phenology, airborne pollen load and drought",2012,article,mutualist,P3,3,timing_title;published_article_type,published_research_candidate,manual_biological_estimand_screen
titleyear:phenology and fruiting behaviour of safed arand jatropha curcas l|2012,,Phenology and Fruiting Behaviour of Safed Arand ( Jatropha curcas L.),2012,article,mutualist,P3,3,timing_title;published_article_type,published_research_candidate,manual_biological_estimand_screen
doi:10.1371/journal.pone.0046896,10.1371/journal.pone.0046896,Plant phenology and absence of sex-biased gall attack on three species of Baccharis.,2012,"Journal Article,Research Support, Non-U.S. Gov't",antagonist,P3,3,timing_title;published_article_type,published_research_candidate,manual_biological_estimand_screen
doi:10.1016/j.flora.2012.06.004,10.1016/j.flora.2012.06.004,Pollination drops as dynamic apoplastic secretions,2012,article,mutualist,P3,3,identified_partner_title;published_article_type,published_research_candidate,manual_biological_estimand_screen
titleyear:pollination ecology of agave palmeri in new mexico and landscape use of leptonycteris nivalis in relation to agaves|2012,,"Pollination ecology of Agave palmeri in New Mexico, and landscape use of Leptonycteris nivalis in relation to Agaves",2012,article,mutualist,P3,3,identified_partner_title;published_article_type,published_research_candidate,manual_biological_estimand_screen
doi:10.3732/ajb.1100588,10.3732/ajb.1100588,"Pollinator‐mediated competition between two congeners, Limnanthes douglasii subsp. rosea and L. alba (Limnanthaceae)",2012,article,mutualist,P3,3,identified_partner_title;published_article_type,published_research_candidate,manual_biological_estimand_screen
doi:10.1371/journal.pone.0041444,10.1371/journal.pone.0041444,Reassessing the determinants of breeding synchrony in ungulates.,2012,Journal Article,antagonist,P3,3,timing_title;published_article_type,published_research_candidate,manual_biological_estimand_screen
doi:10.1016/j.flora.2012.06.020,10.1016/j.flora.2012.06.020,Reproductive phenology of a northeast Brazilian mangrove community: Environmental and biotic constraints,2012,article,mutualist,P3,3,timing_title;published_article_type,published_research_candidate,manual_biological_estimand_screen
doi:10.1007/s10457-011-9476-2,10.1007/s10457-011-9476-2,Temporal variation in coffee flowering may influence the effects of bee species richness and abundance on coffee production,2012,article,mutualist,P3,3,identified_partner_title;published_article_type,published_research_candidate,manual_biological_estimand_screen
doi:10.1111/j.1461-9563.2012.00574.x,10.1111/j.1461-9563.2012.00574.x,The phenological window for western spruce budworm: seasonal decline in resource quality,2012,article,antagonist,P3,3,timing_title;published_article_type,published_research_candidate,manual_biological_estimand_screen
doi:10.4314/ijbcs.v5i5.23,10.4314/ijbcs.v5i5.23,The phenology of flowering in Citrullus lanatus (Thumb.) Mansf. in southwestern Nigeria,2012,article,mutualist,P3,3,timing_title;published_article_type,published_research_candidate,manual_biological_estimand_screen
doi:10.1371/journal.pone.0028140,10.1371/journal.pone.0028140,6-year periodicity and variable synchronicity in a mass-flowering plant.,2011,"Journal Article,Research Support, Non-U.S. Gov't",mutualist,P3,3,timing_title;published_article_type,published_research_candidate,manual_biological_estimand_screen
doi:10.1111/j.1469-8137.2011.04007.x,10.1111/j.1469-8137.2011.04007.x,Adapting with the enemy: local adaptation in plant–herbivore interactions,2011,article,antagonist;mutualist,P3,3,identified_partner_title;published_article_type,published_research_candidate,manual_biological_estimand_screen
doi:10.3955/046.085.0220,10.3955/046.085.0220,Comparison of Hand-Pollinated and Naturally-Pollinated Puget Balsamroot (Balsamorhiza deltoideaNutt.) to Determine Pollinator Limitations on South Puget Sound Lowland Prairies,2011,article,mutualist,P3,3,identified_partner_title;published_article_type,published_research_candidate,manual_biological_estimand_screen
titleyear:effects of elevated carbon dioxide on nectar and pollinating insects|2011,,Effects of elevated carbon dioxide on nectar and pollinating insects,2011,article,mutualist,P3,3,identified_partner_title;published_article_type,published_research_candidate,manual_biological_estimand_screen
doi:10.1111/j.1095-8339.2011.01139.x,10.1111/j.1095-8339.2011.01139.x,Evidence for rodent pollination in Erica hanekomii (Ericaceae),2011,article,mutualist,P3,3,identified_partner_title;published_article_type,published_research_candidate,manual_biological_estimand_screen
doi:10.2298/gensr1102397r,10.2298/gensr1102397r,Flowering time and incompatibility groups: Cultivar combination in commercial sweet cherry (Prunus avium L.) orchards,2011,article,mutualist,P3,3,timing_title;published_article_type,published_research_candidate,manual_biological_estimand_screen
doi:10.1071/bt10280,10.1071/bt10280,Frequency of visits and efficiency of pollination by diurnal and nocturnal lepidopterans for the dioecious tree Randia itatiaiae (Rubiaceae),2011,article,mutualist,P3,3,identified_partner_title;published_article_type,published_research_candidate,manual_biological_estimand_screen
titleyear:genetic variation in leaf morphology and resistance against specialist and generalist insect herbivores in natural populations of arabidopsis thaliana|2011,,Genetic variation in leaf morphology and resistance against specialist and generalist insect herbivores in natural populations of Arabidopsis thaliana,2011,article,antagonist,P3,3,identified_partner_title;published_article_type,published_research_candidate,manual_biological_estimand_screen
doi:10.1371/journal.pone.0014649,10.1371/journal.pone.0014649,Impact of interspecific hybridization between crops and weedy relatives on the evolution of flowering time in weedy phenotypes.,2011,"Journal Article,Research Support, N.I.H., Extramural,Research Support, U.S. Gov't, Non-P.H.S.",mutualist,P3,3,timing_title;published_article_type,published_research_candidate,manual_biological_estimand_screen
doi:10.1007/s10681-011-0399-9,10.1007/s10681-011-0399-9,Morpho-physiological and phenological attributes of reproductive biology of tea (Camellia sinensis (L.) O. Kuntze) in Sri Lanka,2011,article,mutualist,P3,3,timing_title;published_article_type,published_research_candidate,manual_biological_estimand_screen
doi:10.18473/lepi.v65i3.a1,10.18473/lepi.v65i3.a1,"Natural History of Limacodid Moths (Zygaenoidea) in the Environs of Washington, D.C.",2011,article,antagonist,P3,3,identified_partner_title;published_article_type,published_research_candidate,manual_biological_estimand_screen
doi:10.11609/jott.o2385.1818-25,10.11609/jott.o2385.1818-25,"Pollination biology of Impatiens cuspidata Wight and Arn. (Balsaminaceae), a rare and endemic balsam of the Western Ghats, India",2011,article,mutualist,P3,3,identified_partner_title;published_article_type,published_research_candidate,manual_biological_estimand_screen
titleyear:pollination ecology and breeding system of impatiens lateristachys balsaminaceae endemic to china|2011,,Pollination ecology and breeding system of Impatiens lateristachys (Balsaminaceae) endemic to China,2011,article,mutualist,P3,3,identified_partner_title;published_article_type,published_research_candidate,manual_biological_estimand_screen
doi:10.1603/en10084,10.1603/en10084,Pollination value of male bees: the specialist bee Peponapis pruinosa (Apidae) at summer squash (Cucurbita pepo).,2011,Journal Article,mutualist,P3,3,identified_partner_title;published_article_type,published_research_candidate,manual_biological_estimand_screen
doi:10.1007/s00442-011-1987-z,10.1007/s00442-011-1987-z,Relative abundance of an invasive alien plant affects native pollination processes.,2011,"Journal Article,Research Support, Non-U.S. Gov't",mutualist,P3,3,identified_partner_title;published_article_type,published_research_candidate,manual_biological_estimand_screen
doi:10.1590/s0102-33062011000300009,10.1590/s0102-33062011000300009,Reproductive biology and pollination of Aechmea distichantha Lem. (Bromeliaceae),2011,article,mutualist,P3,3,identified_partner_title;published_article_type,published_research_candidate,manual_biological_estimand_screen
doi:10.1093/aob/mcq210,10.1093/aob/mcq210,Reproductive isolation and pollination success of rewarding Galearis diantha and non-rewarding Ponerorchis chusua (Orchidaceae).,2011,"Journal Article,Research Support, Non-U.S. Gov't",mutualist,P3,3,identified_partner_title;published_article_type,published_research_candidate,manual_biological_estimand_screen
doi:10.1080/00222933.2011.552797,10.1080/00222933.2011.552797,Reproductive phenology and flower visitors' guild ofCanistropsis microps(Bromeliaceae) in an Atlantic Rainforest of southeastern Brazil,2011,article,mutualist,P3,3,timing_title;published_article_type,published_research_candidate,manual_biological_estimand_screen
doi:10.1093/aob/mcr093,10.1093/aob/mcr093,Seasonal change in a pollinator community and the maintenance of style length variation in Mertensia fusiformis (Boraginaceae).,2011,Journal Article,mutualist,P3,3,identified_partner_title;published_article_type,published_research_candidate,manual_biological_estimand_screen
titleyear:selection on flowering time in three natural populations of arabidopsis thaliana|2011,,Selection on flowering time in three natural populations of Arabidopsis thaliana,2011,article,antagonist,P3,3,timing_title;published_article_type,published_research_candidate,manual_biological_estimand_screen
doi:10.1890/10-2060.1,10.1890/10-2060.1,Shifting phenology and abundance under experimental warming alters trophic relationships and plant reproductive capacity.,2011,"Journal Article,Research Support, Non-U.S. Gov't",antagonist,P3,3,timing_title;published_article_type,published_research_candidate,manual_biological_estimand_screen
titleyear:studies on characteristics of androphyte inflorescence and pollination of myrica rubra|2011,,Studies on Characteristics of Androphyte Inflorescence and Pollination of Myrica rubra,2011,article,mutualist,P3,3,identified_partner_title;published_article_type,published_research_candidate,manual_biological_estimand_screen
doi:10.1038/hdy.2010.134,10.1038/hdy.2010.134,Temporal variation in pollen dispersal and breeding structure in a bee-pollinated Neotropical tree.,2011,"Journal Article,Research Support, Non-U.S. Gov't",mutualist,P3,3,identified_partner_title;published_article_type,published_research_candidate,manual_biological_estimand_screen
doi:10.1007/s10530-011-0067-y,10.1007/s10530-011-0067-y,The influence of an invasive plant species on the pollination success and reproductive output of three riparian plant species,2011,article,mutualist,P3,3,identified_partner_title;published_article_type,published_research_candidate,manual_biological_estimand_screen
doi:10.1016/j.cub.2009.11.071,10.1016/j.cub.2009.11.071,Changing pollinators as a means of escaping herbivores.,2010,"Journal Article,Research Support, Non-U.S. Gov't",antagonist;mutualist,P3,3,identified_partner_title;published_article_type,published_research_candidate,manual_biological_estimand_screen
doi:10.1890/09-2278.1,10.1890/09-2278.1,Climate warming and predation risk during herbivore ontogeny.,2010,"Journal Article,Research Support, U.S. Gov't, Non-P.H.S.",antagonist,P3,3,identified_partner_title;published_article_type,published_research_candidate,manual_biological_estimand_screen
doi:10.1098/rspb.2009.1910,10.1098/rspb.2009.1910,Climatic warming increases voltinism in European butterflies and moths.,2010,"Journal Article,Research Support, Non-U.S. Gov't",antagonist,P3,3,identified_partner_title;published_article_type,published_research_candidate,manual_biological_estimand_screen
doi:10.1590/s0001-37652010000400010,10.1590/s0001-37652010000400010,"Contrasting bee pollination in two co-occurring distylic species of Cordia (Cordiaceae, Boraginales) in the Brazilian semi-arid Caatinga: generalist in C. globosa vs. specialist in C. leucocephala.",2010,"Comparative Study,Journal Article,Research Support, Non-U.S. Gov't",mutualist,P3,3,identified_partner_title;published_article_type,published_research_candidate,manual_biological_estimand_screen
doi:10.1890/09-2194.1,10.1890/09-2194.1,Dangerous liaisons disperse the Mediterranean dwarf palm: fleshy-pulp defensive role against seed predators,2010,article,antagonist,P3,3,identified_partner_title;published_article_type,published_research_candidate,manual_biological_estimand_screen
doi:10.1111/j.1442-1984.2009.00263.x,10.1111/j.1442-1984.2009.00263.x,"Effect of the specialist herbivore Luehdorfia puziloi on the performance of a woodland herbaceous plant, Asarum heterotropoides",2010,article,antagonist,P3,3,identified_partner_title;published_article_type,published_research_candidate,manual_biological_estimand_screen
doi:10.1007/s00442-010-1634-0,10.1007/s00442-010-1634-0,Environmental context determines within- and potential between-generation consequences of herbivory.,2010,"Journal Article,Research Support, U.S. Gov't, Non-P.H.S.",antagonist,P3,3,identified_partner_title;published_article_type,published_research_candidate,manual_biological_estimand_screen
doi:10.1890/0012-9623-91.2.262,10.1890/0012-9623-91.2.262,"First Florida Phenology Workshop, Gainesville, Florida",2010,article,mutualist,P3,3,timing_title;published_article_type,published_research_candidate,manual_biological_estimand_screen
titleyear:floral biology and flowering phenology of jatropha curcas|2010,,Floral Biology and Flowering Phenology of Jatropha Curcas,2010,article,mutualist,P3,3,timing_title;published_article_type,published_research_candidate,manual_biological_estimand_screen
doi:10.1603/en09381,10.1603/en09381,"Host plant phenology affects performance of an invasive weevil, Phyllobius oblongus (Coleoptera: Curculionidae), in a northern hardwood forest.",2010,"Journal Article,Research Support, Non-U.S. Gov't,Research Support, U.S. Gov't, Non-P.H.S.",antagonist,P3,3,timing_title;published_article_type,published_research_candidate,manual_biological_estimand_screen
doi:10.1007/s10681-010-0192-1,10.1007/s10681-010-0192-1,Identification and sequence characterisation of molecular markers polymorphic between male kiwifruit (Actinidia chinensis var. deliciosa (A. Chev.) A. Chev.) accessions exhibiting different flowering time,2010,article,mutualist,P3,3,timing_title;published_article_type,published_research_candidate,manual_biological_estimand_screen
doi:10.1007/s00442-010-1632-2,10.1007/s00442-010-1632-2,Intra-tree variation in foliage quality drives the adaptive sex-biased foraging behaviors of a specialist herbivore.,2010,"Journal Article,Research Support, Non-U.S. Gov't",antagonist,P3,3,identified_partner_title;published_article_type,published_research_candidate,manual_biological_estimand_screen
doi:10.1590/s0103-90162010000600007,10.1590/s0103-90162010000600007,Life table of Hypothenemus hampei (Ferrari) in relation to coffee berry phenology under Colombian field conditions,2010,article,antagonist,P3,3,timing_title;published_article_type,published_research_candidate,manual_biological_estimand_screen
doi:10.1016/j.flora.2009.12.041,10.1016/j.flora.2009.12.041,"Pollination and breeding systems of woody plant species in tropical dry evergreen forests, southern India",2010,article,mutualist,P3,3,identified_partner_title;published_article_type,published_research_candidate,manual_biological_estimand_screen
doi:10.1071/bt09172,10.1071/bt09172,Pollination ecology of the rare desert species Eremosparton songoricum (Fabaceae),2010,article,mutualist,P3,3,identified_partner_title;published_article_type,published_research_candidate,manual_biological_estimand_screen
titleyear:pollination ecology of the rare desert species eremosparton songoricum fabaceae|2010,,Pollination ecology of the rare desert species Eremosparton songoricum (Fabaceae),2010,article,mutualist,P3,3,identified_partner_title;published_article_type,published_research_candidate,manual_biological_estimand_screen
doi:10.1111/j.1600-0706.2009.17762.x,10.1111/j.1600-0706.2009.17762.x,Reproductive interactions mediated by flowering overlap in a temperate hummingbird–plant assemblage,2010,article,mutualist,P3,3,timing_title;published_article_type,published_research_candidate,manual_biological_estimand_screen
doi:10.1007/s10682-010-9440-z,10.1007/s10682-010-9440-z,Selection on flowering time in Mediterranean high-mountain plants under global warming,2010,article,antagonist;mutualist,P3,3,timing_title;published_article_type,published_research_candidate,manual_biological_estimand_screen
doi:10.1007/s10841-010-9355-6,10.1007/s10841-010-9355-6,Synchronisation of egg hatching of brown hairstreak (Thecla betulae) and budburst of blackthorn (Prunus spinosa) in a warmer future,2010,article,antagonist,P3,3,timing_title;published_article_type,published_research_candidate,manual_biological_estimand_screen
doi:10.1007/s11258-010-9763-4,10.1007/s11258-010-9763-4,"Trade-offs between flowering time, plant height, and seed size within and across 11 communities of a QingHai-Tibetan flora",2010,article,mutualist,P3,3,timing_title;published_article_type,published_research_candidate,manual_biological_estimand_screen
doi:10.1007/s10722-010-9540-1,10.1007/s10722-010-9540-1,Vanilla bicolor Lindl. (Orchidaceae) from the Peruvian Amazon: auto-fertilization in Vanilla and notes on floral phenology,2010,article,mutualist,P3,3,timing_title;published_article_type,published_research_candidate,manual_biological_estimand_screen
doi:10.15835/buasvmcn-hort:4502,10.15835/buasvmcn-hort:4502,Walnut Tree Pollen Quality in Cultivars with Various Flowering Times,2010,article,mutualist,P3,3,timing_title;published_article_type,published_research_candidate,manual_biological_estimand_screen
doi:10.1007/s12229-010-9042-z,10.1007/s12229-010-9042-z,What We Think We Know vs. What We Need to Know About Orchid Pollination and Conservation: Cypripedium L. as a Model Lineage,2010,article,mutualist,P3,3,identified_partner_title;published_article_type,published_research_candidate,manual_biological_estimand_screen
doi:10.1016/j.scienta.2009.07.013,10.1016/j.scienta.2009.07.013,Blooming phenology and self-incompatibility of some commercial cherry (Prunus avium L.) cultivars in Iran,2009,article,mutualist,P3,3,timing_title;published_article_type,published_research_candidate,manual_biological_estimand_screen
doi:10.1007/s10342-009-0304-4,10.1007/s10342-009-0304-4,Contrasting phenology and female cone characteristics of the two Macaronesian island endemic cedars (Juniperus cedrus and J. brevifolia),2009,article,mutualist,P3,3,timing_title;published_article_type,published_research_candidate,manual_biological_estimand_screen
doi:10.1093/aob/mcn262,10.1093/aob/mcn262,"Domestication of cardamom (Elettaria cardamomum) in Western Ghats, India: divergence in productive traits and a shift in major pollinators.",2009,"Journal Article,Research Support, Non-U.S. Gov't",mutualist,P3,3,identified_partner_title;published_article_type,published_research_candidate,manual_biological_estimand_screen
doi:10.1111/j.1365-3032.2009.00706.x,10.1111/j.1365-3032.2009.00706.x,Flight during oviposition reduces maternal egg provisioning and influences offspring development in Pararge aegeria (L.),2009,article,antagonist,P3,3,identified_partner_title;published_article_type,published_research_candidate,manual_biological_estimand_screen
doi:10.1093/aob/mcn232,10.1093/aob/mcn232,Flowering phenology of invasive alien plant species compared with native species in three Mediterranean-type ecosystems.,2009,"Comparative Study,Journal Article",mutualist,P3,3,timing_title;published_article_type,published_research_candidate,manual_biological_estimand_screen
titleyear:interactions among maize phenologies transgenic bacillus thuringiensis maize and seed treatment for management of pests and diseases of maize|2009,,"Interactions among maize phenologies, transgenic Bacillus thuringiensis maize and seed treatment for management of pests and diseases of maize",2009,article,antagonist,P3,3,timing_title;published_article_type,published_research_candidate,manual_biological_estimand_screen
titleyear:modeling species distributions of three endemic florida panhandle mints under climate change comparing plant and pollinator distribution shifts under future conditions|2009,,Modeling Species Distributions of Three Endemic Florida Panhandle Mints under Climate Change: Comparing Plant and Pollinator Distribution Shifts under Future Conditions,2009,article,mutualist,P3,3,identified_partner_title;published_article_type,published_research_candidate,manual_biological_estimand_screen
doi:10.1111/j.1365-2311.2009.01101.x,10.1111/j.1365-2311.2009.01101.x,More is not necessarily better: the impact of limiting and excessive nutrients on herbivore population growth rates,2009,article,antagonist,P3,3,identified_partner_title;published_article_type,published_research_candidate,manual_biological_estimand_screen
doi:10.1111/j.1442-1984.2009.00235.x,10.1111/j.1442-1984.2009.00235.x,"Pollination biology of the sclerophyllous shrub Pultenaea villosa Willd. (Fabaceae) in southeast Queensland, Australia",2009,article,mutualist,P3,3,identified_partner_title;published_article_type,published_research_candidate,manual_biological_estimand_screen
doi:10.1016/j.flora.2008.11.008,10.1016/j.flora.2008.11.008,"Pollination ecology of Ruellia angustiflora (Ness) Lindau ex Rambo (Acanthaceae) in the Serra da Bodoquena, Mato Grosso do Sul, Brazil",2009,article,mutualist,P3,3,identified_partner_title;published_article_type,published_research_candidate,manual_biological_estimand_screen
doi:10.1093/aob/mcn219,10.1093/aob/mcn219,Pollinator convergence and the nature of species' boundaries in sympatric Sardinian Ophrys (Orchidaceae).,2009,"Journal Article,Research Support, Non-U.S. Gov't",mutualist,P3,3,identified_partner_title;published_article_type,published_research_candidate,manual_biological_estimand_screen
doi:10.1017/s000748530800624x,10.1017/s000748530800624x,Population fluctuations of light-attracted chrysomelid beetles in relation to supra-annual environmental changes in a Bornean rainforest.,2009,"Journal Article,Research Support, Non-U.S. Gov't",antagonist,P3,3,identified_partner_title;published_article_type,published_research_candidate,manual_biological_estimand_screen
doi:10.5141/jefb.2009.32.3.137,10.5141/jefb.2009.32.3.137,"Pre-dispersal Seed Predation by a Granivorous Bird, the Masked Grosbeak (Eophona personata), in Two Bird-dispersed Ulmaceae Species",2009,article,antagonist,P3,3,identified_partner_title;published_article_type,published_research_candidate,manual_biological_estimand_screen
titleyear:reproductive biology of corymbia citriodora subsp variegata and effective pollination across its native range|2009,,Reproductive Biology of Corymbia citriodora subsp. variegata and Effective Pollination across its Native Range.,2009,article,mutualist,P3,3,identified_partner_title;published_article_type,published_research_candidate,manual_biological_estimand_screen
doi:10.2989/sf.2009.71.2.7.822,10.2989/sf.2009.71.2.7.822,"Reproductive biology ofCorymbia citriodorasubsp.variegataand effective pollination across its native range in Queensland, Australia",2009,article,mutualist,P3,3,identified_partner_title;published_article_type,published_research_candidate,manual_biological_estimand_screen
doi:10.1016/j.sajb.2009.08.003,10.1016/j.sajb.2009.08.003,Rodent pollination in Protea nana,2009,article,mutualist,P3,3,identified_partner_title;published_article_type,published_research_candidate,manual_biological_estimand_screen
doi:10.1016/j.scienta.2009.02.001,10.1016/j.scienta.2009.02.001,Selection of potential pollinizers for ‘Hass’ avocado based on flowering time and male–female overlapping,2009,article,mutualist,P3,3,timing_title;published_article_type,published_research_candidate,manual_biological_estimand_screen
doi:10.1093/aob/mcp029,10.1093/aob/mcp029,"The pollination of a self-incompatible, food-mimic orchid, Coelogyne fimbriata (Orchidaceae), by female Vespula wasps.",2009,"Journal Article,Research Support, Non-U.S. Gov't",mutualist,P3,3,identified_partner_title;published_article_type,published_research_candidate,manual_biological_estimand_screen
doi:10.3159/08-ra-028.1,10.3159/08-ra-028.1,"Variation in southern Florida and Bahamian Aletris (Nartheciaceae): morphology, phenology, and putative hybridization",2009,article,mutualist,P3,3,timing_title;published_article_type,published_research_candidate,manual_biological_estimand_screen
doi:10.1080/07924259.2008.9652268,10.1080/07924259.2008.9652268,"Biological studies and phenology of the slugDeroceras reticulatum(Müller, 1774) (Pulmonata: Stylommatophora)",2008,article,antagonist,P3,3,timing_title;published_article_type,published_research_candidate,manual_biological_estimand_screen
doi:10.1007/s12080-008-0025-1,10.1007/s12080-008-0025-1,Coexistence of multiple parasitoids on a single host due to differences in parasitoid phenology,2008,article,antagonist,P3,3,timing_title;published_article_type,published_research_candidate,manual_biological_estimand_screen
doi:10.1111/j.1365-2486.2008.01806.x,10.1111/j.1365-2486.2008.01806.x,Copepod life cycle adaptations and success in response to phytoplankton spring bloom phenology,2008,article,antagonist,P3,3,timing_title;published_article_type,published_research_candidate,manual_biological_estimand_screen
titleyear:determination of the wind pollination distances and flowering characteristics of hippophae rhamnoides l ssp sinensis rousi elaeagnaceae|2008,,Determination of the wind pollination distances and flowering characteristics of Hippophae rhamnoides L.ssp.sinensis Rousi (Elaeagnaceae),2008,article,mutualist,P3,3,identified_partner_title;published_article_type,published_research_candidate,manual_biological_estimand_screen
doi:10.1890/06-2128.1,10.1890/06-2128.1,"Effects of climate change on phenology, frost damage, and floral abundance of montane wildflowers.",2008,"Journal Article,Research Support, Non-U.S. Gov't,Research Support, U.S. Gov't, Non-P.H.S.",antagonist;mutualist,P3,3,timing_title;published_article_type,published_research_candidate,manual_biological_estimand_screen
doi:10.2989/ajms.2008.30.3.11.645,10.2989/ajms.2008.30.3.11.645,Effects of herbivore grazing on the physiognomy of the coralline algaSpongites yendoiand on associated competitive interactions,2008,article,antagonist,P3,3,identified_partner_title;published_article_type,published_research_candidate,manual_biological_estimand_screen
doi:10.1093/aob/mcn194,10.1093/aob/mcn194,Effects of plant size and weather on the flowering phenology of the organ pipe cactus (Stenocereus thurberi).,2008,"Journal Article,Research Support, Non-U.S. Gov't",mutualist,P3,3,timing_title;published_article_type,published_research_candidate,manual_biological_estimand_screen
doi:10.1093/ee/37.3.660,10.1093/ee/37.3.660,Phenology Simulation Model of Scotinophara lurida (Hemiptera: Pentatomidae),2008,article,antagonist,P3,3,timing_title;published_article_type,published_research_candidate,manual_biological_estimand_screen
doi:10.1603/0046-225x(2008)37[660:psmosl]2.0.co;2,10.1603/0046-225x(2008)37[660:psmosl]2.0.co;2,Phenology simulation model of Scotinophara lurida (Hemiptera: Pentatomidae).,2008,"Journal Article,Research Support, Non-U.S. Gov't",antagonist,P3,3,timing_title;published_article_type,published_research_candidate,manual_biological_estimand_screen
doi:10.1016/j.actao.2008.06.008,10.1016/j.actao.2008.06.008,Plant–pollinator interactions: comparison between an invasive and a native congeneric species,2008,article,mutualist,P3,3,identified_partner_title;published_article_type,published_research_candidate,manual_biological_estimand_screen
doi:10.1016/j.flora.2007.07.004,10.1016/j.flora.2007.07.004,"Pollen and nectar as a reward in the basal epidendroid Psilochilus modestus (Orchidaceae: Triphoreae): A study of floral morphology, reproductive biology and pollination strategy",2008,article,mutualist,P3,3,identified_partner_title;published_article_type,published_research_candidate,manual_biological_estimand_screen
doi:10.1007/s00497-008-0077-9,10.1007/s00497-008-0077-9,Post-pollination hybridization barriers in Nicotiana section Alatae,2008,article,mutualist,P3,3,identified_partner_title;published_article_type,published_research_candidate,manual_biological_estimand_screen
doi:10.4039/n08-011,10.4039/n08-011,Potential of bigleaf lupine for building and sustainingOsmia lignariapopulations for pollination of apple,2008,article,mutualist,P3,3,identified_partner_title;published_article_type,published_research_candidate,manual_biological_estimand_screen
doi:10.1890/0012-9623(2008)89[481:pteaeo]2.0.co;2,10.1890/0012-9623(2008)89[481:pteaeo]2.0.co;2,Pre-meeting Conference; The Ecology and Evolution of Plant–Pollinator Interactions,2008,article,mutualist,P3,3,identified_partner_title;published_article_type,published_research_candidate,manual_biological_estimand_screen
doi:10.1177/194008290800100303,10.1177/194008290800100303,Reproductive Phenology of Central Amazon Pioneer Trees,2008,article,mutualist,P3,3,timing_title;published_article_type,published_research_candidate,manual_biological_estimand_screen
doi:10.1007/s00442-008-1016-z,10.1007/s00442-008-1016-z,Response of host plants to periodical cicada oviposition damage.,2008,"Journal Article,Research Support, U.S. Gov't, Non-P.H.S.",antagonist,P3,3,identified_partner_title;published_article_type,published_research_candidate,manual_biological_estimand_screen
doi:10.1051/ebr:2008011,10.1051/ebr:2008011,"Shared flowering phenology, insect pests, and pathogens among wild, weedy, and cultivated rice in the Mekong Delta, Vietnam: implications for transgenic rice.",2008,"Journal Article,Research Support, Non-U.S. Gov't,Research Support, U.S. Gov't, Non-P.H.S.",antagonist,P3,3,timing_title;published_article_type,published_research_candidate,manual_biological_estimand_screen
doi:10.1111/j.1442-1984.2008.00202.x,10.1111/j.1442-1984.2008.00202.x,Spatial and temporal variation in the fruiting phenology of palms in isolated stands,2008,article,mutualist,P3,3,timing_title;published_article_type,published_research_candidate,manual_biological_estimand_screen
doi:10.1104/pp.107.112490,10.1104/pp.107.112490,Why Does Herbivore Attack Reconfigure Primary Metabolism?,2008,article,antagonist,P3,3,identified_partner_title;published_article_type,published_research_candidate,manual_biological_estimand_screen
titleyear:avocado pollinators in southeast spain|2007,,AVOCADO POLLINATORS IN SOUTHEAST SPAIN,2007,article,mutualist,P3,3,identified_partner_title;published_article_type,published_research_candidate,manual_biological_estimand_screen
doi:10.1007/s10530-007-9180-3,10.1007/s10530-007-9180-3,Differences in life history strategies between an invasive and a competing resident seed predator,2007,article,antagonist,P3,3,identified_partner_title;published_article_type,published_research_candidate,manual_biological_estimand_screen
doi:10.1016/j.ppees.2007.09.001,10.1016/j.ppees.2007.09.001,Ecological and evolutionary consequences of spatial and temporal variation in pre-dispersal seed predation,2007,article,antagonist;mutualist,P3,3,identified_partner_title;published_article_type,published_research_candidate,manual_biological_estimand_screen
titleyear:effects of flowering phenology and inflorescence size on interactions at three trophic levels|2007,,Effects of flowering phenology and inflorescence size on interactions at three trophic levels.,2007,article,antagonist;mutualist,P3,3,timing_title;published_article_type,published_research_candidate,manual_biological_estimand_screen
doi:10.1071/bt06193,10.1071/bt06193,"Flowering phenology, nectary structure and breeding system in Corymborkis flava (Spiranthoideae:Tropidieae), a terrestrial orchid from a Neotropical forest",2007,article,mutualist,P3,3,timing_title;published_article_type,published_research_candidate,manual_biological_estimand_screen
titleyear:fly pollination of antidesma montanum euphorbiaceae in hainan china|2007,,"Fly pollination of Antidesma montanum(Euphorbiaceae) in Hainan,China",2007,article,mutualist,P3,3,identified_partner_title;published_article_type,published_research_candidate,manual_biological_estimand_screen
doi:10.1111/j.1461-0248.2007.01061.x,10.1111/j.1461-0248.2007.01061.x,Global warming and the disruption of plant-pollinator interactions.,2007,"Journal Article,Research Support, Non-U.S. Gov't",mutualist,P3,3,identified_partner_title;published_article_type,published_research_candidate,manual_biological_estimand_screen
doi:10.1655/0018-0831(2007)63[258:oedago]2.0.co;2,10.1655/0018-0831(2007)63[258:oedago]2.0.co;2,"OVIPOSITION, EARLY DEVELOPMENT AND GROWTH OF THE CAVE SALAMANDER, EURYCEA LUCIFUGA: SURFACE AND SUBTERRANEAN INFLUENCES ON A TROGLOPHILIC SPECIES",2007,article,antagonist,P3,3,identified_partner_title;published_article_type,published_research_candidate,manual_biological_estimand_screen
doi:10.1016/j.jtbi.2007.01.010,10.1016/j.jtbi.2007.01.010,Optimal phenology of annual plants under grazing pressure.,2007,"Journal Article,Research Support, Non-U.S. Gov't",antagonist,P3,3,timing_title;published_article_type,published_research_candidate,manual_biological_estimand_screen
titleyear:patterns and consequences of competition for pollination between introduced and native species with different floral traits|2007,,Patterns and Consequences of Competition for Pollination between Introduced and Native Species with Different Floral Traits.,2007,article,mutualist,P3,3,identified_partner_title;published_article_type,published_research_candidate,manual_biological_estimand_screen
titleyear:phenology and sex expression of junggar desert ephemerals neotorularia korolkovii and isatis violascens brassicaceae|2007,,Phenology and sex expression of Junggar desert ephemerals Neotorularia korolkovii and Isatis violascens (Brassicaceae),2007,article,mutualist,P3,3,timing_title;published_article_type,published_research_candidate,manual_biological_estimand_screen
titleyear:pollination biology of endangered euryodendron excelsum|2007,,Pollination Biology of Endangered Euryodendron excelsum,2007,article,mutualist,P3,3,identified_partner_title;published_article_type,published_research_candidate,manual_biological_estimand_screen
doi:10.1086/521689,10.1086/521689,"Pollination Ecology and Breeding System of Xylopia championii (Annonaceae): Curculionid Beetle Pollination, Promoted by Floral Scents and Elevated Floral Temperatures",2007,article,mutualist,P3,3,identified_partner_title;published_article_type,published_research_candidate,manual_biological_estimand_screen
titleyear:pollination ecology of rare and endangered species kmeria septentrionalis|2007,,Pollination ecology of rare and endangered species Kmeria septentrionalis,2007,article,mutualist,P3,3,identified_partner_title;published_article_type,published_research_candidate,manual_biological_estimand_screen
doi:10.1890/07-0346.1,10.1890/07-0346.1,Pre-dispersal seed predation: the role of fruit abortion and selective oviposition.,2007,"Journal Article,Research Support, Non-U.S. Gov't",antagonist,P3,3,identified_partner_title;published_article_type,published_research_candidate,manual_biological_estimand_screen
doi:10.1111/j.1365-2745.2007.01235.x,10.1111/j.1365-2745.2007.01235.x,Seed predation during general flowering events of varying magnitude in a Malaysian rain forest,2007,article,antagonist,P3,3,identified_partner_title;published_article_type,published_research_candidate,manual_biological_estimand_screen
doi:10.1111/j.1420-9101.2006.01260.x,10.1111/j.1420-9101.2006.01260.x,Selection on flowering time and floral display in an alpine and a lowland population of Arabidopsis lyrata.,2007,"Comparative Study,Journal Article,Research Support, Non-U.S. Gov't",antagonist,P3,3,timing_title;published_article_type,published_research_candidate,manual_biological_estimand_screen
titleyear:spatio temporal dynamics in a tritrophic plant seed predator parasitoid system|2007,,Spatio-temporal dynamics in a tritrophic plant-seed predator-parasitoid system.,2007,article,antagonist;mutualist,P3,3,identified_partner_title;published_article_type,published_research_candidate,manual_biological_estimand_screen
titleyear:studying artificial pollination of four midseason male genotypes of pistachio pistachia vera l on three iranian cultivars and selection of best pollinizer|2007,,Studying Artificial Pollination of Four Midseason Male Genotypes of Pistachio (Pistachia vera L.) on Three Iranian Cultivars and Selection of Best Pollinizer,2007,article,mutualist,P3,3,identified_partner_title;published_article_type,published_research_candidate,manual_biological_estimand_screen
doi:10.1093/aob/mcm206,10.1093/aob/mcm206,Synchronous pulsed flowering: analysis of the flowering phenology in Juncus (Juncaceae).,2007,"Journal Article,Research Support, Non-U.S. Gov't",mutualist,P3,3,timing_title;published_article_type,published_research_candidate,manual_biological_estimand_screen
doi:10.1111/j.1461-0248.2007.01048.x,10.1111/j.1461-0248.2007.01048.x,Synchrony's double edge: transient dynamics and the Allee effect in stage structured populations.,2007,"Comparative Study,Journal Article,Research Support, Non-U.S. Gov't,Research Support, U.S. Gov't, Non-P.H.S.",antagonist,P3,3,timing_title;published_article_type,published_research_candidate,manual_biological_estimand_screen
doi:10.1055/s-2006-924649,10.1055/s-2006-924649,"The anatomy of the stigma and style from Cyclamen persicum (Mill.) cv. ""pure white"" and its relation to pollination success.",2007,Journal Article,mutualist,P3,3,identified_partner_title;published_article_type,published_research_candidate,manual_biological_estimand_screen
doi:10.1007/s00606-006-0430-0,10.1007/s00606-006-0430-0,"A preliminary study on pollination biology of Omphalogramma souliei Franch. (Primulaceae), a species endemic to China",2006,article,mutualist,P3,3,identified_partner_title;published_article_type,published_research_candidate,manual_biological_estimand_screen
doi:10.1093/aob/mcj045,10.1093/aob/mcj045,Diurnal and nocturnal pollination of Marginatocereus marginatus (Pachycereeae: Cactaceae) in Central Mexico.,2006,"Journal Article,Research Support, Non-U.S. Gov't",mutualist,P3,3,identified_partner_title;published_article_type,published_research_candidate,manual_biological_estimand_screen
titleyear:flower phenology and sexual maturation partial protandrous behavior in three species of orchids|2006,,Flower Phenology and Sexual Maturation: Partial Protandrous Behavior in Three Species of Orchids,2006,article,mutualist,P3,3,timing_title;published_article_type,published_research_candidate,manual_biological_estimand_screen
doi:10.1600/036364406777585928,10.1600/036364406777585928,Flowering Phenology in Relation to Adaptive Radiation,2006,article,mutualist,P3,3,timing_title;published_article_type,published_research_candidate,manual_biological_estimand_screen
doi:10.1400/56450,10.1400/56450,Flowering Time of Almond Cultivars in Argentina,2006,article,mutualist,P3,3,timing_title;published_article_type,published_research_candidate,manual_biological_estimand_screen
doi:10.1111/j.1469-8137.2006.01745.x,10.1111/j.1469-8137.2006.01745.x,Herbivory tolerance and coevolution: an alternative to the arms race?,2006,article,antagonist,P3,3,identified_partner_title;published_article_type,published_research_candidate,manual_biological_estimand_screen
doi:10.1086/504924,10.1086/504924,Morph Differences and Honeybee Morph Preference in the Distylous Species Fagopyrum esculentum Moench,2006,article,mutualist,P3,3,identified_partner_title;published_article_type,published_research_candidate,manual_biological_estimand_screen
titleyear:pollination biology of aristolochia tagala a rare species of medicinal importance|2006,,"Pollination biology of Aristolochia tagala, a rare species of medicinal importance",2006,article,mutualist,P3,3,identified_partner_title;published_article_type,published_research_candidate,manual_biological_estimand_screen
doi:10.1111/j.1095-8339.2006.00457.x,10.1111/j.1095-8339.2006.00457.x,Pollination biology of the deceptive orchid Changnienia amoena,2006,article,mutualist,P3,3,identified_partner_title;published_article_type,published_research_candidate,manual_biological_estimand_screen
doi:10.1073/pnas.0507165103,10.1073/pnas.0507165103,Pollination decays in biodiversity hotspots.,2006,"Journal Article,Research Support, Non-U.S. Gov't",mutualist,P3,3,identified_partner_title;published_article_type,published_research_candidate,manual_biological_estimand_screen
titleyear:pollination ecology of trachymene incisa apiaceae understanding generalised plant pollinator systems|2006,,Pollination ecology of Trachymene incisa (Apiaceae): Understanding generalised plant-pollinator systems,2006,article,mutualist,P3,3,identified_partner_title;published_article_type,published_research_candidate,manual_biological_estimand_screen
doi:10.1111/j.0014-3820.2006.tb01135.x,10.1111/j.0014-3820.2006.tb01135.x,REPRODUCTIVE ISOLATION BETWEEN TWO CLOSELY RELATED HUMMINGBIRD POLLINATED NEOTROPICAL GINGERS,2006,article,mutualist,P3,3,identified_partner_title;published_article_type,published_research_candidate,manual_biological_estimand_screen
doi:10.1554/05-339.1,10.1554/05-339.1,REPRODUCTIVE ISOLATION BETWEEN TWO CLOSELY RELATED HUMMINGBIRD-POLLINATED NEOTROPICAL GINGERS,2006,article,mutualist,P3,3,identified_partner_title;published_article_type,published_research_candidate,manual_biological_estimand_screen
doi:10.3159/1095-5674(2006)133[429:rbapot]2.0.co;2,10.3159/1095-5674(2006)133[429:rbapot]2.0.co;2,Reproductive Biology and Pollination of the Parasitic Plant Psittacanthus Calyculatus (loranthaceae) in Central México1,2006,article,mutualist,P3,3,identified_partner_title;published_article_type,published_research_candidate,manual_biological_estimand_screen
doi:10.1111/j.1744-7909.2006.00359.x,10.1111/j.1744-7909.2006.00359.x,"Reproductive Ecology of Rhynchanthus beesianus W. W. Smith (Zingiberaceae) in South Yunnan, China: A Ginger with Bird Pollination Syndrome",2006,article,mutualist,P3,3,identified_partner_title;published_article_type,published_research_candidate,manual_biological_estimand_screen
doi:10.1111/j.1442-1984.2006.00153.x,10.1111/j.1442-1984.2006.00153.x,Reproductive biology and pollination ecology of the rare Yellowstone Park endemic Abronia ammophila (Nyctaginaceae),2006,article,mutualist,P3,3,identified_partner_title;published_article_type,published_research_candidate,manual_biological_estimand_screen
titleyear:reproductive isolation between two closely related hummingbird pollinated neotropical gingers|2006,,Reproductive isolation between two closely related hummingbird-pollinated neotropical gingers.,2006,"Journal Article,Research Support, Non-U.S. Gov't,Research Support, U.S. Gov't, Non-P.H.S.",mutualist,P3,3,identified_partner_title;published_article_type,published_research_candidate,manual_biological_estimand_screen
doi:10.1127/0003-9136/2006/0165-0145,10.1127/0003-9136/2006/0165-0145,Stoichiometric mismatch between littoral invertebrates and their periphyton food,2006,article,antagonist,P3,3,timing_title;published_article_type,published_research_candidate,manual_biological_estimand_screen
doi:10.1111/j.1365-2745.2006.01118.x,10.1111/j.1365-2745.2006.01118.x,Strategies of Solanum carolinense for regulating maternal investment in response to foliar and floral herbivory,2006,article,antagonist,P3,3,identified_partner_title;published_article_type,published_research_candidate,manual_biological_estimand_screen
doi:10.1093/aob/mcj044,10.1093/aob/mcj044,The pollination ecology of Paraboea rufescens (Gesneriaceae): a buzz-pollinated tropical herb with mirror-image flowers.,2006,"Journal Article,Research Support, Non-U.S. Gov't",mutualist,P3,3,identified_partner_title;published_article_type,published_research_candidate,manual_biological_estimand_screen
doi:10.1111/j.1461-9563.2006.00293.x,10.1111/j.1461-9563.2006.00293.x,White pine weevil performances in relation to budburst phenology and traumatic resin duct formation in Norway spruce,2006,article,antagonist,P3,3,timing_title;published_article_type,published_research_candidate,manual_biological_estimand_screen
doi:10.21273/hortsci.40.7.2002,10.21273/hortsci.40.7.2002,A Novel Method to Quantify Transport of Self- and Cross-pollen by Bees in Blueberry Plantings,2005,article,mutualist,P3,3,identified_partner_title;published_article_type,published_research_candidate,manual_biological_estimand_screen
doi:10.1890/04-1454,10.1890/04-1454,COMMUNITY CONTEXT OF AN OBLIGATE MUTUALISM: POLLINATOR AND FLORIVORE EFFECTS ON YUCCA FILAMENTOSA,2005,article,antagonist;mutualist,P3,3,identified_partner_title;published_article_type,published_research_candidate,manual_biological_estimand_screen
doi:10.1111/j.1365-2656.2005.00987.x,10.1111/j.1365-2656.2005.00987.x,Climate predictability and breeding phenology in red deer: timing and synchrony of rutting and calving in Norway and France,2005,article,antagonist,P3,3,timing_title;published_article_type,published_research_candidate,manual_biological_estimand_screen
doi:10.2307/3473317,10.2307/3473317,"Empirical Models of Pollen Limitation, Resource Acquisition, and Mast Seeding by a Bee-Pollinated Wildflower",2005,article,mutualist,P3,3,identified_partner_title;published_article_type,published_research_candidate,manual_biological_estimand_screen
doi:10.1086/432561,10.1086/432561,"Empirical models of pollen limitation, resource acquisition, and mast seeding by a bee-pollinated wildflower.",2005,"Journal Article,Research Support, U.S. Gov't, Non-P.H.S.",mutualist,P3,3,identified_partner_title;published_article_type,published_research_candidate,manual_biological_estimand_screen
doi:10.3732/ajb.92.4.736,10.3732/ajb.92.4.736,"Floral phenology and compatibility of sawgrass, Cladium jamaicense (Cyperaceae).",2005,Journal Article,mutualist,P3,3,timing_title;published_article_type,published_research_candidate,manual_biological_estimand_screen
doi:10.1111/j.1095-8339.2005.00395.x,10.1111/j.1095-8339.2005.00395.x,Flowering phenology and reproductive biology of Drosera anglica(Droseraceae),2005,article,mutualist,P3,3,timing_title;published_article_type,published_research_candidate,manual_biological_estimand_screen
doi:10.18474/0749-8004-40.2.149,10.18474/0749-8004-40.2.149,Host Utilization and Phenology of Injury by Plum Curculio (Coleoptera: Curculionidae) in West Virginia,2005,article,antagonist,P3,3,timing_title;published_article_type,published_research_candidate,manual_biological_estimand_screen
doi:10.1603/0046-225x-34.4.906,10.1603/0046-225x-34.4.906,Influence of Natural and Simulated Leaf Beetle Herbivory on Biomass Allocation and Plant Architecture of Purple Loosestrife (Lythrum salicariaL.),2005,article,antagonist,P3,3,identified_partner_title;published_article_type,published_research_candidate,manual_biological_estimand_screen
doi:10.1303/aez.2005.631,10.1303/aez.2005.631,"Oviposition site preference of the bamboo gall maker, Aiolomorphus rhopaloides (Hymenoptera: Eurytomidae), on bamboo in terms of plant-vigor hypothesis",2005,article,antagonist,P3,3,identified_partner_title;published_article_type,published_research_candidate,manual_biological_estimand_screen
titleyear:phenological behaviour of selected tree species in tropical forests at kodayar in the western ghats tamil nadu india|2005,,"Phenological behaviour of selected tree species in tropical forests at Kodayar in the Western Ghats, Tamil Nadu, India",2005,article,mutualist,P3,3,timing_title;published_article_type,published_research_candidate,manual_biological_estimand_screen
doi:10.1111/j.1744-7429.2005.00047.x,10.1111/j.1744-7429.2005.00047.x,Pollination Biology of the Exotic Rattleweed Crotalaria retusa L. (Fabaceae) in NE Brazil1,2005,article,mutualist,P3,3,identified_partner_title;published_article_type,published_research_candidate,manual_biological_estimand_screen
titleyear:pollination biology of endangered magnolia sieboldii|2005,,Pollination biology of endangered Magnolia sieboldii.,2005,article,mutualist,P3,3,identified_partner_title;published_article_type,published_research_candidate,manual_biological_estimand_screen
doi:10.21273/hortsci.40.3.629,10.21273/hortsci.40.3.629,"Reducing Fennel Stand Density Increases Pollen Production, Improving Potential for Pollination and Subsequent Oil Yield",2005,article,mutualist,P3,3,identified_partner_title;published_article_type,published_research_candidate,manual_biological_estimand_screen
doi:10.1080/00222930500392659,10.1080/00222930500392659,"Reproductive phenology and pre‐dispersal seed‐feeding inProtium tovarense(Burseraceae), with a description of the first known phytophagous “Bracon” species (Hymenoptera: Braconidae: Braconinae)",2005,article,antagonist,P3,3,timing_title;published_article_type,published_research_candidate,manual_biological_estimand_screen
titleyear:rosa x odorata viridiflora green rose in bali botanical garden biological phenology and its propagation|2005,,Rosa x odorata “viridiflora” (green rose) in Bali Botanical Garden: biological phenology and its propagation,2005,article,mutualist,P3,3,timing_title;published_article_type,published_research_candidate,manual_biological_estimand_screen
doi:10.1007/s10682-004-8090-4,10.1007/s10682-004-8090-4,"Scarlet gilia resistance to insect herbivory: the effects of early season browsing, plant apparency, and phytochemistry on patterns of seed fly attack",2005,article,antagonist;mutualist,P3,3,identified_partner_title;published_article_type,published_research_candidate,manual_biological_estimand_screen
doi:10.1111/j.2005.0906-7590.04228.x,10.1111/j.2005.0906-7590.04228.x,"Spatio‐temporal variation in the pollination mode of Buxus balearica (Buxaceae), an ambophilous and selfing species: mainland‐island comparison",2005,article,mutualist,P3,3,identified_partner_title;published_article_type,published_research_candidate,manual_biological_estimand_screen
doi:10.21273/hortsci.40.4.1127b,10.21273/hortsci.40.4.1127b,Transport of Cross-pollen by Bumblebees in a Rabbiteye Blueberry Planting,2005,article,mutualist,P3,3,identified_partner_title;published_article_type,published_research_candidate,manual_biological_estimand_screen
doi:10.21273/hortsci.40.7.2007,10.21273/hortsci.40.7.2007,Transport of Cross-pollen by Bumblebees in a Rabbiteye Blueberry Planting,2005,article,mutualist,P3,3,identified_partner_title;published_article_type,published_research_candidate,manual_biological_estimand_screen
doi:10.1079/ber2004305,10.1079/ber2004305,Biological differences reflect host preference in two parasitoids attacking the bark beetle Ips typographus (Coleoptera: Scolytidae) in Belgium.,2004,"Journal Article,Research Support, Non-U.S. Gov't",antagonist,P3,3,identified_partner_title;published_article_type,published_research_candidate,manual_biological_estimand_screen
doi:10.1890/03-0256,10.1890/03-0256,"CAUSES OF SYNCHRONOUS FLOWERING IN ASTRAGALUS SCAPHOIDES, AN ITEROPAROUS PERENNIAL PLANT",2004,article,antagonist;mutualist,P3,3,timing_title;published_article_type,published_research_candidate,manual_biological_estimand_screen
doi:10.1007/s00442-003-1436-8,10.1007/s00442-003-1436-8,Does pollination limit tolerance to browsing in Ipomopsis aggregata ?,2004,article,antagonist;mutualist,P3,3,identified_partner_title;published_article_type,published_research_candidate,manual_biological_estimand_screen
doi:10.1016/j.biocon.2004.09.015,10.1016/j.biocon.2004.09.015,Effect of Carpobrotus spp. on the pollination success of native plant species of the Balearic Islands,2004,article,mutualist,P3,3,identified_partner_title;published_article_type,published_research_candidate,manual_biological_estimand_screen
doi:10.1111/j.1756-1051.2004.tb00850.x,10.1111/j.1756-1051.2004.tb00850.x,Effects of simulated climate change on phenology and life history traits in Carex bigelowii,2004,article,antagonist,P3,3,timing_title;published_article_type,published_research_candidate,manual_biological_estimand_screen
doi:10.1890/03-0810,10.1890/03-0810,FACILITATIVE INTERACTIONS AMONG PLANTS VIA SHARED POLLINATORS,2004,article,mutualist,P3,3,identified_partner_title;published_article_type,published_research_candidate,manual_biological_estimand_screen
doi:10.1086/423875,10.1086/423875,"Natural Hybridization between Prairie Milkweeds, Asclepias sullivantii and Asclepias syriaca: Morphological, Isozyme, and Hand‐Pollination Evidence",2004,article,mutualist,P3,3,identified_partner_title;published_article_type,published_research_candidate,manual_biological_estimand_screen
titleyear:phenotypic selection on phenology and morphology and predicted evolutionary response in lythrum salicaria|2004,,Phenotypic selection on phenology and morphology and predicted evolutionary response in Lythrum salicaria.,2004,article,mutualist,P3,3,timing_title;published_article_type,published_research_candidate,manual_biological_estimand_screen
doi:10.1890/03-0495,10.1890/03-0495,SEX-DIFFERENTIAL RESISTANCE AND TOLERANCE TO HERBIVORY IN A GYNODIOECIOUS WILD STRAWBERRY,2004,article,antagonist;mutualist,P3,3,identified_partner_title;published_article_type,published_research_candidate,manual_biological_estimand_screen
doi:10.1093/aob/mch079,10.1093/aob/mch079,"The role of staminate flowers in the breeding system of Olea europaea (Oleaceae): an andromonoecious, wind-pollinated taxon.",2004,"Journal Article,Research Support, Non-U.S. Gov't",mutualist,P3,3,identified_partner_title;published_article_type,published_research_candidate,manual_biological_estimand_screen
doi:10.1086/383594,10.1086/383594,Timing and synchrony of ovulation in red deer constrained by short northern summers.,2004,"Journal Article,Research Support, Non-U.S. Gov't",antagonist,P3,3,timing_title;published_article_type,published_research_candidate,manual_biological_estimand_screen
doi:10.1007/s00442-003-1443-9,10.1007/s00442-003-1443-9,Does flower color variation matter in deception pollinated Psychilis monensis (Orchidaceae)?,2003,article,mutualist,P3,3,identified_partner_title;published_article_type,published_research_candidate,manual_biological_estimand_screen
doi:10.1111/j.0014-3820.2003.tb00335.x,10.1111/j.0014-3820.2003.tb00335.x,Evolutionary genetics of resistance and tolerance to natural herbivory in Arabidopsis thaliana.,2003,"Comparative Study,Journal Article,Research Support, U.S. Gov't, Non-P.H.S.",antagonist,P3,3,identified_partner_title;published_article_type,published_research_candidate,manual_biological_estimand_screen
doi:10.1890/02-0521,10.1890/02-0521,INFLUENCES OF ANIMAL POLLINATION AND SEED DISPERSAL ON WINTER FLOWERING IN A TEMPERATE MISTLETOE,2003,article,mutualist,P3,3,identified_partner_title;published_article_type,published_research_candidate,manual_biological_estimand_screen
doi:10.1890/02-0101,10.1890/02-0101,MULTIGENERATIONAL EFFECTS OF FLOWERING AND FRUITING PHENOLOGY IN PLANTAGO LANCEOLATA,2003,article,antagonist,P3,3,timing_title;published_article_type,published_research_candidate,manual_biological_estimand_screen
doi:10.1007/s00442-003-1267-7,10.1007/s00442-003-1267-7,Phenological variation as protection against defoliating insects: the case of Quercus robur and Operophtera brumata.,2003,"Journal Article,Research Support, Non-U.S. Gov't",antagonist,P3,3,timing_title;published_article_type,published_research_candidate,manual_biological_estimand_screen
doi:10.1023/a:1023666800948,10.1023/a:1023666800948,Pollination biology of the Chilean endemic orchid Chloraea lamellata,2003,article,mutualist,P3,3,identified_partner_title;published_article_type,published_research_candidate,manual_biological_estimand_screen
doi:10.1055/s-2003-44785,10.1055/s-2003-44785,"Pollination, Flower Longevity, and Reproductive Biology of Gongora quinquenervis Ruíz and Pavón (Orchidaceae) in an Atlantic Forest Fragment of Pernambuco, Brazil",2003,article,mutualist,P3,3,identified_partner_title;published_article_type,published_research_candidate,manual_biological_estimand_screen
doi:10.1034/j.1600-0706.2003.12473.x,10.1034/j.1600-0706.2003.12473.x,"Preference and performance of a gall‐inducing sawfly: plant vigor, sex, gall traits and phenology",2003,article,antagonist,P3,3,timing_title;published_article_type,published_research_candidate,manual_biological_estimand_screen
titleyear:self and cross pollination in avocado|2003,,SELF- AND CROSS-POLLINATION IN AVOCADO,2003,article,mutualist,P3,3,identified_partner_title;published_article_type,published_research_candidate,manual_biological_estimand_screen
doi:10.1093/genetics/164.1.173,10.1093/genetics/164.1.173,logjam Encodes a Predicted EMP24/GP25 Protein That Is Required for Drosophila Oviposition Behavior,2003,article,antagonist,P3,3,identified_partner_title;published_article_type,published_research_candidate,manual_biological_estimand_screen
doi:10.31421/ijhs/8/2/320,10.31421/ijhs/8/2/320,Blooming phenology and fertility of sour cherry cultivars selected in Hungary,2002,article,mutualist,P3,3,timing_title;published_article_type,published_research_candidate,manual_biological_estimand_screen
doi:10.1890/0012-9658(2002)083[3097:cfhiws]2.0.co;2,10.1890/0012-9658(2002)083[3097:cfhiws]2.0.co;2,COMPENSATION FOR HERBIVORY IN WILD SUNFLOWER: RESPONSE TO SIMULATED DAMAGE BY THE HEAD-CLIPPING WEEVIL,2002,article,antagonist,P3,3,identified_partner_title;published_article_type,published_research_candidate,manual_biological_estimand_screen
doi:10.1007/s00442-002-1061-y,10.1007/s00442-002-1061-y,Co-pollinators and specialization in the pollinating seed-consumer mutualism between senita cacti and senita moths.,2002,Journal Article,mutualist,P3,3,identified_partner_title;published_article_type,published_research_candidate,manual_biological_estimand_screen
doi:10.2307/3071845,10.2307/3071845,Compensation for Herbivory in Wild Sunflower: Response to Simulated Damage by the Head-Clipping Weevil,2002,article,antagonist,P3,3,identified_partner_title;published_article_type,published_research_candidate,manual_biological_estimand_screen
doi:10.1046/j.1365-2435.2002.06904.x,10.1046/j.1365-2435.2002.06904.x,Coping with herbivores and pathogens: a model of optimal root turnover,2002,article,antagonist,P3,3,identified_partner_title;published_article_type,published_research_candidate,manual_biological_estimand_screen
doi:10.1554/0014-3820(2002)056[2206:egoaip]2.0.co;2,10.1554/0014-3820(2002)056[2206:egoaip]2.0.co;2,ECOLOGICAL GENETICS OF AN INDUCED PLANT DEFENSE AGAINST HERBIVORES: ADDITIVE GENETIC VARIANCE AND COSTS OF PHENOTYPIC PLASTICITY,2002,article,antagonist,P3,3,identified_partner_title;published_article_type,published_research_candidate,manual_biological_estimand_screen
doi:10.1111/j.0014-3820.2002.tb00145.x,10.1111/j.0014-3820.2002.tb00145.x,Ecological genetics of an induced plant defense against herbivores: additive genetic variance and costs of phenotypic plasticity.,2002,"Journal Article,Research Support, Non-U.S. Gov't,Research Support, U.S. Gov't, Non-P.H.S.",antagonist,P3,3,identified_partner_title;published_article_type,published_research_candidate,manual_biological_estimand_screen
doi:10.1890/0012-9658(2002)083[2721:gvahpi]2.0.co;2,10.1890/0012-9658(2002)083[2721:gvahpi]2.0.co;2,GEOGRAPHIC VARIATION AMONG HERBIVORE POPULATIONS IN TOLERANCE FOR A CHEMICALLY RICH SEAWEED,2002,article,antagonist,P3,3,identified_partner_title;published_article_type,published_research_candidate,manual_biological_estimand_screen
doi:10.2307/3072010,10.2307/3072010,Geographic Variation among Herbivore Populations in Tolerance for a Chemically Rich Seaweed,2002,article,antagonist,P3,3,identified_partner_title;published_article_type,published_research_candidate,manual_biological_estimand_screen
doi:10.1007/s101440200032,10.1007/s101440200032,Herbivore abundance is independent of weather? A 20‐year study of a galling aphid Baizongia pistaciae (Homoptera: Aphidoidea),2002,article,antagonist,P3,3,identified_partner_title;published_article_type,published_research_candidate,manual_biological_estimand_screen
doi:10.1046/j.1365-2486.2002.00451.x,10.1046/j.1365-2486.2002.00451.x,Herbivory in global climate change research: direct effects of rising temperature on insect herbivores,2002,article,antagonist,P3,3,identified_partner_title;published_article_type,published_research_candidate,manual_biological_estimand_screen
doi:10.1890/0012-9658(2002)083[1214:mbenzp]2.0.co;2,10.1890/0012-9658(2002)083[1214:mbenzp]2.0.co;2,MASTING BY EIGHTEEN NEW ZEALAND PLANT SPECIES: THE ROLE OF TEMPERATURE AS A SYNCHRONIZING CUE,2002,article,mutualist,P3,3,timing_title;published_article_type,published_research_candidate,manual_biological_estimand_screen
doi:10.1111/j.1756-1051.2002.tb01936.x,10.1111/j.1756-1051.2002.tb01936.x,Pollination ecology and breeding system of the very narrow coastal endemic Seseli farrenyi (Apiaceae). Effects of population fragmentation,2002,article,mutualist,P3,3,identified_partner_title;published_article_type,published_research_candidate,manual_biological_estimand_screen
doi:10.1111/j.1095-8312.2002.tb01716.x,10.1111/j.1095-8312.2002.tb01716.x,Pollination ecology of the pre-Pyrenean endemic Petrocoptis montsicciana (Caryophyllaceae): effects of population size,2002,article,mutualist,P3,3,identified_partner_title;published_article_type,published_research_candidate,manual_biological_estimand_screen
doi:10.1086/339513,10.1086/339513,"Protogyny, Pollination, and Sex Expression of AndromonoeciousPseudocymopterus montanus(Apiaceae, Apioideae)",2002,article,mutualist,P3,3,identified_partner_title;published_article_type,published_research_candidate,manual_biological_estimand_screen
titleyear:thrips pollination of the dioecious ant plant macaranga hullettii euphorbiaceae in|2002,,THRIPS POLLINATION OF THE DIOECIOUS ANT PLANT MACARANGA HULLETTII (EUPHORBIACEAE) IN,2002,article,mutualist,P3,3,identified_partner_title;published_article_type,published_research_candidate,manual_biological_estimand_screen
doi:10.3732/ajb.89.1.50,10.3732/ajb.89.1.50,Thrips pollination of the dioecious ant plant Macaranga hullettii (Euphorbiaceae) in Southeast Asia.,2002,Journal Article,mutualist,P3,3,identified_partner_title;published_article_type,published_research_candidate,manual_biological_estimand_screen
doi:10.1046/j.1365-2311.2001.00332.x,10.1046/j.1365-2311.2001.00332.x,Do parasitoids diversify in response to host‐plant shifts by herbivorous insects?,2001,article,antagonist,P3,3,identified_partner_title;published_article_type,published_research_candidate,manual_biological_estimand_screen
doi:10.1007/s004420100673,10.1007/s004420100673,Life history synchronization in a long-lifespan single-cohort Daphnia population in a fishless alpine lake.,2001,Journal Article,antagonist,P3,3,timing_title;published_article_type,published_research_candidate,manual_biological_estimand_screen
doi:10.1046/j.1461-0248.2001.00197.x,10.1046/j.1461-0248.2001.00197.x,Maternal effects in Daphnia: what mothers are telling their offspring and do they listen?,2001,article,antagonist,P3,3,identified_partner_title;published_article_type,published_research_candidate,manual_biological_estimand_screen
doi:10.1006/jtbi.2001.2383,10.1006/jtbi.2001.2383,On mutualists and exploiters: plant-insect coevolution in pollinating seed-parasite systems.,2001,"Journal Article,Research Support, Non-U.S. Gov't,Research Support, U.S. Gov't, Non-P.H.S.",mutualist,P3,3,identified_partner_title;published_article_type,published_research_candidate,manual_biological_estimand_screen
doi:10.1006/bojl.2000.0401,10.1006/bojl.2000.0401,Pollination biology and breeding system of Acacia senegal,2001,article,mutualist,P3,3,identified_partner_title;published_article_type,published_research_candidate,manual_biological_estimand_screen
doi:10.1111/j.1095-8339.2001.tb01094.x,10.1111/j.1095-8339.2001.tb01094.x,Pollination biology and breeding system of Acacia senegal,2001,article,mutualist,P3,3,identified_partner_title;published_article_type,published_research_candidate,manual_biological_estimand_screen
doi:10.1890/0012-9615(2001)071[0511:sdccat]2.0.co;2,10.1890/0012-9615(2001)071[0511:sdccat]2.0.co;2,SONORAN DESERT COLUMNAR CACTI AND THE EVOLUTION OF GENERALIZED POLLINATION SYSTEMS,2001,article,mutualist,P3,3,identified_partner_title;published_article_type,published_research_candidate,manual_biological_estimand_screen
titleyear:self pollination and its costs in a monoecious fig ficus aurea moraceae in a highly seasonal subtropical environment|2001,,"Self-pollination and its costs in a monoecious fig (Ficus aurea, Moraceae) in a highly seasonal subtropical environment.",2001,Journal Article,mutualist,P3,3,identified_partner_title;published_article_type,published_research_candidate,manual_biological_estimand_screen
doi:10.2307/2657069,10.2307/2657069,"Self‐pollination and its costs in a monoecious fig (Ficus aurea, Moraceae) in a highly seasonal subtropical environment",2001,article,mutualist,P3,3,identified_partner_title;published_article_type,published_research_candidate,manual_biological_estimand_screen
doi:10.2307/3100034,10.2307/3100034,Sonoran Desert Columnar Cacti and the Evolution of Generalized Pollination Systems,2001,article,mutualist,P3,3,identified_partner_title;published_article_type,published_research_candidate,manual_biological_estimand_screen
doi:10.1086/319932,10.1086/319932,Transgenerational Consequences of Plant Responses to Herbivory: An Adaptive Maternal Effect?,2001,article,antagonist,P3,3,identified_partner_title;published_article_type,published_research_candidate,manual_biological_estimand_screen
doi:10.2307/3078968,10.2307/3078968,Transgenerational Consequences of Plant Responses to Herbivory: An Adaptive Maternal Effect?,2001,article,antagonist,P3,3,identified_partner_title;published_article_type,published_research_candidate,manual_biological_estimand_screen
doi:10.1890/0012-9658(2000)081[1248:eoswhp]2.0.co;2,10.1890/0012-9658(2000)081[1248:eoswhp]2.0.co;2,EFFECTS OF SYNCHRONY WITH HOST PLANT ON POPULATIONS OF A SPRING-FEEDING LEPIDOPTERAN,2000,article,antagonist,P3,3,timing_title;published_article_type,published_research_candidate,manual_biological_estimand_screen
doi:10.2307/177205,10.2307/177205,Effects of Synchrony with Host Plant on Populations of a Spring-Feeding Lepidopteran,2000,article,antagonist,P3,3,timing_title;published_article_type,published_research_candidate,manual_biological_estimand_screen
doi:10.1086/314239,10.1086/314239,Flowering Phenology and Gender Variation in Pennisetum typhoides.,2000,Journal Article,mutualist,P3,3,timing_title;published_article_type,published_research_candidate,manual_biological_estimand_screen
doi:10.1007/s004420050976,10.1007/s004420050976,"Growth and development of a generalist insect herbivore, Operophtera brumata , on original and alternative host plants",2000,article,antagonist,P3,3,identified_partner_title;published_article_type,published_research_candidate,manual_biological_estimand_screen
doi:10.1071/ea98140,10.1071/ea98140,"Growth, yield and phenology of 2 hybrid papayas ( Carica papaya L.) as influenced by method of water application",2000,article,mutualist,P3,3,timing_title;published_article_type,published_research_candidate,manual_biological_estimand_screen
doi:10.14411/eje.2000.078,10.14411/eje.2000.078,Oviposition strategy of the green lacewing Chrysoperla rufilabris (Neuroptera: Chrysopidae) in response to extraguild prey availability,2000,article,antagonist,P3,3,identified_partner_title;published_article_type,published_research_candidate,manual_biological_estimand_screen
doi:10.4039/ent132825-6,10.4039/ent132825-6,"POPULATION TRENDS OF A SPECIALIST HERBIVORE, THE SPRUCE BUD MOTH, IN YOUNG WHITE SPRUCE STANDS",2000,article,antagonist,P3,3,identified_partner_title;published_article_type,published_research_candidate,manual_biological_estimand_screen
doi:10.1111/j.1365-2338.2000.tb00865.x,10.1111/j.1365-2338.2000.tb00865.x,Phenological forecasting model for Cydia funebrana*,2000,article,antagonist,P3,3,timing_title;published_article_type,published_research_candidate,manual_biological_estimand_screen
doi:10.1046/j.1440-1703.2000.00319.x,10.1046/j.1440-1703.2000.00319.x,Phenology of a common roadside fig in Sarawak,2000,article,mutualist,P3,3,timing_title;published_article_type,published_research_candidate,manual_biological_estimand_screen
doi:10.2307/2657000,10.2307/2657000,Pollination ecology of Agave macroacantha (Agavaceae) in a Mexican tropical desert. I. Floral biology and pollination mechanisms,2000,article,mutualist,P3,3,identified_partner_title;published_article_type,published_research_candidate,manual_biological_estimand_screen
titleyear:pollination ecology of agave macroacantha agavaceae in a mexican tropical desert i floral biology and pollination mechanisms|2000,,Pollination ecology of Agave macroacantha (Agavaceae) in a Mexican tropical desert. I. Floral biology and pollination mechanisms.,2000,Journal Article,mutualist,P3,3,identified_partner_title;published_article_type,published_research_candidate,manual_biological_estimand_screen
doi:10.21273/horttech.10.1.127,10.21273/horttech.10.1.127,Pollination of English Walnuts: Practices and Problems,2000,article,mutualist,P3,3,identified_partner_title;published_article_type,published_research_candidate,manual_biological_estimand_screen
doi:10.2307/3079227,10.2307/3079227,Reversal of Mutualism as a Mechanism for Adaptive Radiation in Yucca Moths,2000,article,antagonist;mutualist,P3,3,identified_partner_title;published_article_type,published_research_candidate,manual_biological_estimand_screen
doi:10.1086/303416,10.1086/303416,Reversal of Mutualism as a Mechanism for Adaptive Radiation in Yucca Moths.,2000,Journal Article,antagonist;mutualist,P3,3,identified_partner_title;published_article_type,published_research_candidate,manual_biological_estimand_screen
doi:10.1046/j.1365-2656.2000.00389.x,10.1046/j.1365-2656.2000.00389.x,"Role of the host plant in the decline of populations of a specialist herbivore, the spruce bud moth",2000,article,antagonist,P3,3,identified_partner_title;published_article_type,published_research_candidate,manual_biological_estimand_screen
doi:10.1554/0014-3820(2000)054[0764:teocth]2.3.co;2,10.1554/0014-3820(2000)054[0764:teocth]2.3.co;2,"THE EVOLUTION OF COMPENSATION TO HERBIVORY IN SCARLET GILIA, IPOMOPSIS AGGREGATA: HERBIVORE-IMPOSED NATURAL SELECTION AND THE QUANTITATIVE GENETICS OF TOLERANCE",2000,article,antagonist,P3,3,identified_partner_title;published_article_type,published_research_candidate,manual_biological_estimand_screen
doi:10.1023/a:1026576429008,10.1023/a:1026576429008,The effect of temperature on the development of thepredator Rhyzobius lophanthae and its phenologyin Greece,2000,article,antagonist,P3,3,timing_title;published_article_type,published_research_candidate,manual_biological_estimand_screen
doi:10.1111/j.0014-3820.2000.tb00078.x,10.1111/j.0014-3820.2000.tb00078.x,"The evolution of compensation to herbivory in scarlet gilia, Ipomopsis aggregata: herbivore-imposed natural selection and the quantitative genetics of tolerance.",2000,"Journal Article,Research Support, Non-U.S. Gov't,Research Support, U.S. Gov't, Non-P.H.S.",antagonist,P3,3,identified_partner_title;published_article_type,published_research_candidate,manual_biological_estimand_screen
doi:10.1890/0012-9658(1999)080[1322:cvppan]2.0.co;2,10.1890/0012-9658(1999)080[1322:cvppan]2.0.co;2,"CLIMATIC VARIABILITY, PLANT PHENOLOGY, AND NORTHERN UNGULATES",1999,article,antagonist,P3,3,timing_title;published_article_type,published_research_candidate,manual_biological_estimand_screen
doi:10.2307/177078,10.2307/177078,"Climatic Variability, Plant Phenology, and Northern Ungulates",1999,article,antagonist,P3,3,timing_title;published_article_type,published_research_candidate,manual_biological_estimand_screen
doi:10.1007/s004420050853,10.1007/s004420050853,Early reproductive failure increases nectar production and pollination success of late flowers in south Andean Alstroemeria aurea,1999,article,mutualist,P3,3,identified_partner_title;published_article_type,published_research_candidate,manual_biological_estimand_screen
doi:10.1139/b99-015,10.1139/b99-015,Effect of flowering phenology and habitat on pollen limitation in Erica multiflora,1999,article,mutualist,P3,3,timing_title;published_article_type,published_research_candidate,manual_biological_estimand_screen
doi:10.1007/s004420050794,10.1007/s004420050794,Evidence for stabilising selection acting on flowering time in Arum maculatum (Araceae): the influence of phylogeny on adaptation.,1999,Journal Article,mutualist,P3,3,timing_title;published_article_type,published_research_candidate,manual_biological_estimand_screen
doi:10.1007/s004420050944,10.1007/s004420050944,Host-plant genotype and other herbivores influence goldenrod stem galler preference and performance.,1999,Journal Article,antagonist,P3,3,identified_partner_title;published_article_type,published_research_candidate,manual_biological_estimand_screen
doi:10.1111/j.1558-5646.1999.tb04557.x,10.1111/j.1558-5646.1999.tb04557.x,"POLLINATOR-MEDIATED COMPETITION, REPRODUCTIVE CHARACTER DISPLACEMENT, AND THE EVOLUTION OF SELFING IN ARENARIA UNIFLORA (CARYOPHYLLACEAE).",1999,Journal Article,mutualist,P3,3,identified_partner_title;published_article_type,published_research_candidate,manual_biological_estimand_screen
doi:10.1006/jare.1999.0531,10.1006/jare.1999.0531,"Pollination biology of Grindelia covasii (Asteraceae), a potential crop for arid lands",1999,article,mutualist,P3,3,identified_partner_title;published_article_type,published_research_candidate,manual_biological_estimand_screen
doi:10.1046/j.1442-1984.1999.00021.x,10.1046/j.1442-1984.1999.00021.x,Pollination system and evolution of dioecy from distyly in Mussaenda parviflora (Rubiaceae),1999,article,mutualist,P3,3,identified_partner_title;published_article_type,published_research_candidate,manual_biological_estimand_screen
doi:10.1017/s026646749900067x,10.1017/s026646749900067x,Pre- and post-dispersal seed predation in Tachigali versicolor (Caesalpiniaceae): effects of timing of fruiting and variation among trees,1999,article,antagonist,P3,3,identified_partner_title;published_article_type,published_research_candidate,manual_biological_estimand_screen
doi:10.1080/12265071.1998.9647390,10.1080/12265071.1998.9647390,Consequence of Floral herbivory in Vicia cracca (Leguminosae),1998,article,antagonist,P3,3,identified_partner_title;published_article_type,published_research_candidate,manual_biological_estimand_screen
titleyear:consequence of floral herbivory in vicia cracca leguminosae|1998,,Consequence of Floral herbivory in Vicia cracca (Leguminosae),1998,article,antagonist,P3,3,identified_partner_title;published_article_type,published_research_candidate,manual_biological_estimand_screen
doi:10.1111/j.1744-7348.1998.tb05192.x,10.1111/j.1744-7348.1998.tb05192.x,"Durian flowering, pollination and incompatibility studies",1998,article,mutualist,P3,3,identified_partner_title;published_article_type,published_research_candidate,manual_biological_estimand_screen
doi:10.1007/s004420050418,10.1007/s004420050418,Flowering phenology in the central highland of Iceland and implications for climatic warming in the Arctic.,1998,Journal Article,mutualist,P3,3,timing_title;published_article_type,published_research_candidate,manual_biological_estimand_screen
doi:10.1111/j.1558-5646.1998.tb02239.x,10.1111/j.1558-5646.1998.tb02239.x,"PAIRWISE VERSUS DIFFUSE NATURAL SELECTION AND THE MULTIPLE HERBIVORES OF SCARLET GILIA, IPOMOPSIS AGGREGATA.",1998,Journal Article,antagonist,P3,3,identified_partner_title;published_article_type,published_research_candidate,manual_biological_estimand_screen
doi:10.1007/bf02861204,10.1007/bf02861204,"Phenology, breeding system and Fruit development of Argan [Argania spinosa, Sapotaceae] cultivated in Israel",1998,article,mutualist,P3,3,timing_title;published_article_type,published_research_candidate,manual_biological_estimand_screen
doi:10.1086/297614,10.1086/297614,"Pollen Fertility and Flowering Phenology in an Androdioecious Tree, Fraxinus lanuginosa (Oleaceae), in Hokkaido, Japan",1998,article,mutualist,P3,3,timing_title;published_article_type,published_research_candidate,manual_biological_estimand_screen
doi:10.1086/314088,10.1086/314088,"Pollen Fertility and Flowering Phenology in an Androdioecious Tree, Fraxinus lanuginosa (Oleaceae), in Hokkaido, Japan",1998,article,mutualist,P3,3,timing_title;published_article_type,published_research_candidate,manual_biological_estimand_screen
doi:10.2307/3546986,10.2307/3546986,The Use of Synchronization Measures in Studies of Plant Reproductive Phenology,1998,article,antagonist;mutualist,P3,3,timing_title;published_article_type,published_research_candidate,manual_biological_estimand_screen
doi:10.1890/0012-9658(1998)079[0534:vifpai]2.0.co;2,10.1890/0012-9658(1998)079[0534:vifpai]2.0.co;2,VARIATION IN FLOWERING PHENOLOGY AND ITS CONSEQUENCES FOR LUPINES COLONIZING MOUNT ST. HELENS,1998,article,antagonist,P3,3,timing_title;published_article_type,published_research_candidate,manual_biological_estimand_screen
doi:10.1007/bf02765262,10.1007/bf02765262,"Life history traits of pest and non‐pest populations in the phytophagous ladybird beetle, Epilachna niponica (coleoptera, coccinellidae)",1997,article,antagonist,P3,3,identified_partner_title;published_article_type,published_research_candidate,manual_biological_estimand_screen
doi:10.1890/0012-9658(1997)078[1684:parloc]2.0.co;2,10.1890/0012-9658(1997)078[1684:parloc]2.0.co;2,"POLLEN AND RESOURCE LIMITATION OF COMPENSATION TO HERBIVORY IN SCARLET GILIA,IPOMOPSIS AGGREGATA",1997,article,antagonist;mutualist,P3,3,identified_partner_title;published_article_type,published_research_candidate,manual_biological_estimand_screen
doi:10.21273/hortsci.32.3.474e,10.21273/hortsci.32.3.474e,"Phenology, Breeding System, and Fruit Development of Cultivated Argan [Argania spinosa (L.) Skeels]",1997,article,mutualist,P3,3,timing_title;published_article_type,published_research_candidate,manual_biological_estimand_screen
doi:10.1111/j.1438-8677.1997.tb00668.x,10.1111/j.1438-8677.1997.tb00668.x,Pollination and Breeding System of two Co‐Occurring Hirtella Species (Chrysobalanaceae) in Central Brazil,1997,article,mutualist,P3,3,identified_partner_title;published_article_type,published_research_candidate,manual_biological_estimand_screen
doi:10.1111/j.1438-8677.1996.tb00522.x,10.1111/j.1438-8677.1996.tb00522.x,Early flowers ofBartsia alpina(Scrophulariaceae) and the visitation by bumblebees,1996,article,mutualist,P3,3,identified_partner_title;published_article_type,published_research_candidate,manual_biological_estimand_screen
doi:10.1007/bf00330013,10.1007/bf00330013,Effects of simulated herbivory in three old field Compositae with different inflorescence architectures.,1996,Journal Article,antagonist,P3,3,identified_partner_title;published_article_type,published_research_candidate,manual_biological_estimand_screen
doi:10.1007/s004970050044,10.1007/s004970050044,Flowering seasonality and flower characteristics of Loranthus acaciae Zucc. (Loranthaceae): implications for advertisement and bird-pollination,1996,article,mutualist,P3,3,identified_partner_title;published_article_type,published_research_candidate,manual_biological_estimand_screen
doi:10.1007/bf02152703,10.1007/bf02152703,Flowering seasonality and flower characteristics ofLoranthus acaciae Zucc. (Loranthaceae): Implications for advertisement and bird-pollination,1996,article,mutualist,P3,3,identified_partner_title;published_article_type,published_research_candidate,manual_biological_estimand_screen
doi:10.1111/j.1442-9993.1996.tb00594.x,10.1111/j.1442-9993.1996.tb00594.x,Is resource overlap disadvantageous to three sympatric legumes?,1996,article,mutualist,P3,3,timing_title;published_article_type,published_research_candidate,manual_biological_estimand_screen
doi:10.2307/2265734,10.2307/2265734,Linking Herbivory and Pollination: Defoliation and Selective Fruit Abortion in Lindera Benzoin,1996,article,antagonist;mutualist,P3,3,identified_partner_title;published_article_type,published_research_candidate,manual_biological_estimand_screen
doi:10.1038/hdy.1996.42,10.1038/hdy.1996.42,Parental effects in Plantago lanceolata L. II. Manipulation of grandparental temperature and parental flowering time,1996,article,mutualist,P3,3,timing_title;published_article_type,published_research_candidate,manual_biological_estimand_screen
doi:10.1111/j.1365-2699.1996.tb00008.x,10.1111/j.1365-2699.1996.tb00008.x,"Phenology of Ficus variegata in a seasonal wet tropical forest at Cape Tribulation, Australia",1996,article,mutualist,P3,3,timing_title;published_article_type,published_research_candidate,manual_biological_estimand_screen
titleyear:pollen harvest by sonoran desert honey bees conservation implications for native bees and flowering plants|1996,,Pollen Harvest by Sonoran Desert Honey Bees: Conservation Implications for Native Bees and Flowering Plants,1996,article,antagonist;mutualist,P3,3,identified_partner_title;published_article_type,published_research_candidate,manual_biological_estimand_screen
doi:10.1080/01140671.1996.9513934,10.1080/01140671.1996.9513934,Pollination compatibility of ‘Sundrop’ apricot and its progeny in the ‘Clutha’ series,1996,article,mutualist,P3,3,identified_partner_title;published_article_type,published_research_candidate,manual_biological_estimand_screen
doi:10.1111/j.1438-8677.1996.tb00581.x,10.1111/j.1438-8677.1996.tb00581.x,"Population Size, Pollination and Breeding System of Silene stockenii Chater (Caryophyllaceae), an Annual Gynodioecious Species of Southern Spain",1996,article,mutualist,P3,3,identified_partner_title;published_article_type,published_research_candidate,manual_biological_estimand_screen
doi:10.1093/jmedent/33.1.140,10.1093/jmedent/33.1.140,Timing of Ixodes scapularis (Acari: Ixodidae) oviposition and larval activity in southern New York.,1996,"Journal Article,Research Support, Non-U.S. Gov't,Research Support, U.S. Gov't, P.H.S.",antagonist,P3,3,identified_partner_title;published_article_type,published_research_candidate,manual_biological_estimand_screen
doi:10.3759/tropics.4.307,10.3759/tropics.4.307,Canopy Biology Program in Sarawak-Long-term Study of Plant Phenology and Plant-animal Interactions in a Mixed Dipteocarp Forest.,1995,article,mutualist,P3,3,timing_title;published_article_type,published_research_candidate,manual_biological_estimand_screen
doi:10.21273/hortsci.30.2.321,10.21273/hortsci.30.2.321,Characterization of Some Self-compatible Almonds. II. Flower Phenology and Morphology,1995,article,mutualist,P3,3,timing_title;published_article_type,published_research_candidate,manual_biological_estimand_screen
doi:10.1111/j.1755-0238.1995.tb00072.x,10.1111/j.1755-0238.1995.tb00072.x,"Effect of low temperature near flowering time on ovule development and pollen tube growth in the grapevine (Vitis vinifera L.), cvs Chardonnay and Shiraz",1995,article,mutualist,P3,3,timing_title;published_article_type,published_research_candidate,manual_biological_estimand_screen
doi:10.1016/s0254-6299(15)30531-7,10.1016/s0254-6299(15)30531-7,"Pollination ecology of Aloe divaricata, Berger (Liliaceae): an endemic plant species of south-west Madagascar",1995,article,mutualist,P3,3,identified_partner_title;published_article_type,published_research_candidate,manual_biological_estimand_screen
doi:10.1046/j.1523-1739.1995.09040929.x,10.1046/j.1523-1739.1995.09040929.x,"Reproductive Biology of the Rare Orchid, Spiranthes diluvialis : Breeding System, Pollination, and Implications for Conservation*",1995,article,mutualist,P3,3,identified_partner_title;published_article_type,published_research_candidate,manual_biological_estimand_screen
doi:10.1093/jee/88.6.1525,10.1093/jee/88.6.1525,Resistance by Translocated Sitka Spruce to Damage by Pissodes strobi (Coleoptera: Curculionidae) Related to Tree Phenology,1995,article,antagonist,P3,3,timing_title;published_article_type,published_research_candidate,manual_biological_estimand_screen
doi:10.1111/j.1469-8137.1995.tb03017.x,10.1111/j.1469-8137.1995.tb03017.x,"Variations in habitat, season, flower traits and pollinators in dimorphic Narcissus tazetta L. (Amaryllidaceae) in Israel.",1995,Journal Article,mutualist,P3,3,identified_partner_title;published_article_type,published_research_candidate,manual_biological_estimand_screen
doi:10.1080/14620316.1994.11516502,10.1080/14620316.1994.11516502,Pollinator selection in kiwifruit (Actinidia deliciosa),1994,article,mutualist,P3,3,identified_partner_title;published_article_type,published_research_candidate,manual_biological_estimand_screen
titleyear:studies on parasitism development and phenology of johnstoniana parva n sp acari parasitengonae johnstonianidae including a description of all active instars|1994,,"Studies on parasitism, development and phenology of Johnstoniana parva n. sp. (Acari: Parasitengonae: Johnstonianidae) including a description of all active instars",1994,article,antagonist,P3,3,timing_title;published_article_type,published_research_candidate,manual_biological_estimand_screen
doi:10.21273/hortsci.28.5.497e,10.21273/hortsci.28.5.497e,"ASPECTS OF POLLINATION IN HYLOCEREUS, A CACTUS NEWLY INTRODUCED TO THE NEGEV DESERT OF ISRAEL",1993,article,mutualist,P3,3,identified_partner_title;published_article_type,published_research_candidate,manual_biological_estimand_screen
doi:10.2307/2261659,10.2307/2261659,"Phenotypic Selection on Flowering Synchrony in a High Mountain Plant, Hormathophylla Spinosa (Cruciferae)",1993,article,antagonist;mutualist,P3,3,timing_title;published_article_type,published_research_candidate,manual_biological_estimand_screen
doi:10.1007/bf00320513,10.1007/bf00320513,Pollination success in a population of dioecious rain forest trees.,1993,Journal Article,mutualist,P3,3,identified_partner_title;published_article_type,published_research_candidate,manual_biological_estimand_screen
doi:10.1111/j.1439-0485.1993.tb00372.x,10.1111/j.1439-0485.1993.tb00372.x,Seasonality and Reproductive Phenology of Algae Inhabiting Littoral Pools in the Western Mediterranean,1993,article,antagonist,P3,3,timing_title;published_article_type,published_research_candidate,manual_biological_estimand_screen
doi:10.1007/bf00317181,10.1007/bf00317181,Attack strategy of ladybird beetles (Coccinellidae): factors shaping their numerical response.,1992,Journal Article,antagonist,P3,3,identified_partner_title;published_article_type,published_research_candidate,manual_biological_estimand_screen
doi:10.1002/j.1537-2197.1992.tb13690.x,10.1002/j.1537-2197.1992.tb13690.x,"EFFECTS OF DISPLAY SIZE, FLOWERING PHENOLOGY, AND NECTAR AVAILABILITY ON EFFECTIVE VISITATION FREQUENCY IN COMPARETTIA FALCATA (ORCHIDACEAE)",1992,article,mutualist,P3,3,timing_title;published_article_type,published_research_candidate,manual_biological_estimand_screen
doi:10.2307/2444910,10.2307/2444910,"Effects of Display Size, Flowering Phenology, and Nectar Availability on Effective Visitation Frequency in Comparettia falcata (Orchidaceae)",1992,article,mutualist,P3,3,timing_title;published_article_type,published_research_candidate,manual_biological_estimand_screen
doi:10.1080/0028825x.1992.10412893,10.1080/0028825x.1992.10412893,"Mast seeding of Chionochloa (Poaceae) and pre‐dispersal seed predation by a specialist fly ( Diplotoxa , Diptera: Chloropidae)",1992,article,antagonist,P3,3,identified_partner_title;published_article_type,published_research_candidate,manual_biological_estimand_screen
titleyear:pollination habit of avocado cultivars in south florida|1992,,Pollination Habit of Avocado Cultivars in South Florida,1992,article,mutualist,P3,3,identified_partner_title;published_article_type,published_research_candidate,manual_biological_estimand_screen
doi:10.1007/bf00320818,10.1007/bf00320818,Constraints on growth and allocation patterns of Silphium integrifolium (Asteraceae) caused by a cynipid gall wasp.,1991,Journal Article,antagonist;mutualist,P3,3,identified_partner_title;published_article_type,published_research_candidate,manual_biological_estimand_screen
doi:10.1071/bt9910283,10.1071/bt9910283,Floral Biology and Reproductive Phenology of Avicennia marina in South-Eastern Australia,1991,article,mutualist,P3,3,timing_title;published_article_type,published_research_candidate,manual_biological_estimand_screen
doi:10.1080/01140671.1991.10422880,10.1080/01140671.1991.10422880,Kiwifruit pollination by wind and insects in Italy,1991,article,mutualist,P3,3,identified_partner_title;published_article_type,published_research_candidate,manual_biological_estimand_screen
doi:10.1111/j.1558-5646.1991.tb02649.x,10.1111/j.1558-5646.1991.tb02649.x,NATURAL SELECTION ON FLORAL TRAITS IN TWO SPECIES OF LOBELIA WITH DIFFERENT POLLINATORS.,1991,Journal Article,mutualist,P3,3,identified_partner_title;published_article_type,published_research_candidate,manual_biological_estimand_screen
doi:10.1007/bf00320422,10.1007/bf00320422,Pre-dispersal seed predation in Central American Acacia farnesiana: factors affecting the abundance of co-occurring bruchid beetles,1991,article,antagonist,P3,3,identified_partner_title;published_article_type,published_research_candidate,manual_biological_estimand_screen
doi:10.1111/j.1442-1984.1991.tb00207.x,10.1111/j.1442-1984.1991.tb00207.x,"Species Biology of Primula sieboldii for the Conservation of its Lowland‐habitat Population: I. Inter‐clonal Variations in the Flowering Phenology, Pollen Load and Female Fertility Components",1991,article,mutualist,P3,3,timing_title;published_article_type,published_research_candidate,manual_biological_estimand_screen
doi:10.1111/j.1442-1984.1990.tb00185.x,10.1111/j.1442-1984.1990.tb00185.x,Flowering and Fruiting Phenology of Magnolia hypoleuca,1990,article,mutualist,P3,3,timing_title;published_article_type,published_research_candidate,manual_biological_estimand_screen
doi:10.1007/bf00665607,10.1007/bf00665607,"Selection for an optimal monovoltine life cycle in an unpredictable environment. Studies on the beetleCatops nigricans Spence (Col., Catopidae).",1990,Journal Article,antagonist,P3,3,identified_partner_title;published_article_type,published_research_candidate,manual_biological_estimand_screen
doi:10.1093/forestry/62.2.111,10.1093/forestry/62.2.111,Controlled Pollination Studies with Shining Gum (Eucalyptus nitens (Deane & Maiden) Maiden),1989,article,mutualist,P3,3,identified_partner_title;published_article_type,published_research_candidate,manual_biological_estimand_screen
doi:10.1139/x89-190,10.1139/x89-190,Mating success in a coastal Douglas-fir seed orchard as affected by distance and floral phenology,1989,article,mutualist,P3,3,timing_title;published_article_type,published_research_candidate,manual_biological_estimand_screen
doi:10.2307/1564047,10.2307/1564047,Reproductive Phenology and Age Structure of Dendrobates pumilio in Northeastern Costa Rica,1989,article,antagonist,P3,3,timing_title;published_article_type,published_research_candidate,manual_biological_estimand_screen
doi:10.2307/2260627,10.2307/2260627,Flowering Phenologies in a Shrub Community: Competition and Constraints,1988,article,mutualist,P3,3,timing_title;published_article_type,published_research_candidate,manual_biological_estimand_screen
doi:10.2307/1940443,10.2307/1940443,Interactions for Pollination among Coflowering Shrubs,1988,article,mutualist,P3,3,identified_partner_title;published_article_type,published_research_candidate,manual_biological_estimand_screen
doi:10.2307/1941653,10.2307/1941653,Phenological Variation in the Neotropical Understory Shrub Piper Arielanum: Causes and Consequences,1988,article,antagonist;mutualist,P3,3,timing_title;published_article_type,published_research_candidate,manual_biological_estimand_screen
doi:10.2307/2388234,10.2307/2388234,Pollination Ecology of a Forest-Dominant Palm (Orbignya phalerata Mart.) in Northern Brazil,1988,article,mutualist,P3,3,identified_partner_title;published_article_type,published_research_candidate,manual_biological_estimand_screen
doi:10.2307/2260469,10.2307/2260469,Pollination Relationships in Southern Spanish Mediterranean Shrublands,1988,article,mutualist,P3,3,identified_partner_title;published_article_type,published_research_candidate,manual_biological_estimand_screen
doi:10.2307/1939213,10.2307/1939213,Evaluation of Character Displacement Among Plants in Two Tropical Pollination Guilds,1987,article,mutualist,P3,3,identified_partner_title;published_article_type,published_research_candidate,manual_biological_estimand_screen
doi:10.1093/ee/16.4.971,10.1093/ee/16.4.971,"Influence of Temperature on Oviposition, Quiescence, and Mortality of Rhinocyllus conicus (Coleoptera: Curculionidae)",1987,article,antagonist,P3,3,identified_partner_title;published_article_type,published_research_candidate,manual_biological_estimand_screen
doi:10.2307/2388460,10.2307/2388460,Pollen Deposition and Removal by Bees Visiting Two Tree Species in Panama,1987,article,antagonist;mutualist,P3,3,identified_partner_title;published_article_type,published_research_candidate,manual_biological_estimand_screen
doi:10.1139/b87-279,10.1139/b87-279,The reproductive biology of boreal forest herbs. II. Phenology of flowering and fruiting,1987,article,antagonist;mutualist,P3,3,timing_title;published_article_type,published_research_candidate,manual_biological_estimand_screen
doi:10.2307/2388632,10.2307/2388632,Vegetative and Reproductive Phenologies of a Palm Assemblage in Panama,1987,article,mutualist,P3,3,timing_title;published_article_type,published_research_candidate,manual_biological_estimand_screen
doi:10.1093/jmedent/23.4.389,10.1093/jmedent/23.4.389,"Autumn Phenology of Face Fly (Diptera: Muscidae) Populations in Iowa, USA1",1986,article,antagonist,P3,3,timing_title;published_article_type,published_research_candidate,manual_biological_estimand_screen
doi:10.2307/2937269,10.2307/2937269,Pollination Ecology of the Spring Wildflower Community of a Temperate Deciduous Forest,1986,article,mutualist,P3,3,identified_partner_title;published_article_type,published_research_candidate,manual_biological_estimand_screen
doi:10.2307/2388362,10.2307/2388362,Reproductive Phenology of the Oak Family (Fagaceae) in the Lowland Rain Forests of Borneo,1986,article,mutualist,P3,3,timing_title;published_article_type,published_research_candidate,manual_biological_estimand_screen
doi:10.1016/s0022-5193(86)80006-6,10.1016/s0022-5193(86)80006-6,Sex allocation in hermaphrodites with partial overlap in male/female resource inputs,1986,article,mutualist,P3,3,timing_title;published_article_type,published_research_candidate,manual_biological_estimand_screen
doi:10.1007/bf00985349,10.1007/bf00985349,Some pollination strategies in neotropical savannas and forests,1986,article,mutualist,P3,3,identified_partner_title;published_article_type,published_research_candidate,manual_biological_estimand_screen
doi:10.1163/002829686x00081,10.1163/002829686x00081,"Optimal Selection and Exploitation of Hosts in the Parasitic Wasp Colpoclypeus Florus (Hym., Eulophidae)",1985,article,antagonist,P3,3,identified_partner_title;published_article_type,published_research_candidate,manual_biological_estimand_screen
doi:10.1017/s0266467400000389,10.1017/s0266467400000389,"Pollination of Dendrobium infundibulum, Cymbidium insigne (Orchidaceae) and Rhododendron lyi (Ericaceae) by Bombus eximius (Apidae) in Thailand: a possible case of floral mimicry",1985,article,mutualist,P3,3,identified_partner_title;published_article_type,published_research_candidate,manual_biological_estimand_screen
doi:10.1007/bf00384950,10.1007/bf00384950,Seed fate in a population of Carex pilulifera L. : II. Seed predation and its consequences for dispersal and seed bank.,1985,Journal Article,antagonist,P3,3,identified_partner_title;published_article_type,published_research_candidate,manual_biological_estimand_screen
doi:10.2307/1940400,10.2307/1940400,Synchrony and Periodicity of Flowering in Frasera Speciosa (Gentianaceae),1985,article,antagonist,P3,3,timing_title;published_article_type,published_research_candidate,manual_biological_estimand_screen
doi:10.2307/2387935,10.2307/2387935,Pollination by Deceit in a Mass-Flowering Tropical Tree Plumeria rubra L. (Apocynaceae),1984,article,mutualist,P3,3,identified_partner_title;published_article_type,published_research_candidate,manual_biological_estimand_screen
doi:10.1002/j.1537-2197.1984.tb14155.x,10.1002/j.1537-2197.1984.tb14155.x,THE REPRODUCTIVE BIOLOGY OF RASPBERRIES AND PLANT‐POLLINATOR COMMUNITY STRUCTURE,1984,article,mutualist,P3,3,identified_partner_title;published_article_type,published_research_candidate,manual_biological_estimand_screen
doi:10.2307/2443659,10.2307/2443659,The Reproductive Biology of Raspberries and Plant-Pollinator Community Structure,1984,article,mutualist,P3,3,identified_partner_title;published_article_type,published_research_candidate,manual_biological_estimand_screen
doi:10.1007/bf00379326,10.1007/bf00379326,Flowering plant density and pollinator visitation in Senecio.,1983,Journal Article,mutualist,P3,3,identified_partner_title;published_article_type,published_research_candidate,manual_biological_estimand_screen
doi:10.1111/j.1744-7348.1983.tb02789.x,10.1111/j.1744-7348.1983.tb02789.x,Onion pollination by blowflies and honeybees in large cages,1983,article,mutualist,P3,3,identified_partner_title;published_article_type,published_research_candidate,manual_biological_estimand_screen
doi:10.2307/1937335,10.2307/1937335,The Partitioning of Pollinators among Three Species of Asclepias,1983,article,mutualist,P3,3,identified_partner_title;published_article_type,published_research_candidate,manual_biological_estimand_screen
doi:10.1111/j.1096-3642.1983.tb00858.x,10.1111/j.1096-3642.1983.tb00858.x,The evolution of mating systems in bark and ambrosia beetles (Coleoptera: Scolytidae and Platypodidae),1983,article,antagonist,P3,3,identified_partner_title;published_article_type,published_research_candidate,manual_biological_estimand_screen
doi:10.1080/00040851.1982.12004280,10.1080/00040851.1982.12004280,"Pollination and Dispersion of Five Species of Lousewort ( Pedicularis ) Near Atkasook, Alaska, U.S.A.",1982,article,mutualist,P3,3,identified_partner_title;published_article_type,published_research_candidate,manual_biological_estimand_screen
doi:10.1139/z82-029,10.1139/z82-029,"The Ruby-throated Hummingbird and its major food plants: ranges, flowering phenology, and migration",1982,article,mutualist,P3,3,timing_title;published_article_type,published_research_candidate,manual_biological_estimand_screen
doi:10.1007/bf00384485,10.1007/bf00384485,The pollination biology of Calypso bulbosa var. Americana (Orchidaceae): Initial deception of bumblebee visitors.,1982,Journal Article,mutualist,P3,3,identified_partner_title;published_article_type,published_research_candidate,manual_biological_estimand_screen
doi:10.2307/2387805,10.2307/2387805,Patterns of Herbivory in a Tropical Deciduous Forest,1981,article,antagonist,P3,3,identified_partner_title;published_article_type,published_research_candidate,manual_biological_estimand_screen
doi:10.2307/2387717,10.2307/2387717,"Predispersal Seed Predation in a Tropical Shrub (Mabea occidentials, Euphorbiaceae)",1981,article,antagonist,P3,3,identified_partner_title;published_article_type,published_research_candidate,manual_biological_estimand_screen
doi:10.1017/s0021859600034481,10.1017/s0021859600034481,"Variation in self-fertility, flowering time and inflorescence production in inbred Lolium perenne L.",1981,article,mutualist,P3,3,timing_title;published_article_type,published_research_candidate,manual_biological_estimand_screen
titleyear:pollination of delicious apples in south carolina usa|1980,,Pollination of Delicious Apples in South Carolina USA,1980,article,mutualist,P3,3,identified_partner_title;published_article_type,published_research_candidate,manual_biological_estimand_screen
doi:10.5558/tfc56241-5,10.5558/tfc56241-5,The Importance of Flower Phenology in Seed Orchard Designs,1980,article,mutualist,P3,3,timing_title;published_article_type,published_research_candidate,manual_biological_estimand_screen
doi:10.2307/2387700,10.2307/2387700,"The Phenology of the Dryland Forest of Mauna Kea, Hawaii, and the Impact of Recent Environmental Perturbations",1980,article,mutualist,P3,3,timing_title;published_article_type,published_research_candidate,manual_biological_estimand_screen
doi:10.2307/1938545,10.2307/1938545,Competition for Hummingbird Pollination and Sequential Flowering in Two Colorado Wildflowers,1978,article,mutualist,P3,3,identified_partner_title;published_article_type,published_research_candidate,manual_biological_estimand_screen
doi:10.1002/j.1537-2197.1978.tb06086.x,10.1002/j.1537-2197.1978.tb06086.x,THE POLLINATION ECOLOGY OF AQUILEGIA ELEGANTULA AND A. CAERULEA (RANUNCULACEAE) IN COLORADO,1978,article,mutualist,P3,3,identified_partner_title;published_article_type,published_research_candidate,manual_biological_estimand_screen
doi:10.2307/2442696,10.2307/2442696,The Pollination Ecology of Aquilegia Elegantula and A. Caerulea (Ranunculaceae) in Colorado,1978,article,mutualist,P3,3,identified_partner_title;published_article_type,published_research_candidate,manual_biological_estimand_screen
doi:10.1017/s0007485300011287,10.1017/s0007485300011287,Sex pheromone emission by female Stegobium paniceum (L.) (Coleoptera: Anobiidae) in relation to reproductive maturation and oviposition,1977,article,antagonist,P3,3,identified_partner_title;published_article_type,published_research_candidate,manual_biological_estimand_screen
doi:10.1139/b75-156,10.1139/b75-156,Competitive relationships of some bog ericads for major insect pollinators,1975,article,mutualist,P3,3,identified_partner_title;published_article_type,published_research_candidate,manual_biological_estimand_screen
doi:10.1017/s0007485300006027,10.1017/s0007485300006027,"Factors affecting the phenology of the first brood of the sugar-cane froghopper Aeneolamia varia saccharina (Dist.) (Homoptera, Cercopidae) in Trinidad",1975,article,antagonist,P3,3,timing_title;published_article_type,published_research_candidate,manual_biological_estimand_screen
doi:10.1002/j.1537-2197.1973.tb05983.x,10.1002/j.1537-2197.1973.tb05983.x,THE POLLINATION ECOLOGY OF PEDICULARIS ON MOUNT RAINIER,1973,article,mutualist,P3,3,identified_partner_title;published_article_type,published_research_candidate,manual_biological_estimand_screen
doi:10.2307/1934376,10.2307/1934376,The Ecology of the Pollinators and Predators of Frasera Speciosa,1973,article,mutualist,P3,3,identified_partner_title;published_article_type,published_research_candidate,manual_biological_estimand_screen
doi:10.2307/2441066,10.2307/2441066,The Pollination Ecology of Pedicularis on Mount Rainier,1973,article,mutualist,P3,3,identified_partner_title;published_article_type,published_research_candidate,manual_biological_estimand_screen
doi:10.13057/biodiv/d060309,10.13057/biodiv/d060309,Rosa x odorata “viridiflora” (green rose) in Bali Botanical Garden: biological phenology and its propagation,1970,article,mutualist,P3,3,timing_title;published_article_type,published_research_candidate,manual_biological_estimand_screen
doi:10.1071/ea9700366,10.1071/ea9700366,The role of honeybees in pollination of apples,1970,article,mutualist,P3,3,identified_partner_title;published_article_type,published_research_candidate,manual_biological_estimand_screen
titleyear:effect of phenology clipping and moisture stress on translocation in grass|1969,,"Effect of Phenology, Clipping, And Moisture Stress on Translocation in Grass",1969,article,mutualist,P3,3,timing_title;published_article_type,published_research_candidate,manual_biological_estimand_screen
doi:10.1071/ea9690659,10.1071/ea9690659,Effect of distance from Williams' Bon Chretien pollinator on production of Packham's Triumph pears in the Goulburn Valley,1969,article,mutualist,P3,3,identified_partner_title;published_article_type,published_research_candidate,manual_biological_estimand_screen
doi:10.1007/s10530-026-03899-z,10.1007/s10530-026-03899-z,A native host for an invasive pest? Assessing the prickly pear cactus (Opuntia sulphurea) as an alternative host for the fruit pest Drosophila suzukii,2026,article,antagonist,P3,1,published_article_type,published_research_candidate,manual_biological_estimand_screen
doi:10.60024/odon.v55i1-2.a4,10.60024/odon.v55i1-2.a4,"A ten-year field study of larval seasonality in Coenagrion puella in Sweden (58°N), with notes on seasonal regulation in the genus (Odonata: Coenagrionidae)",2026,article,antagonist,P3,1,published_article_type,published_research_candidate,manual_biological_estimand_screen
doi:10.1111/1365-2745.70235,10.1111/1365-2745.70235,Biological Flora of Britain and Ireland: Polygonatum multiflorum *,2026,article,antagonist;mutualist,P3,1,published_article_type,published_research_candidate,manual_biological_estimand_screen
doi:10.1016/j.ecolind.2026.114806,10.1016/j.ecolind.2026.114806,Biotic interactions outweigh direct climate effects in shaping subarctic mountain birch ecosystem: Insights from four decades of integrated monitoring,2026,article,antagonist,P3,1,published_article_type,published_research_candidate,manual_biological_estimand_screen
doi:10.60151/envec/bmqh6907,10.60151/envec/bmqh6907,Climate Change Effects Upon Trophic Structure and Disease in River Fishes,2026,article,antagonist,P3,1,published_article_type,published_research_candidate,manual_biological_estimand_screen
doi:10.54660/ijmr.2026.2.4.139-157,10.54660/ijmr.2026.2.4.139-157,"Climate Change and Neotropical Mangrove Insects: A Critical Review of Ecological Pathways, Evidence, and Knowledge Gaps",2026,article,antagonist;mutualist,P3,1,published_article_type,published_research_candidate,manual_biological_estimand_screen
doi:10.33545/26649926.2026.v8.i7b.942,10.33545/26649926.2026.v8.i7b.942,"Climate change and insect pests: Impacts on distribution, biology, and integrated pest management strategies",2026,article,antagonist,P3,1,published_article_type,published_research_candidate,manual_biological_estimand_screen
doi:10.33545/26174693.2026.v10.i2sj.7714,10.33545/26174693.2026.v10.i2sj.7714,Climate-induced challenges in fruit crop production and adaptive management strategies: A review,2026,article,mutualist,P3,1,published_article_type,published_research_candidate,manual_biological_estimand_screen
doi:10.1007/s10530-026-03819-1,10.1007/s10530-026-03819-1,Consumers show flexible refuge use but more rigid foraging under plant invasion,2026,article,antagonist,P3,1,published_article_type,published_research_candidate,manual_biological_estimand_screen
doi:10.3120/0024-9637-250031,10.3120/0024-9637-250031,DROUGHT STRESS IN LUPINUS BICOLOR LEADS TO EARLIER FLOWERING AND SEEDING TIMES,2026,article,mutualist,P3,1,published_article_type,published_research_candidate,manual_biological_estimand_screen
doi:10.1111/1365-2435.70295,10.1111/1365-2435.70295,Developing together: The elementome and biogeochemical niche of the mutualistic occupants of a fig microcosm,2026,article,mutualist,P3,1,published_article_type,published_research_candidate,manual_biological_estimand_screen
doi:10.1111/gcb.70757,10.1111/gcb.70757,Does Increasing Atmospheric Carbon Dioxide Facilitate Plant Invasions?,2026,article,antagonist,P3,1,published_article_type,published_research_candidate,manual_biological_estimand_screen
doi:10.9734/ijecc/2026/v16i55445,10.9734/ijecc/2026/v16i55445,Effect of Climate Change on Insect Pest Dynamics in Agro-ecosystems,2026,article,antagonist,P3,1,published_article_type,published_research_candidate,manual_biological_estimand_screen
doi:10.1093/ee/nvag022,10.1093/ee/nvag022,Effect of physiological state and prior experience on host selection of pea leaf weevil (Coleoptera: Curculionidae).,2026,Journal Article,antagonist,P3,1,published_article_type,published_research_candidate,manual_biological_estimand_screen
doi:10.13925/j.cnki.gsxb.20250368,10.13925/j.cnki.gsxb.20250368,Effect of simulated temperature increase on the adaptability of emergent winter form of pear psylla Cacopsylla chinensis,2026,article,antagonist,P3,1,published_article_type,published_research_candidate,manual_biological_estimand_screen
doi:10.1186/s12870-026-09355-3,10.1186/s12870-026-09355-3,Exploring genetic variability and floral trait inheritance in F₁ hybrids from climber × miniature rose crosses.,2026,Journal Article,mutualist,P3,1,published_article_type,published_research_candidate,manual_biological_estimand_screen
doi:10.1016/j.ufug.2026.129394,10.1016/j.ufug.2026.129394,Feed two birds with one tree? Multilayer bird-plant networks and the maintenance of biodiversity in urban environments,2026,article,mutualist,P3,1,published_article_type,published_research_candidate,manual_biological_estimand_screen
doi:10.3390/horticulturae12010110,10.3390/horticulturae12010110,Flowering Phenograms and Genetic Sterilities of Ten Olive Cultivars Grown in a Super-High-Density Orchard,2026,article,mutualist,P3,1,published_article_type,published_research_candidate,manual_biological_estimand_screen
titleyear:from flight to hatching adult sexual dimorphism life history and egg stage ecology of pseudocotalpa giulianii|2026,,"From Flight to Hatching: Adult Sexual Dimorphism, Life History, and Egg-Stage Ecology of Pseudocotalpa giulianii",2026,article,antagonist,P3,1,published_article_type,published_research_candidate,manual_biological_estimand_screen
doi:10.1186/s40659-026-00720-y,10.1186/s40659-026-00720-y,Genotype- and rootstock-mediated adaptation of fruit trees to climate change,2026,article,mutualist,P3,1,published_article_type,published_research_candidate,manual_biological_estimand_screen
doi:10.1186/s12862-026-02538-4,10.1186/s12862-026-02538-4,Human pressure and protection gradients reshape diel activity patterns of terrestrial mammals.,2026,Journal Article,antagonist,P3,1,published_article_type,published_research_candidate,manual_biological_estimand_screen
doi:10.1038/s41598-026-43348-4,10.1038/s41598-026-43348-4,Impact of climate change on the suitable niches of an ornithophilous neotropical orchid (Elleanthus brasiliensis) and its pollen vectors.,2026,Journal Article,mutualist,P3,1,published_article_type,published_research_candidate,manual_biological_estimand_screen
doi:10.1007/s41348-026-01272-9,10.1007/s41348-026-01272-9,Influence of larval diet on the life table traits of Chrysoperla zastrowi sillemi using age-stage two-sex life table: insights for mass production,2026,article,antagonist,P3,1,published_article_type,published_research_candidate,manual_biological_estimand_screen
doi:10.1038/s41598-026-55804-2,10.1038/s41598-026-55804-2,Influence of pollen from different species on the fruit quality of 'Hongyang' kiwifruit.,2026,Journal Article,mutualist,P3,1,published_article_type,published_research_candidate,manual_biological_estimand_screen
doi:10.1186/s12870-025-07976-8,10.1186/s12870-025-07976-8,Investigating morphological and biological reproductive traits in self-fertile and -infertile macadamia cultivars.,2026,Journal Article,mutualist,P3,1,published_article_type,published_research_candidate,manual_biological_estimand_screen
doi:10.1111/jipb.70347,10.1111/jipb.70347,LUX ARRHYTHMO transcription factors regulate photoperiod-mediated resistance against common cutworm in soybean.,2026,Journal Article,antagonist,P3,1,published_article_type,published_research_candidate,manual_biological_estimand_screen
doi:10.1002/ecy.70447,10.1002/ecy.70447,Mechanistic and scale‐specific analyses advance the preference–performance hypothesis,2026,article,antagonist,P3,1,published_article_type,published_research_candidate,manual_biological_estimand_screen
doi:10.5281/zenodo.18405818,10.5281/zenodo.18405818,"Melastoma souladethianum Souvann. & Nob. Tanaka 2026, sp. nov.",2026,article,mutualist,P3,1,published_article_type,published_research_candidate,manual_biological_estimand_screen
doi:10.5281/zenodo.18405819,10.5281/zenodo.18405819,"Melastoma souladethianum Souvann. & Nob. Tanaka 2026, sp. nov.",2026,article,mutualist,P3,1,published_article_type,published_research_candidate,manual_biological_estimand_screen
doi:10.1038/s41598-026-41003-6,10.1038/s41598-026-41003-6,Migratory geese adjust wintering movements to both short-term weather and long-term climatic change.,2026,Journal Article,antagonist,P3,1,published_article_type,published_research_candidate,manual_biological_estimand_screen
titleyear:multiple barriers maintain species boundaries in sympatric brood site deceptive gastrodia orchids|2026,,Multiple barriers maintain species boundaries in sympatric brood-site deceptive Gastrodia orchids,2026,article,mutualist,P3,1,published_article_type,published_research_candidate,manual_biological_estimand_screen
doi:10.1002/ppp3.70252,10.1002/ppp3.70252,Multiple barriers maintain species boundaries in sympatric brood‐site deceptive Gastrodia orchids,2026,article,mutualist,P3,1,published_article_type,published_research_candidate,manual_biological_estimand_screen
doi:10.3389/fpubh.2026.1816900,10.3389/fpubh.2026.1816900,Neonicotinoids: insecticides or a threat to public health?,2026,article,mutualist,P3,1,published_article_type,published_research_candidate,manual_biological_estimand_screen
doi:10.21273/hortsci19437-26,10.21273/hortsci19437-26,Optimizing Cultivar Configurations for Camellia oleifera in the Jiangxi Province of China,2026,article,mutualist,P3,1,published_article_type,published_research_candidate,manual_biological_estimand_screen
doi:10.17638/03198391,10.17638/03198391,Phenotypic responses of co-existing plant populations to long-term experimental climate change,2026,article,antagonist;mutualist,P3,1,published_article_type,published_research_candidate,manual_biological_estimand_screen
doi:10.5281/zenodo.18174913,10.5281/zenodo.18174913,"Plants as Responsive Biological Systems: Integrating Physiology, Signaling, and Ecology- The Hidden Emotions of Plants: The Science of Pleasure, Pain, and Conscious Growth",2026,article,antagonist;mutualist,P3,1,published_article_type,published_research_candidate,manual_biological_estimand_screen
doi:10.5281/zenodo.18174914,10.5281/zenodo.18174914,"Plants as Responsive Biological Systems: Integrating Physiology, Signaling, and Ecology- The Hidden Emotions of Plants: The Science of Pleasure, Pain, and Conscious Growth",2026,article,antagonist;mutualist,P3,1,published_article_type,published_research_candidate,manual_biological_estimand_screen
doi:10.3375/2162-4399-46.3.4,10.3375/2162-4399-46.3.4,Ploidy-Mediated Reproductive Barriers and Hybridization between a Rare and a Common Castilleja Species (Orobanchaceae),2026,article,mutualist,P3,1,published_article_type,published_research_candidate,manual_biological_estimand_screen
doi:10.3390/f17040413,10.3390/f17040413,Reproductive Processes Do Not Constrain the Western Range Limit of Gelsemium sempervirens (Gelsemiaceae),2026,article,mutualist,P3,1,published_article_type,published_research_candidate,manual_biological_estimand_screen
doi:10.1007/s10722-026-02792-x,10.1007/s10722-026-02792-x,Reproductive biology and cytological insights of Artemisia vulgaris: implications for growth and adaptation of the species,2026,article,mutualist,P3,1,published_article_type,published_research_candidate,manual_biological_estimand_screen
doi:10.1186/s12870-025-07593-5,10.1186/s12870-025-07593-5,"Rootstock mediated modulation of growth, flowering and nutrient content in Apple (Malus × domestica Borkh.) scion cultivars in high density planting system in north-west Himalayas.",2026,Journal Article,mutualist,P3,1,published_article_type,published_research_candidate,manual_biological_estimand_screen
doi:10.21608/hrj.2026.521175,10.21608/hrj.2026.521175,Selection of a Suitable Pollinizer for ‘Pioneer’ Plum.,2026,article,mutualist,P3,1,published_article_type,published_research_candidate,manual_biological_estimand_screen
doi:10.3390/genes17030337,10.3390/genes17030337,Stage-Dependent Persistence of Nucleated Endosperm Cells in Seeds of Limonium Sexual and Apomictic Species with Autonomous Endosperm Formation.,2026,Journal Article,mutualist,P3,1,published_article_type,published_research_candidate,manual_biological_estimand_screen
doi:10.3390/plants15050701,10.3390/plants15050701,Studies on the Reproductive Ability of Various Apple (Malus × domestica Borkh.) Cultivars Grown in the Climatic Conditions of Western Norway.,2026,Journal Article,mutualist,P3,1,published_article_type,published_research_candidate,manual_biological_estimand_screen
doi:10.30679/2219-5335-2026-4-100-63-70,10.30679/2219-5335-2026-4-100-63-70,Study of the flowering process of walnut and selection of a pollinizer under the conditions of Krasnodar Territory,2026,article,mutualist,P3,1,published_article_type,published_research_candidate,manual_biological_estimand_screen
doi:10.1093/emph/eoag003,10.1093/emph/eoag003,The evolution of the Institute of Evolutionary Medicine at the University of Zurich (10-year anniversary),2026,article,antagonist,P3,1,published_article_type,published_research_candidate,manual_biological_estimand_screen
doi:10.1007/s10265-026-01710-7,10.1007/s10265-026-01710-7,The reproductive biology of Dyckia scrutor (Bromeliaceae): an endangered species endemic to Campos Rupestres.,2026,Journal Article,mutualist,P3,1,published_article_type,published_research_candidate,manual_biological_estimand_screen
doi:10.5281/zenodo.19616169,10.5281/zenodo.19616169,Tradescantia spathacea Sw. (Swartz 1788,2026,article,mutualist,P3,1,published_article_type,published_research_candidate,manual_biological_estimand_screen
doi:10.5281/zenodo.19616170,10.5281/zenodo.19616170,Tradescantia spathacea Sw. (Swartz 1788,2026,article,mutualist,P3,1,published_article_type,published_research_candidate,manual_biological_estimand_screen
doi:10.5376/pgt.2026.17.0004,10.5376/pgt.2026.17.0004,Trait Basis and Management Strategies for Stable High Yield in Greenhouse Tomato Production,2026,article,mutualist,P3,1,published_article_type,published_research_candidate,manual_biological_estimand_screen
doi:10.1111/1440-1703.70080,10.1111/1440-1703.70080,Trends Toward Earlier Breeding Related to Temperature in Early Spring‐Breeding Brown Frogs Revealed by Community Science Monitoring in Japan,2026,article,antagonist,P3,1,published_article_type,published_research_candidate,manual_biological_estimand_screen
doi:10.1088/1748-9326/ae69fc,10.1088/1748-9326/ae69fc,Understanding general flowering and mast fruiting in Southeast Asia: research gaps and consequences for studying faunal communities,2026,article,antagonist;mutualist,P3,1,published_article_type,published_research_candidate,manual_biological_estimand_screen
doi:10.1111/btp.70242,10.1111/btp.70242,Urbanization Favors Parallel Evolution of a Mixed Reproductive System in a Herb Across Tropical Cities,2026,article,mutualist,P3,1,published_article_type,published_research_candidate,manual_biological_estimand_screen
doi:10.3390/plants15142147,10.3390/plants15142147,"Vernalization, Photoperiod, and Gibberellin Coordinately Regulate Flower Bud Differentiation in Oenothera biennis L.",2026,article,mutualist,P3,1,published_article_type,published_research_candidate,manual_biological_estimand_screen
doi:10.1002/ece3.72166,10.1002/ece3.72166,A Habitat Model for Assessing the Impact of the Three Gorges Project on Phytophilic Spawners,2025,article,antagonist,P3,1,published_article_type,published_research_candidate,manual_biological_estimand_screen
doi:10.1186/s12870-025-06201-w,10.1186/s12870-025-06201-w,A global overview of transcriptome dynamics during the late stage of flower bud development in Camellia oleifera.,2025,Journal Article,mutualist,P3,1,published_article_type,published_research_candidate,manual_biological_estimand_screen
doi:10.1016/j.actao.2025.104132,10.1016/j.actao.2025.104132,Adaptive reproductive ecology of Inula racemosa and Inula royleana: Implications for conservation in a changing Himalayan Landscape,2025,article,mutualist,P3,1,published_article_type,published_research_candidate,manual_biological_estimand_screen
doi:10.1111/tpj.70557,10.1111/tpj.70557,An allelic resolution gene atlas for tetraploid potato provides insights into tuberization and stress resilience.,2025,"Journal Article,Research Support, Non-U.S. Gov't,Research Support, N.I.H., Extramural",antagonist,P3,1,published_article_type,published_research_candidate,manual_biological_estimand_screen
doi:10.1093/jeb/voaf060,10.1093/jeb/voaf060,Are studies of mating systems too inbred? A commentary on Clo et al. (2025),2025,article,mutualist,P3,1,published_article_type,published_research_candidate,manual_biological_estimand_screen
doi:10.17912/micropub.biology.001691,10.17912/micropub.biology.001691,Artificial selection for flower size in Brassica rapa reveals moderate heritability and many correlated traits.,2025,Journal Article,mutualist,P3,1,published_article_type,published_research_candidate,manual_biological_estimand_screen
doi:10.1371/journal.pone.0327554,10.1371/journal.pone.0327554,Canopy insect communities are shaped by the genes and phenotypes of their aspen hosts.,2025,Journal Article,antagonist,P3,1,published_article_type,published_research_candidate,manual_biological_estimand_screen
doi:10.1111/ddi.70090,10.1111/ddi.70090,Combining Distribution Models of Plants and Their Mutualists to Map Gaps in the Knowledge of Ecological Interactions,2025,article,mutualist,P3,1,published_article_type,published_research_candidate,manual_biological_estimand_screen
doi:10.1094/pbiomes-08-25-0064-r,10.1094/pbiomes-08-25-0064-r,Contribution of Floral Transmission to the Assembly and Health Impact of Bacterial Communities in Watermelon Seeds,2025,article,mutualist,P3,1,published_article_type,published_research_candidate,manual_biological_estimand_screen
doi:10.1111/plb.13749,10.1111/plb.13749,Early flowering enhances performance among conspecifics.,2025,Journal Article,mutualist,P3,1,published_article_type,published_research_candidate,manual_biological_estimand_screen
doi:10.1051/bioconf/202517801002/pdf,10.1051/bioconf/202517801002/pdf,"Effects of Increasing Temperatures on Horticultural Crops in the Hilly Regions of Himachal Pradesh, India",2025,article,mutualist,P3,1,published_article_type,published_research_candidate,manual_biological_estimand_screen
doi:10.1093/aobpla/plaf062,10.1093/aobpla/plaf062,Evolution of floral traits and mating systems under drought: a range-wide study of Mimulus cardinalis.,2025,Journal Article,mutualist,P3,1,published_article_type,published_research_candidate,manual_biological_estimand_screen
doi:10.32854/agrop.vi.2158,10.32854/agrop.vi.2158,Flowering in Hylocereus spp.: comparative analysis and self-incompatibility,2025,article,mutualist,P3,1,published_article_type,published_research_candidate,manual_biological_estimand_screen
doi:10.1093/plcell/koaf028,10.1093/plcell/koaf028,"From the archives: the shape of flowers, timely flowering, and floral organ longevity",2025,article,mutualist,P3,1,published_article_type,published_research_candidate,manual_biological_estimand_screen
doi:10.1016/j.stress.2025.101119,10.1016/j.stress.2025.101119,Impact of air pollution on reproductive biology of plants: Mechanisms and consequences,2025,article,mutualist,P3,1,published_article_type,published_research_candidate,manual_biological_estimand_screen
doi:10.9734/ijecc/2025/v15i84976,10.9734/ijecc/2025/v15i84976,Impacts of Abiotic Stress on Flowering Response in Plants,2025,article,mutualist,P3,1,published_article_type,published_research_candidate,manual_biological_estimand_screen
doi:10.1111/1365-2745.70144,10.1111/1365-2745.70144,International Biological Flora: Tsuga canadensis *,2025,article,antagonist;mutualist,P3,1,published_article_type,published_research_candidate,manual_biological_estimand_screen
doi:10.1111/eea.13588,10.1111/eea.13588,Later instars of two poplar caterpillar species excrete higher nitrogen content in frass,2025,article,antagonist,P3,1,published_article_type,published_research_candidate,manual_biological_estimand_screen
doi:10.1093/aob/mcae197,10.1093/aob/mcae197,Masting ontogeny: the largest masting benefits accrue to the largest trees.,2025,Journal Article,antagonist;mutualist,P3,1,published_article_type,published_research_candidate,manual_biological_estimand_screen
doi:10.1186/s12915-025-02258-z,10.1186/s12915-025-02258-z,"Molecular basis governing diapause and pigmentation in the hawthorn spider mite, Amphitetranychus viennensis.",2025,Journal Article,antagonist,P3,1,published_article_type,published_research_candidate,manual_biological_estimand_screen
doi:10.24843/atbes.2025.v09.i02.p08,10.24843/atbes.2025.v09.i02.p08,"Morphological and Anatomical Development of True Mangrove Species Generative Organs in Ngurah Rai Forest Park, Bali",2025,article,mutualist,P3,1,published_article_type,published_research_candidate,manual_biological_estimand_screen
doi:10.1111/ecog.07440,10.1111/ecog.07440,"Niche packing, but not niche expansion, explains the co‐occurrence of hummingbirds‐visited plants",2025,article,mutualist,P3,1,published_article_type,published_research_candidate,manual_biological_estimand_screen
doi:10.1093/aob/mcaf119,10.1093/aob/mcaf119,Nuances of floral mimicry in Queen of Sheba orchids.,2025,Journal Article,mutualist,P3,1,published_article_type,published_research_candidate,manual_biological_estimand_screen
doi:10.3389/fpls.2025.1607207,10.3389/fpls.2025.1607207,Opinionated views on biophysical and social constraints on agroforestry system,2025,article,mutualist,P3,1,published_article_type,published_research_candidate,manual_biological_estimand_screen
doi:10.1002/ecy.70009,10.1002/ecy.70009,PROCEED v6.1: Phenotypic rates of change evolutionary and ecological database.,2025,Journal Article,antagonist,P3,1,published_article_type,published_research_candidate,manual_biological_estimand_screen
doi:10.7717/peerj.20391,10.7717/peerj.20391,Sex ratios in flux: seasonal dynamics and methodological insights in Rumex species.,2025,Journal Article,mutualist,P3,1,published_article_type,published_research_candidate,manual_biological_estimand_screen
doi:10.55250/jo.vnuf.10.1.2025.022-032,10.55250/jo.vnuf.10.1.2025.022-032,"Small-scale Spatial Structures of Plant Species: Mechanisms, Implications, and Future Directions",2025,article,antagonist;mutualist,P3,1,published_article_type,published_research_candidate,manual_biological_estimand_screen
doi:10.1016/j.avrs.2025.100333,10.1016/j.avrs.2025.100333,Spatiotemporal variation in potential gosling development windows across Mongolian Plateau in relation to climate change,2025,article,antagonist,P3,1,published_article_type,published_research_candidate,manual_biological_estimand_screen
doi:10.1002/ece3.72812,10.1002/ece3.72812,Study on Floral Syndrome and Breeding System of an Endangered Species Rhododendron nymphaeoides.,2025,Journal Article,mutualist,P3,1,published_article_type,published_research_candidate,manual_biological_estimand_screen
doi:10.1007/s10341-025-01663-6,10.1007/s10341-025-01663-6,Temperature-Related Reproductive Challenges in the Plum Cultivar ‘Timočanka’,2025,article,mutualist,P3,1,published_article_type,published_research_candidate,manual_biological_estimand_screen
doi:10.29133/yyutbd.1521734,10.29133/yyutbd.1521734,The Stimulating Effect of Polyamine and Brassinolide on Sweet Cherry cv. ‘0900 Ziraat’ Pollen,2025,article,mutualist,P3,1,published_article_type,published_research_candidate,manual_biological_estimand_screen
doi:10.1093/biosci/biaf074,10.1093/biosci/biaf074,The evolutionary dilemma of broad-spectrum insecticides,2025,article,mutualist,P3,1,published_article_type,published_research_candidate,manual_biological_estimand_screen
doi:10.1007/s42965-025-00418-4,10.1007/s42965-025-00418-4,"The extent of biotic interactions in the reproductive biology of a threatened endemic tree of Southern Western Ghats, India",2025,article,antagonist;mutualist,P3,1,published_article_type,published_research_candidate,manual_biological_estimand_screen
doi:10.1016/j.scienta.2025.114530,10.1016/j.scienta.2025.114530,The flowering characteristics and reproductive biology in variegated leaf Rhododendron ‘President Roosevelt’,2025,article,mutualist,P3,1,published_article_type,published_research_candidate,manual_biological_estimand_screen
doi:10.1007/s10681-025-03590-9,10.1007/s10681-025-03590-9,"The optimal workflow for interspecific hybridization between Magnolia liliiflora Desr. and Michelia figo (Lour.) Spreng., two medicinal and aromatic species endemic to China",2025,article,mutualist,P3,1,published_article_type,published_research_candidate,manual_biological_estimand_screen
doi:10.1525/abt.2024.86.9.614,10.1525/abt.2024.86.9.614,2024 Index to Volume 86 of The American Biology Teacher,2024,article,mutualist,P3,1,published_article_type,published_research_candidate,manual_biological_estimand_screen
doi:10.3389/fpls.2024.1393294,10.3389/fpls.2024.1393294,An experimental field study of inbreeding depression in an outcrossing invasive plant.,2024,Journal Article,mutualist,P3,1,published_article_type,published_research_candidate,manual_biological_estimand_screen
doi:10.9734/jamb/2024/v24i12876,10.9734/jamb/2024/v24i12876,Climate Change and Insect Ecology: Impacts on Pest Populations and Biodiversity,2024,article,mutualist,P3,1,published_article_type,published_research_candidate,manual_biological_estimand_screen
doi:10.1111/oik.10643,10.1111/oik.10643,Climate drives body mass changes in a mountain ungulate: shorter winters lead to heavier Alpine ibex,2024,article,antagonist,P3,1,published_article_type,published_research_candidate,manual_biological_estimand_screen
doi:10.1111/1744-7917.13276,10.1111/1744-7917.13276,"Cold storage alters the fat-trehalose trade-off, decreases the flight ability, and maintains the high survival rate and flight speed of Osmia excavata (Hymenoptera: Megachilidae).",2024,Journal Article,mutualist,P3,1,published_article_type,published_research_candidate,manual_biological_estimand_screen
doi:10.1016/j.foreco.2024.122172,10.1016/j.foreco.2024.122172,Community-wide masting improves predator satiation in North American oaks,2024,article,antagonist,P3,1,published_article_type,published_research_candidate,manual_biological_estimand_screen
doi:10.1093/aobpla/plae036,10.1093/aobpla/plae036,Competition and drought affect cleistogamy in a non-additive way in the annual ruderal Lamium amplexicaule.,2024,Journal Article,mutualist,P3,1,published_article_type,published_research_candidate,manual_biological_estimand_screen
doi:10.1002/ece3.10936,10.1002/ece3.10936,Could hybridization increase the establishment success of the biological control agent Aphalara itadori (Hemiptera: Aphalaridae) against invasive knotweeds?,2024,article,antagonist,P3,1,published_article_type,published_research_candidate,manual_biological_estimand_screen
doi:10.1002/jwmg.22705,10.1002/jwmg.22705,Disease and migratory tactic mediate the nutritional benefits of irrigated agriculture to mule deer,2024,article,antagonist,P3,1,published_article_type,published_research_candidate,manual_biological_estimand_screen
doi:10.1111/pbr.13257,10.1111/pbr.13257,Effects of Biological Factors and Temperature Elevation on Stigmatic Receptivity and Pollen Tube Growth in Diploid and Hexaploid Plum Genotypes [ Prunus salicina and Prunus insititia ],2024,article,mutualist,P3,1,published_article_type,published_research_candidate,manual_biological_estimand_screen
doi:10.1111/nph.20027,10.1111/nph.20027,Flower longevity and size are coordinated with ecophysiological traits in a tropical montane ecosystem,2024,article,mutualist,P3,1,published_article_type,published_research_candidate,manual_biological_estimand_screen
doi:10.1002/ajb2.16291,10.1002/ajb2.16291,Friends without benefits: Extensive cytotype sympatry and polyploid persistence in an African geophyte.,2024,"Journal Article,Research Support, Non-U.S. Gov't",mutualist,P3,1,published_article_type,published_research_candidate,manual_biological_estimand_screen
doi:10.33545/26174693.2024.v8.i4f.1015,10.33545/26174693.2024.v8.i4f.1015,From orchard to table: Understanding climate change impacts on mango production in India: A review,2024,article,mutualist,P3,1,published_article_type,published_research_candidate,manual_biological_estimand_screen
doi:10.1139/facets-2023-0099,10.1139/facets-2023-0099,Heliocaminiform structures: plant organs that function as microgreenhouses,2024,article,antagonist,P3,1,published_article_type,published_research_candidate,manual_biological_estimand_screen
doi:10.1111/1365-2745.14378,10.1111/1365-2745.14378,Ignoring within‐flower self‐fertilization and inbreeding depression biases estimates of selection on floral traits in a perennial alpine herb,2024,article,mutualist,P3,1,published_article_type,published_research_candidate,manual_biological_estimand_screen
doi:10.29032/ijhsss.vol.10.issue.05w.014,10.29032/ijhsss.vol.10.issue.05w.014,Impact of Climate Change on North Bengal’s Rich Biodiversity: A Comprehensive Analysis,2024,article,mutualist,P3,1,published_article_type,published_research_candidate,manual_biological_estimand_screen
doi:10.3389/fpls.2024.1363496,10.3389/fpls.2024.1363496,Impact of a heterogeneous environment on the population expansion of the harmful plant Iris ruthenica Ker-Gawl. in the high mountain grasslands.,2024,Journal Article,mutualist,P3,1,published_article_type,published_research_candidate,manual_biological_estimand_screen
doi:10.1016/j.scitotenv.2024.176298,10.1016/j.scitotenv.2024.176298,Increased rupture of cypress pollen type due to atmospheric water in central and southeastern Spain,2024,article,mutualist,P3,1,published_article_type,published_research_candidate,manual_biological_estimand_screen
doi:10.1111/eth.13445,10.1111/eth.13445,Interdisciplinary perspectives on the principle of reciprocation,2024,article,mutualist,P3,1,published_article_type,published_research_candidate,manual_biological_estimand_screen
doi:10.1007/s00114-024-01924-6,10.1007/s00114-024-01924-6,"Investigating the reproductive strategies of Deuterocohnia meziana (Bromeliaceae), an endangered and restricted species from South American rocky outcrops.",2024,Journal Article,mutualist,P3,1,published_article_type,published_research_candidate,manual_biological_estimand_screen
doi:10.1016/j.gecco.2024.e02802,10.1016/j.gecco.2024.e02802,"It takes two to Tango: Plant height and nutrient level determine the diet selection of wintering geese in Poyang Lake, a Ramsar wetland",2024,article,antagonist,P3,1,published_article_type,published_research_candidate,manual_biological_estimand_screen
doi:10.1101/pdb.top107669,10.1101/pdb.top107669,Mosquito Egg Development and Eggshell Formation.,2024,Journal Article,antagonist,P3,1,published_article_type,published_research_candidate,manual_biological_estimand_screen
doi:10.1590/2175-7860202475042,10.1590/2175-7860202475042,"Myrtaceae flowering strategies in a gallery forest, Chapada Diamantina, Brazil",2024,article,mutualist,P3,1,published_article_type,published_research_candidate,manual_biological_estimand_screen
doi:10.1111/nph.20023,10.1111/nph.20023,Oxidative burst causes loss of tapetal Ubisch body and male sterility in rice,2024,article,mutualist,P3,1,published_article_type,published_research_candidate,manual_biological_estimand_screen
doi:10.1111/1365-2745.14368,10.1111/1365-2745.14368,Positive spatial and temporal density‐dependence drive early reproductive economy‐of‐scale effects of masting in a European old‐growth forest community,2024,article,antagonist;mutualist,P3,1,published_article_type,published_research_candidate,manual_biological_estimand_screen
doi:10.1016/j.plantsci.2024.112183,10.1016/j.plantsci.2024.112183,RNA HELICASE 32 is essential for female gametophyte development in Arabidopsis.,2024,Journal Article,mutualist,P3,1,published_article_type,published_research_candidate,manual_biological_estimand_screen
doi:10.1016/j.sajb.2024.01.072,10.1016/j.sajb.2024.01.072,"Reproductive biology of Elymus scabrifolius (Döll) J. H. Hunz. (Poaceae: Triticeae), an important phytogenetic resource for saline environments",2024,article,mutualist,P3,1,published_article_type,published_research_candidate,manual_biological_estimand_screen
doi:10.1007/s00606-024-01928-9,10.1007/s00606-024-01928-9,Reproductive biology of Podostemum subulatum (Podostemaceae) reveals pre-anthesis cleistogamy,2024,article,mutualist,P3,1,published_article_type,published_research_candidate,manual_biological_estimand_screen
doi:10.1007/s40415-024-00994-0,10.1007/s40415-024-00994-0,Reproductive ecology of a threatened medicinal plant Canscora alata (Roth) Wall,2024,article,mutualist,P3,1,published_article_type,published_research_candidate,manual_biological_estimand_screen
doi:10.1086/729668,10.1086/729668,Robust Responses of Female Caribou to Changes in Food Supply.,2024,"Journal Article,Research Support, Non-U.S. Gov't",antagonist,P3,1,published_article_type,published_research_candidate,manual_biological_estimand_screen
doi:10.1016/j.cub.2023.12.027,10.1016/j.cub.2023.12.027,Seed masting as a mechanism for escape from pathogens.,2024,"Journal Article,Research Support, Non-U.S. Gov't",mutualist,P3,1,published_article_type,published_research_candidate,manual_biological_estimand_screen
doi:10.1111/1365-2745.14369,10.1111/1365-2745.14369,Selection favours high spread and asymmetry of flower opening dates within plant individuals,2024,article,antagonist,P3,1,published_article_type,published_research_candidate,manual_biological_estimand_screen
doi:10.1016/j.scienta.2024.113666,10.1016/j.scienta.2024.113666,"Self-incompatibility and phenotypic assessment of yield and quality in Passiflora alata, an understudied tropical fruit species",2024,article,mutualist,P3,1,published_article_type,published_research_candidate,manual_biological_estimand_screen
doi:10.1371/journal.pone.0312143,10.1371/journal.pone.0312143,Socioecological drivers of mutualistic and antagonistic plant-insect interactions and interaction outcomes in suburban landscapes.,2024,"Journal Article,Research Support, U.S. Gov't, Non-P.H.S.",antagonist;mutualist,P3,1,published_article_type,published_research_candidate,manual_biological_estimand_screen
doi:10.1093/jxb/erae290,10.1093/jxb/erae290,Testing the evolutionary potential of an alpine plant: phenotypic plasticity in response to growth temperature outweighs parental environmental effects and other genetic causes of variation.,2024,"Journal Article,Research Support, Non-U.S. Gov't",mutualist,P3,1,published_article_type,published_research_candidate,manual_biological_estimand_screen
doi:10.3389/fpls.2024.1361311,10.3389/fpls.2024.1361311,The feeding preference and bite response between Microtus fortis and Broussonetia papyrifera.,2024,Journal Article,antagonist,P3,1,published_article_type,published_research_candidate,manual_biological_estimand_screen
doi:10.33545/2618060x.2024.v7.i4sb.534,10.33545/2618060x.2024.v7.i4sb.534,The warming world and it’s impact on phytopathogens and insects,2024,article,mutualist,P3,1,published_article_type,published_research_candidate,manual_biological_estimand_screen
doi:10.1016/j.jenvman.2024.122360,10.1016/j.jenvman.2024.122360,Timing mowing for maximal energy gain - Managing foraging habitat of wintering geese under extreme drought conditions.,2024,Journal Article,antagonist,P3,1,published_article_type,published_research_candidate,manual_biological_estimand_screen
doi:10.1002/ajb2.16417,10.1002/ajb2.16417,Weighing the risks and benefits of flowering early in the spring for the woody perennial Prunus pumila.,2024,"Journal Article,Research Support, Non-U.S. Gov't,Research Support, U.S. Gov't, Non-P.H.S.",mutualist,P3,1,published_article_type,published_research_candidate,manual_biological_estimand_screen
doi:10.1002/ece3.11233,10.1002/ece3.11233,What are the drivers of female success in food‐deceptive orchids?,2024,article,mutualist,P3,1,published_article_type,published_research_candidate,manual_biological_estimand_screen
doi:10.1215/00295132-11403678,10.1215/00295132-11403678,World Theory as Reading Method,2024,article,mutualist,P3,1,published_article_type,published_research_candidate,manual_biological_estimand_screen
doi:10.1007/s11356-023-25260-w,10.1007/s11356-023-25260-w,Altered volatile emission of pear trees under elevated atmospheric CO(2) levels has no relevance to pear psyllid host choice.,2023,Journal Article,antagonist,P3,1,published_article_type,published_research_candidate,manual_biological_estimand_screen
doi:10.1002/ece3.10548,10.1002/ece3.10548,"Altitude, latitude and climate zone as determinants of mountain hare ( Lepus timidus ) coat colour change",2023,article,antagonist,P3,1,published_article_type,published_research_candidate,manual_biological_estimand_screen
doi:10.21273/hortsci17143-23,10.21273/hortsci17143-23,An Interspecific Hybrid Grape Cultivar: Black Sun,2023,article,mutualist,P3,1,published_article_type,published_research_candidate,manual_biological_estimand_screen
doi:10.3390/insects14120913,10.3390/insects14120913,Arthropods Associated with Invasive Frangula alnus (Rosales: Rhamnaceae): Implications for Invasive Plant and Insect Management.,2023,Journal Article,antagonist;mutualist,P3,1,published_article_type,published_research_candidate,manual_biological_estimand_screen
doi:10.1111/1365-2745.14086,10.1111/1365-2745.14086,Biological Flora of Britain and Ireland: Liparis loeselii,2023,article,antagonist;mutualist,P3,1,published_article_type,published_research_candidate,manual_biological_estimand_screen
doi:10.13287/j.1001-9332.202306.003,10.13287/j.1001-9332.202306.003,Blooming characteristics and breeding system of an invasive plant Gaura parviflora.,2023,Journal Article,mutualist,P3,1,published_article_type,published_research_candidate,manual_biological_estimand_screen
doi:10.3389/fpls.2023.1259340,10.3389/fpls.2023.1259340,Changes in bud bank and their correlation with plant community composition in degraded alpine meadows.,2023,Journal Article,antagonist,P3,1,published_article_type,published_research_candidate,manual_biological_estimand_screen
doi:10.1007/s10530-023-03185-2,10.1007/s10530-023-03185-2,Diet-habitat ecology of invasive tilapia and native fish in a tropical river catchment following a tilapia invasion,2023,article,antagonist,P3,1,published_article_type,published_research_candidate,manual_biological_estimand_screen
doi:10.1111/aec.13462,10.1111/aec.13462,Edaphic conditions affect plant life‐history trait syndromes in a tropical ancient biodiverse ecosystem,2023,article,mutualist,P3,1,published_article_type,published_research_candidate,manual_biological_estimand_screen
doi:10.1186/s13071-023-05956-1,10.1186/s13071-023-05956-1,EggCountAI: a convolutional neural network-based software for counting of Aedes aegypti mosquito eggs,2023,article,antagonist,P3,1,published_article_type,published_research_candidate,manual_biological_estimand_screen
doi:10.1186/s12870-023-04669-y,10.1186/s12870-023-04669-y,"Embryological observations on seed abortion in Hibiscus syriacus L. and physiological studies on nutrients, enzyme activity and endogenous hormones.",2023,Journal Article,mutualist,P3,1,published_article_type,published_research_candidate,manual_biological_estimand_screen
doi:10.36253/jaeid-13261,10.36253/jaeid-13261,"Flower and fruit formation of Hexachlamys edulis in Buenos Aires, Argentina",2023,article,mutualist,P3,1,published_article_type,published_research_candidate,manual_biological_estimand_screen
doi:10.1111/nph.19104,10.1111/nph.19104,Flowers are leakier than leaves but cheaper to build,2023,article,mutualist,P3,1,published_article_type,published_research_candidate,manual_biological_estimand_screen
doi:10.1111/1365-2745.14188,10.1111/1365-2745.14188,Gender dimorphic species flower earlier than cosexuals,2023,article,mutualist,P3,1,published_article_type,published_research_candidate,manual_biological_estimand_screen
titleyear:impact of atmospheric co2 levels on host choice of the pear psyllid cacopsylla pyri|2023,,"Impact of atmospheric CO2 levels on host choice of the pear psyllid, Cacopsylla pyri",2023,article,antagonist,P3,1,published_article_type,published_research_candidate,manual_biological_estimand_screen
doi:10.54097/hset.v69i.12044,10.54097/hset.v69i.12044,Impress of Climate Change in the Himalaya on Plant Evolution,2023,article,mutualist,P3,1,published_article_type,published_research_candidate,manual_biological_estimand_screen
doi:10.31867/2523-4544/0259,10.31867/2523-4544/0259,Influence of abiotic factors on the variability of the seedling – flowering period in the parental components of maize hybrids,2023,article,mutualist,P3,1,published_article_type,published_research_candidate,manual_biological_estimand_screen
doi:10.3389/fevo.2022.1105729,10.3389/fevo.2022.1105729,Influence of grazing on the activity pattern and temporal niche of two dominant rodent species in Alxa desert,2023,article,antagonist,P3,1,published_article_type,published_research_candidate,manual_biological_estimand_screen
doi:10.17520/biods.2022603,10.17520/biods.2022603,Larva and adult competition between two Drosophila species and the effects on species coexistence,2023,article,antagonist,P3,1,published_article_type,published_research_candidate,manual_biological_estimand_screen
doi:10.1093/evolut/qpac048,10.1093/evolut/qpac048,Life history and chemical defense interact to drive patterns of adaptation in an annual monkeyflower.,2023,"Journal Article,Research Support, Non-U.S. Gov't,Research Support, U.S. Gov't, Non-P.H.S.",antagonist,P3,1,published_article_type,published_research_candidate,manual_biological_estimand_screen
doi:10.55278/tnef7155,10.55278/tnef7155,Male parental care in insects,2023,article,antagonist,P3,1,published_article_type,published_research_candidate,manual_biological_estimand_screen
doi:10.1093/plphys/kiad486,10.1093/plphys/kiad486,Manipulation of tapetal degradation provides a dominant male-sterility system for pyramiding breeding in rice,2023,article,mutualist,P3,1,published_article_type,published_research_candidate,manual_biological_estimand_screen
doi:10.1162/afar_a_00720,10.1162/afar_a_00720,Motifs in Motion: Fes Belts (Ahzima) and Moroccan Design Innovation in the Mediterranean World,2023,article,mutualist,P3,1,published_article_type,published_research_candidate,manual_biological_estimand_screen
doi:10.1111/nph.18767,10.1111/nph.18767,Multiple pre- and postzygotic components of reproductive isolation between two co-occurring Lysimachia species.,2023,"Journal Article,Research Support, Non-U.S. Gov't",mutualist,P3,1,published_article_type,published_research_candidate,manual_biological_estimand_screen
doi:10.1111/tpj.16108,10.1111/tpj.16108,Need for speed: a breakthrough speed breeding protocol for hemp,2023,article,mutualist,P3,1,published_article_type,published_research_candidate,manual_biological_estimand_screen
doi:10.1002/ece3.10801,10.1002/ece3.10801,Partial and asymmetrical reproductive isolation between two sympatric tropical shrub species: Cnidoscolus aconitifolius and C. souzae (Euphorbiaceae).,2023,Journal Article,mutualist,P3,1,published_article_type,published_research_candidate,manual_biological_estimand_screen
doi:10.1002/eap.2926,10.1002/eap.2926,Perspectives of invasive alien species management in C hina,2023,article,antagonist,P3,1,published_article_type,published_research_candidate,manual_biological_estimand_screen
doi:10.1016/j.flora.2023.152256,10.1016/j.flora.2023.152256,"Pollen and floral morphology of Androsace brevis (Hegetschw.) Ces. (Primulaceae), a vulnerable narrow endemic plant of the Southern European Alps",2023,article,mutualist,P3,1,published_article_type,published_research_candidate,manual_biological_estimand_screen
doi:10.3389/fpls.2023.1226502,10.3389/fpls.2023.1226502,Preventing self-fertilization: Insights from Ziziphus species.,2023,Journal Article,mutualist,P3,1,published_article_type,published_research_candidate,manual_biological_estimand_screen
doi:10.7717/peerj.15804,10.7717/peerj.15804,Reproductive benefits and reduced investment in parental care behavior associated with reproductive groups of males in Abudefduf troschelii.,2023,"Journal Article,Research Support, Non-U.S. Gov't",antagonist,P3,1,published_article_type,published_research_candidate,manual_biological_estimand_screen
doi:10.18488/jof.v10i2.3464,10.18488/jof.v10i2.3464,Reproductive biology of Populus deltoides Bartr.,2023,article,mutualist,P3,1,published_article_type,published_research_candidate,manual_biological_estimand_screen
doi:10.1590/1677-941x-abb-2023-0128,10.1590/1677-941x-abb-2023-0128,"Reproductive ecology of the prickly pear Opuntia atropes, a native plant subject to management",2023,article,mutualist,P3,1,published_article_type,published_research_candidate,manual_biological_estimand_screen
doi:10.1038/s41598-023-37901-8,10.1038/s41598-023-37901-8,"Response of Fragaria vesca to projected change in temperature, water availability and concentration of CO(2) in the atmosphere.",2023,"Journal Article,Research Support, Non-U.S. Gov't",mutualist,P3,1,published_article_type,published_research_candidate,manual_biological_estimand_screen
doi:10.1002/ajb2.16228,10.1002/ajb2.16228,Rewiring critical plant–soil microbial interactions to assist ecological restoration,2023,article,mutualist,P3,1,published_article_type,published_research_candidate,manual_biological_estimand_screen
doi:10.1111/mec.17079,10.1111/mec.17079,Seasonal gene expression signatures of delayed fertilization in Fagaceae.,2023,"Journal Article,Research Support, Non-U.S. Gov't",mutualist,P3,1,published_article_type,published_research_candidate,manual_biological_estimand_screen
doi:10.1071/bt23029,10.1071/bt23029,Seed biology can inform conservation actions: a case study on Geijera parviflora,2023,article,mutualist,P3,1,published_article_type,published_research_candidate,manual_biological_estimand_screen
doi:10.1111/gcb.16498,10.1111/gcb.16498,Simulated climate warming decreases fruit number but increases seed mass.,2023,Journal Article,mutualist,P3,1,published_article_type,published_research_candidate,manual_biological_estimand_screen
doi:10.5281/zenodo.7713766,10.5281/zenodo.7713766,Size-dependent sex allocation and the expression of andromonoecy in a protogynous perennial herb: both size and timing matter_AmNat_2023,2023,article,mutualist,P3,1,published_article_type,published_research_candidate,manual_biological_estimand_screen
doi:10.1093/hr/uhad016,10.1093/hr/uhad016,Strategies for fast breeding and improvement ofActinidiaspecies,2023,article,mutualist,P3,1,published_article_type,published_research_candidate,manual_biological_estimand_screen
doi:10.5281/zenodo.8387706,10.5281/zenodo.8387706,TILLING: Strategy and application in Crop Improvement,2023,article,mutualist,P3,1,published_article_type,published_research_candidate,manual_biological_estimand_screen
doi:10.3390/insects14030248,10.3390/insects14030248,"Temperature-Dependent Life Table Parameters of Brown Marmorated Stink Bug, Halyomorpha halys (Stål) (Hemiptera: Pentatomidae) in the United States.",2023,Journal Article,antagonist,P3,1,published_article_type,published_research_candidate,manual_biological_estimand_screen
doi:10.1086/726626,10.1086/726626,The Ecology of Hybrid Zone Formation and Maintenance in Impatiens,2023,article,mutualist,P3,1,published_article_type,published_research_candidate,manual_biological_estimand_screen
doi:10.1215/00029831-10575119,10.1215/00029831-10575119,The Many Ecologies of AI,2023,article,mutualist,P3,1,published_article_type,published_research_candidate,manual_biological_estimand_screen
doi:10.5091/plecevo.89362,10.5091/plecevo.89362,The reproductive traits that contribute to the invasive success of Mediterranean onionweed (Asphodelus fistulosus),2023,article,mutualist,P3,1,published_article_type,published_research_candidate,manual_biological_estimand_screen
doi:10.5281/zenodo.7580640,10.5281/zenodo.7580640,The role of floral traits in community assembly process at high elevations in Himalaya,2023,article,mutualist,P3,1,published_article_type,published_research_candidate,manual_biological_estimand_screen
doi:10.1111/1365-2745.14083,10.1111/1365-2745.14083,The role of floral traits in community assembly processes at high elevations in the Himalayas,2023,article,mutualist,P3,1,published_article_type,published_research_candidate,manual_biological_estimand_screen
doi:10.1111/plb.13530,10.1111/plb.13530,Time of day of leaf wounding determines plant biomass and affects the interplay between growth and defence in Brassica crops.,2023,Journal Article,antagonist,P3,1,published_article_type,published_research_candidate,manual_biological_estimand_screen
doi:10.1111/nph.17875,10.1111/nph.17875,"A crucial phase in plants – it's a gas, gas, gas!",2022,article,mutualist,P3,1,published_article_type,published_research_candidate,manual_biological_estimand_screen
doi:10.1093/jpe/rtac080,10.1093/jpe/rtac080,A new system for distinguishing native from exotic species in China,2022,article,mutualist,P3,1,published_article_type,published_research_candidate,manual_biological_estimand_screen
doi:10.3390/f13030424,10.3390/f13030424,Aerobiological Pollen Deposition and Transport of Fraxinus excelsior L. at a Small Spatial Scale,2022,article,mutualist,P3,1,published_article_type,published_research_candidate,manual_biological_estimand_screen
doi:10.1111/1365-2745.14046,10.1111/1365-2745.14046,Airborne cues accelerate flowering and promote photosynthesis in Brassica rapa,2022,article,antagonist,P3,1,published_article_type,published_research_candidate,manual_biological_estimand_screen
doi:10.3389/fpls.2022.929831,10.3389/fpls.2022.929831,Auxin Coordinates Achene and Receptacle Development During Fruit Initiation in Fragaria vesca,2022,article,mutualist,P3,1,published_article_type,published_research_candidate,manual_biological_estimand_screen
doi:10.3920/jiff2021.0214,10.3920/jiff2021.0214,Behaviour of two fly species reared for livestock feed: optimising production and insect welfare,2022,article,antagonist,P3,1,published_article_type,published_research_candidate,manual_biological_estimand_screen
doi:10.1111/1365-2656.13746,10.1111/1365-2656.13746,Behavioural and morphological traits influence sex-specific floral resource use by hummingbirds.,2022,"Journal Article,Research Support, Non-U.S. Gov't",mutualist,P3,1,published_article_type,published_research_candidate,manual_biological_estimand_screen
doi:10.1111/1365-2745.13938,10.1111/1365-2745.13938,Biological Flora of Britain and Ireland: Knautia arvensis,2022,article,antagonist;mutualist,P3,1,published_article_type,published_research_candidate,manual_biological_estimand_screen
doi:10.1111/1365-2745.13953,10.1111/1365-2745.13953,Biological flora of Britain and Ireland: Neottia nidus‐avis,2022,article,mutualist,P3,1,published_article_type,published_research_candidate,manual_biological_estimand_screen
doi:10.1093/jxb/erac252,10.1093/jxb/erac252,Bryophytes: how to conquer an alien planet and live happily (ever after),2022,article,antagonist,P3,1,published_article_type,published_research_candidate,manual_biological_estimand_screen
doi:10.1016/j.ibmb.2022.103862,10.1016/j.ibmb.2022.103862,"Classification and functional characterization of spidroin genes in a wandering spider, Pardosa pseudoannulata.",2022,"Journal Article,Research Support, Non-U.S. Gov't",antagonist,P3,1,published_article_type,published_research_candidate,manual_biological_estimand_screen
doi:10.1111/jbi.14375,10.1111/jbi.14375,Climate shapes community flowering periods across biomes,2022,article,mutualist,P3,1,published_article_type,published_research_candidate,manual_biological_estimand_screen
doi:10.3389/fpls.2022.945806,10.3389/fpls.2022.945806,Convergence without divergence in North American red-flowering Silene.,2022,Journal Article,mutualist,P3,1,published_article_type,published_research_candidate,manual_biological_estimand_screen
doi:10.14710/bioma.24.1.1-7,10.14710/bioma.24.1.1-7,Dampak Perubahan Iklim Terhadap Fenologi Phaseolus vulgaris L Faklutas Biologi Universitas Jenderal Soedirman,2022,article,mutualist,P3,1,published_article_type,published_research_candidate,manual_biological_estimand_screen
doi:10.1016/j.gecco.2022.e02265,10.1016/j.gecco.2022.e02265,Demographic study of a peripheral population of the rare amphicarpic species Scrophularia arguta,2022,article,antagonist;mutualist,P3,1,published_article_type,published_research_candidate,manual_biological_estimand_screen
doi:10.1111/mec.16467,10.1111/mec.16467,Differential temperature effects on photoperiodism in female voles: A possible explanation for declines in vole populations.,2022,"Journal Article,Research Support, Non-U.S. Gov't",antagonist,P3,1,published_article_type,published_research_candidate,manual_biological_estimand_screen
doi:10.3389/fevo.2021.802078,10.3389/fevo.2021.802078,Ecological Constraints on Sexual Selection in a Human-Modified Landscape,2022,article,antagonist,P3,1,published_article_type,published_research_candidate,manual_biological_estimand_screen
doi:10.1016/j.jtherbio.2022.103342,10.1016/j.jtherbio.2022.103342,Effect of water temperature on the duration of the internesting interval across sea turtle species.,2022,Journal Article,antagonist,P3,1,published_article_type,published_research_candidate,manual_biological_estimand_screen
doi:10.3389/fenvs.2022.1064170,10.3389/fenvs.2022.1064170,Effects of anomalous climatic events on the structure of fish larvae assemblages in the eastern Amazon,2022,article,antagonist,P3,1,published_article_type,published_research_candidate,manual_biological_estimand_screen
doi:10.1007/s40415-022-00787-3,10.1007/s40415-022-00787-3,Floral biology of two woody species of Dalbergia at high risk of timber extraction,2022,article,mutualist,P3,1,published_article_type,published_research_candidate,manual_biological_estimand_screen
doi:10.32854/agrop.v15i8.2259,10.32854/agrop.v15i8.2259,Flowering in Hylocereus spp.: comparative analysis and self-incompatibility,2022,article,mutualist,P3,1,published_article_type,published_research_candidate,manual_biological_estimand_screen
doi:10.1007/s00442-022-05139-2,10.1007/s00442-022-05139-2,High clutch failure rate due to unpredictable rainfall for an ephemeral pool-breeding frog.,2022,Journal Article,antagonist,P3,1,published_article_type,published_research_candidate,manual_biological_estimand_screen
doi:10.1086/720159,10.1086/720159,Hold on for One More Day: Energetic Costs of Oviductal Egg Retention in Eastern Musk Turtles (Sternotherus odoratus).,2022,Journal Article,antagonist,P3,1,published_article_type,published_research_candidate,manual_biological_estimand_screen
doi:10.17707/agricultforest.68.3.06,10.17707/agricultforest.68.3.06,IDENTIFICATION OF SELF INCOMPATIBILITY GENOTYPES IN SWEET CHERRY COMMERCIAL CULTIVARS,2022,article,mutualist,P3,1,published_article_type,published_research_candidate,manual_biological_estimand_screen
doi:10.1093/aob/mcac137,10.1093/aob/mcac137,Interspecific variation in resistance and tolerance to herbicide drift reveals potential consequences for plant community co-flowering interactions and structure at the agro-eco interface.,2022,"Journal Article,Research Support, Non-U.S. Gov't,Research Support, U.S. Gov't, Non-P.H.S.",mutualist,P3,1,published_article_type,published_research_candidate,manual_biological_estimand_screen
doi:10.3390/plants11060753,10.3390/plants11060753,Is the High Proportion of Males in a Population of the Self-Incompatible Fraxinus platypoda (Oleaceae) Indicative of True Androdioecy or Cryptic-Dioecy?,2022,Journal Article,mutualist,P3,1,published_article_type,published_research_candidate,manual_biological_estimand_screen
doi:10.21475/ajcs.22.16.09.p3602,10.21475/ajcs.22.16.09.p3602,Low spring temperature may negatively influence olive yield,2022,article,mutualist,P3,1,published_article_type,published_research_candidate,manual_biological_estimand_screen
doi:10.1017/s0007485321001139,10.1017/s0007485321001139,"Low temperature triggers physiological and behavioral shifts in adult oriental armyworm, Mythimna separata.",2022,Journal Article,antagonist,P3,1,published_article_type,published_research_candidate,manual_biological_estimand_screen
doi:10.1016/j.jaridenv.2022.104885,10.1016/j.jaridenv.2022.104885,Mating system of a Mammillaria magnimamma (Cactaceae) population of the semi-arid central Mexican region,2022,article,mutualist,P3,1,published_article_type,published_research_candidate,manual_biological_estimand_screen
doi:10.1016/j.baae.2022.07.007,10.1016/j.baae.2022.07.007,Microclimate influences plant reproductive performance via an antagonistic interaction,2022,article,antagonist,P3,1,published_article_type,published_research_candidate,manual_biological_estimand_screen
doi:10.2903/j.efsa.2022.7396,10.2903/j.efsa.2022.7396,Pest categorisation of Amathynetoides nitidiventris.,2022,Journal Article,antagonist,P3,1,published_article_type,published_research_candidate,manual_biological_estimand_screen
doi:10.1093/aob/mcac064,10.1093/aob/mcac064,Plant seeds and floristic preservation in the Anthropocene,2022,article,mutualist,P3,1,published_article_type,published_research_candidate,manual_biological_estimand_screen
doi:10.18520/cs/v123/i1/67-72,10.18520/cs/v123/i1/67-72,"Rarity Analysis of an Endangered Tropical Tree Species of the Western Ghats, India",2022,article,mutualist,P3,1,published_article_type,published_research_candidate,manual_biological_estimand_screen
doi:10.5091/plecevo.84464,10.5091/plecevo.84464,Reproductive biology and flower-visitor interactions of two bromeliad species from the Brazilian Atlantic Forest,2022,article,mutualist,P3,1,published_article_type,published_research_candidate,manual_biological_estimand_screen
doi:10.1080/11263504.2022.2089767,10.1080/11263504.2022.2089767,"Reproductive biology insights for the conservation of Euphorbia fontqueriana , a rare endangered plant species from the western Mediterranean Basin",2022,article,mutualist,P3,1,published_article_type,published_research_candidate,manual_biological_estimand_screen
doi:10.11609/jott.6381.14.4.20859-20865,10.11609/jott.6381.14.4.20859-20865,"Reproductive biology of two threatened and highly traded medicinal plants, Salacia gambleana and Salacia oblonga, from the Western Ghats of India",2022,article,mutualist,P3,1,published_article_type,published_research_candidate,manual_biological_estimand_screen
doi:10.3389/fgene.2022.819849,10.3389/fgene.2022.819849,SNP-Based Genome-Wide Association Mapping of Pollen Viability Under Heat Stress in Tropical Zea mays L. Inbred Lines.,2022,Journal Article,mutualist,P3,1,published_article_type,published_research_candidate,manual_biological_estimand_screen
doi:10.1007/s12224-022-09416-z,10.1007/s12224-022-09416-z,Secretion and use of nectar across floral longevity of the protandrous Tropaeolum pentaphyllum Lam. (Tropaeolaceae),2022,article,mutualist,P3,1,published_article_type,published_research_candidate,manual_biological_estimand_screen
doi:10.1002/ajb2.16047,10.1002/ajb2.16047,Selection against early flowering in geothermally heated soils is associated with pollen but not prey availability in a carnivorous plant.,2022,"Journal Article,Research Support, Non-U.S. Gov't",mutualist,P3,1,published_article_type,published_research_candidate,manual_biological_estimand_screen
doi:10.1038/s41598-022-16237-9,10.1038/s41598-022-16237-9,The Campsis-Icterus association as a model system for avian nectar-robbery studies.,2022,"Journal Article,Research Support, Non-U.S. Gov't",mutualist,P3,1,published_article_type,published_research_candidate,manual_biological_estimand_screen
doi:10.1093/icb/icac059,10.1093/icb/icac059,"The Invasion of the Land in Deep Time: Integrating Paleozoic Records of Paleobiology, Ichnology, Sedimentology, and Geomorphology.",2022,"Journal Article,Research Support, Non-U.S. Gov't",antagonist,P3,1,published_article_type,published_research_candidate,manual_biological_estimand_screen
doi:10.1111/brv.12828,10.1111/brv.12828,"The evolution, ecology, and conservation of hummingbirds and their interactions with flowering plants.",2022,"Journal Article,Research Support, Non-U.S. Gov't,Research Support, U.S. Gov't, Non-P.H.S.",mutualist,P3,1,published_article_type,published_research_candidate,manual_biological_estimand_screen
doi:10.1002/ajb2.16089,10.1002/ajb2.16089,The selective advantage of mast flowering in Veratrum album subsp. oxysepalum: Implications of the predator satiation hypothesis.,2022,"Journal Article,Research Support, Non-U.S. Gov't",antagonist;mutualist,P3,1,published_article_type,published_research_candidate,manual_biological_estimand_screen
doi:10.1007/s00606-022-01808-0,10.1007/s00606-022-01808-0,What explains the variation in length of stamens and styles in a pollen flower? a study exemplified by Macairea radula (Melastomataceae),2022,article,mutualist,P3,1,published_article_type,published_research_candidate,manual_biological_estimand_screen
doi:10.1007/s11258-020-01105-1,10.1007/s11258-020-01105-1,A case of gender equality: absence of sex-related costs in a dioecious tropical forest tree species,2021,article,mutualist,P3,1,published_article_type,published_research_candidate,manual_biological_estimand_screen
doi:10.1016/j.flora.2021.151923,10.1016/j.flora.2021.151923,Adaptive response of reproductive characteristics of Trifolium repens on time scale,2021,article,mutualist,P3,1,published_article_type,published_research_candidate,manual_biological_estimand_screen
doi:10.1111/gcb.15380,10.1111/gcb.15380,Advancing frost dates have reduced frost risk among most North American angiosperms since 1980.,2021,Journal Article,antagonist;mutualist,P3,1,published_article_type,published_research_candidate,manual_biological_estimand_screen
doi:10.1002/ece3.7193,10.1002/ece3.7193,Batesian mimicry in the nonrewarding saprophytic orchid Danxiaorchis yangii.,2021,Journal Article,mutualist,P3,1,published_article_type,published_research_candidate,manual_biological_estimand_screen
doi:10.1002/ajb2.1720,10.1002/ajb2.1720,Causes and consequences of variation in heterospecific pollen receipt in Oenothera fruticosa.,2021,"Journal Article,Research Support, U.S. Gov't, Non-P.H.S.",mutualist,P3,1,published_article_type,published_research_candidate,manual_biological_estimand_screen
doi:10.1111/gcb.15560,10.1111/gcb.15560,Climate warming causes mast seeding to break down by reducing sensitivity to weather cues.,2021,Journal Article,antagonist;mutualist,P3,1,published_article_type,published_research_candidate,manual_biological_estimand_screen
doi:10.1086/714274,10.1086/714274,Coevolutionary Arms Races and the Conditions for the Maintenance of Mutualism.,2021,Journal Article,mutualist,P3,1,published_article_type,published_research_candidate,manual_biological_estimand_screen
doi:10.1111/jen.12875,10.1111/jen.12875,Competitive strategies between Anastrepha fraterculus and Anastrepha obliqua (Diptera: Tephritidae) regulating the use of host fruits,2021,article,antagonist,P3,1,published_article_type,published_research_candidate,manual_biological_estimand_screen
doi:10.1111/1365-2745.13776,10.1111/1365-2745.13776,Co‐occurrence patterns at four spatial scales implicate reproductive processes in shaping community assembly in clovers,2021,article,mutualist,P3,1,published_article_type,published_research_candidate,manual_biological_estimand_screen
doi:10.1093/ee/nvab089,10.1093/ee/nvab089,Diapause Termination in Invasive Populations of the Brown Marmorated Stink Bug (Hemiptera: Pentatomidae) in Response to Photoperiod.,2021,"Journal Article,Research Support, U.S. Gov't, Non-P.H.S.",antagonist,P3,1,published_article_type,published_research_candidate,manual_biological_estimand_screen
doi:10.1093/ee/nvab039,10.1093/ee/nvab039,Effects of Agronomic Practices on Lygus spp. (Hemiptera: Miridae) Population Dynamics in Quinoa.,2021,"Journal Article,Research Support, U.S. Gov't, Non-P.H.S.",antagonist,P3,1,published_article_type,published_research_candidate,manual_biological_estimand_screen
doi:10.15496/publikation-59737,10.15496/publikation-59737,Effects of global change on plants: tracing the footprints of climate warming and land use from herbaria to forest understories.,2021,article,mutualist,P3,1,published_article_type,published_research_candidate,manual_biological_estimand_screen
doi:10.1016/j.biocontrol.2021.104741,10.1016/j.biocontrol.2021.104741,Elevated carbon dioxide reduces Aphis gossypii intrinsic increase rates without affecting Aphidius colemani parasitism rate,2021,article,antagonist,P3,1,published_article_type,published_research_candidate,manual_biological_estimand_screen
doi:10.1038/s41598-020-80704-4,10.1038/s41598-020-80704-4,Elevated temperatures diminish the effects of a highly resistant rice variety on the brown planthopper.,2021,"Journal Article,Research Support, Non-U.S. Gov't",antagonist,P3,1,published_article_type,published_research_candidate,manual_biological_estimand_screen
doi:10.1016/j.fcr.2021.108161,10.1016/j.fcr.2021.108161,"Factors determining the occurrence of floret sterility in rice in a hot and low-wind paddy field in Jianghan Basin, China",2021,article,mutualist,P3,1,published_article_type,published_research_candidate,manual_biological_estimand_screen
doi:10.3390/horticulturae7110508,10.3390/horticulturae7110508,Flowering Biology of Rhododendron pulchrum,2021,article,mutualist,P3,1,published_article_type,published_research_candidate,manual_biological_estimand_screen
doi:10.1016/j.scienta.2021.110268,10.1016/j.scienta.2021.110268,"Flowering characteristics and reproductive biology of Nymphaea hybrid, a precious water lily",2021,article,mutualist,P3,1,published_article_type,published_research_candidate,manual_biological_estimand_screen
titleyear:gv 6 prunus cerasus l|2021,,"GV-6 – нов перспективен генотип вишна (Prunus cerasus L.), селектиран в Изследователски институт по овощарство, Чачак",2021,article,mutualist,P3,1,published_article_type,published_research_candidate,manual_biological_estimand_screen
doi:10.17582/journal.jis/2021/7.2.312.217,10.17582/journal.jis/2021/7.2.312.217,"Host Plant Resistance, Physio-Morphic Character and Screening of Chickpea Pod Borer Helicoverpa armigera (Hübner)",2021,article,antagonist,P3,1,published_article_type,published_research_candidate,manual_biological_estimand_screen
doi:10.22077/jhpr.2021.4477.1226,10.22077/jhpr.2021.4477.1226,Identification of the pollinizer for a new almond genotype ‘Karaj 33’,2021,article,mutualist,P3,1,published_article_type,published_research_candidate,manual_biological_estimand_screen
doi:10.1111/1365-2745.13683,10.1111/1365-2745.13683,International Biological Flora: Nervilia nipponica,2021,article,antagonist,P3,1,published_article_type,published_research_candidate,manual_biological_estimand_screen
doi:10.1007/s10530-021-02626-0,10.1007/s10530-021-02626-0,Interspecific pollen transport between non-native fennel and an island endemic buckwheat: assessment of the magnet effect,2021,article,mutualist,P3,1,published_article_type,published_research_candidate,manual_biological_estimand_screen
doi:10.1016/j.heliyon.2021.e07645,10.1016/j.heliyon.2021.e07645,Intraspecific crossability and compatibility within Solanum aethiopicum.,2021,Journal Article,mutualist,P3,1,published_article_type,published_research_candidate,manual_biological_estimand_screen
doi:10.1590/0102-33062020abb0503,10.1590/0102-33062020abb0503,"Intraspecific variability of nectar attracts different bats: the case of Pseudalcantarea viridiflora, a bromeliad with crepuscular anthesis",2021,article,mutualist,P3,1,published_article_type,published_research_candidate,manual_biological_estimand_screen
doi:10.1093/jpe/rtab047,10.1093/jpe/rtab047,Major advances in plant ecology research in China (2020),2021,article,antagonist,P3,1,published_article_type,published_research_candidate,manual_biological_estimand_screen
doi:10.1093/jee/toab063,10.1093/jee/toab063,Male Impact on Female Reproductive Performance of the Larval Tephritid Parasitoid Diachasmimorpha tryoni (Hymenoptera: Braconidae).,2021,Journal Article,antagonist,P3,1,published_article_type,published_research_candidate,manual_biological_estimand_screen
doi:10.1016/j.cub.2021.06.007,10.1016/j.cub.2021.06.007,Masting,2021,article,mutualist,P3,1,published_article_type,published_research_candidate,manual_biological_estimand_screen
doi:10.29235/1029-8940-2021-66-3-339-344,10.29235/1029-8940-2021-66-3-339-344,Morphobiological properties of Belarusian varieties of Korean chrysanthemum (Chrysanthemum coreanum),2021,article,mutualist,P3,1,published_article_type,published_research_candidate,manual_biological_estimand_screen
doi:10.3389/fevo.2021.617969,10.3389/fevo.2021.617969,"Natural and Cultural Processes Influencing Gene Flow Among Wild (atoq papa), Weedy (araq papa and k’ipa papa), and Crop Potatoes in the Andean Region of Southern Peru",2021,article,mutualist,P3,1,published_article_type,published_research_candidate,manual_biological_estimand_screen
doi:10.1007/s10493-021-00630-6,10.1007/s10493-021-00630-6,Photoperiodic control of reproductive arrest in the oak-inhabiting spider mite Schizotetranychus brevisetosus (Acari: Tetranychidae).,2021,Journal Article,antagonist,P3,1,published_article_type,published_research_candidate,manual_biological_estimand_screen
doi:10.1111/evo.14364,10.1111/evo.14364,Rapid divergent evolution of an annual plant across a latitudinal gradient revealed by seed resurrection.,2021,"Journal Article,Research Support, Non-U.S. Gov't",mutualist,P3,1,published_article_type,published_research_candidate,manual_biological_estimand_screen
doi:10.1016/j.japb.2021.01.003,10.1016/j.japb.2021.01.003,"Reproductive biology of East Indian satinwood (Chloroxylon swietenia DC., Rutaceae: Sapindales), a threatened timber-yielding tree",2021,article,mutualist,P3,1,published_article_type,published_research_candidate,manual_biological_estimand_screen
doi:10.11609/jott.6741.13.13.20056-20065,10.11609/jott.6741.13.13.20056-20065,"Reproductive biology of Ophiorrhiza caudata C.E.C.Fisch. (Rubiaceae), an endemic and endangered creeping perennial herb of the Western Ghats, India",2021,article,mutualist,P3,1,published_article_type,published_research_candidate,manual_biological_estimand_screen
doi:10.13057/biodiv/d221025,10.13057/biodiv/d221025,Reproductive biology of Vatica venulosa Blume (Dipterocarpaceae),2021,article,mutualist,P3,1,published_article_type,published_research_candidate,manual_biological_estimand_screen
doi:10.1016/j.foreco.2021.119215,10.1016/j.foreco.2021.119215,"Reproductive resilience to habitat fragmentation of Lithraea molleoides (Anacardiaceae), a dominant dioecious tree from the Chaco Serrano",2021,article,mutualist,P3,1,published_article_type,published_research_candidate,manual_biological_estimand_screen
doi:10.1371/journal.pone.0250335,10.1371/journal.pone.0250335,Research on the reproductive biological characteristics of Amomum villosum Lour. and Amomum longiligulare T. L. Wu.,2021,"Journal Article,Research Support, Non-U.S. Gov't",mutualist,P3,1,published_article_type,published_research_candidate,manual_biological_estimand_screen
doi:10.1002/ajb2.1768,10.1002/ajb2.1768,Selective forces on the maintenance of outcrossing in an almost exclusively cleistogamous violet species.,2021,"Journal Article,Research Support, Non-U.S. Gov't",antagonist;mutualist,P3,1,published_article_type,published_research_candidate,manual_biological_estimand_screen
doi:10.1002/ajb2.1704,10.1002/ajb2.1704,Sexual dimorphism in the dioecious willow Salix purpurea.,2021,"Journal Article,Research Support, Non-U.S. Gov't,Research Support, U.S. Gov't, Non-P.H.S.",mutualist,P3,1,published_article_type,published_research_candidate,manual_biological_estimand_screen
doi:10.5958/2249-5258.2021.00022.1,10.5958/2249-5258.2021.00022.1,Significance of pollinizers in arid fruit culture: A review,2021,article,mutualist,P3,1,published_article_type,published_research_candidate,manual_biological_estimand_screen
doi:10.1111/gcbb.12900,10.1111/gcbb.12900,Sustainable aviation fuel production from Brassica carinata in the Southern United States,2021,article,mutualist,P3,1,published_article_type,published_research_candidate,manual_biological_estimand_screen
doi:10.13080/z-a.2021.108.035,10.13080/z-a.2021.108.035,The effect of genotype and temperature interaction on pollen performance in the pistils of autochthonous sour cherry cultivar ‘Feketićka’,2021,article,mutualist,P3,1,published_article_type,published_research_candidate,manual_biological_estimand_screen
doi:10.1086/714937,10.1086/714937,Thomas H. Kunz,2021,article,mutualist,P3,1,published_article_type,published_research_candidate,manual_biological_estimand_screen
doi:10.3390/insects12080687,10.3390/insects12080687,Timing Is Everything. Temporal and Spatial Niche Segregation in Curculio spp. (Coleoptera: Curculionidae) Associated with Oak Trees.,2021,Journal Article,antagonist,P3,1,published_article_type,published_research_candidate,manual_biological_estimand_screen
doi:10.1073/pnas.2023691118,10.1073/pnas.2023691118,Timing outweighs magnitude of rainfall in shaping population dynamics of a small mammal species in steppe grassland.,2021,"Journal Article,Research Support, Non-U.S. Gov't",antagonist,P3,1,published_article_type,published_research_candidate,manual_biological_estimand_screen
doi:10.1002/ajb2.1742,10.1002/ajb2.1742,Understanding plant microbiomes requires a genotype × environment framework,2021,article,antagonist,P3,1,published_article_type,published_research_candidate,manual_biological_estimand_screen
doi:10.1016/j.scitotenv.2020.144899,10.1016/j.scitotenv.2020.144899,Warming and elevated CO(2) induces changes in the reproductive dynamics of a tropical plant species.,2021,Journal Article,mutualist,P3,1,published_article_type,published_research_candidate,manual_biological_estimand_screen
doi:10.1111/aec.13052,10.1111/aec.13052,What's hot and what's not – Identifying publication trends in insect ecology,2021,article,antagonist,P3,1,published_article_type,published_research_candidate,manual_biological_estimand_screen
doi:10.1093/af/vfab026,10.1093/af/vfab026,Why were New World rabbits not domesticated?,2021,article,antagonist,P3,1,published_article_type,published_research_candidate,manual_biological_estimand_screen
doi:10.1590/2175-7860202071030,10.1590/2175-7860202071030,"Acnistus arborescens (Solanaceae): an important food resource for birds in an Atlantic Forest site, Southeastern Brazil",2020,article,mutualist,P3,1,published_article_type,published_research_candidate,manual_biological_estimand_screen
doi:10.2987/8756-971x-36.4.284,10.2987/8756-971x-36.4.284,Author/Title Index 2020,2020,article,antagonist,P3,1,published_article_type,published_research_candidate,manual_biological_estimand_screen
doi:10.1111/1365-2745.13336,10.1111/1365-2745.13336,Biological Flora of the British Isles: Crassula helmsii,2020,article,antagonist;mutualist,P3,1,published_article_type,published_research_candidate,manual_biological_estimand_screen
doi:10.1093/jme/tjaa126,10.1093/jme/tjaa126,"Biological, Ecological, and Distributional Aspects of Two Native Species of Lucilia Genus (Diptera: Calliphoridae) of Forensic Interest in Yungas Environments of Argentina.",2020,"Journal Article,Research Support, Non-U.S. Gov't",antagonist,P3,1,published_article_type,published_research_candidate,manual_biological_estimand_screen
doi:10.1071/cp19451,10.1071/cp19451,Biology of Brassica tournefortii in the northern grains region of Australia,2020,article,mutualist,P3,1,published_article_type,published_research_candidate,manual_biological_estimand_screen
doi:10.3390/insects11030142,10.3390/insects11030142,Can Cities Activate Sleeper Species and Predict Future Forest Pests? A Case Study of Scale Insects.,2020,Journal Article,antagonist,P3,1,published_article_type,published_research_candidate,manual_biological_estimand_screen
doi:10.1038/s41598-020-59063-7,10.1038/s41598-020-59063-7,Developmental and sexual divergence in the olfactory system of the marine insect Clunio marinus,2020,article,antagonist,P3,1,published_article_type,published_research_candidate,manual_biological_estimand_screen
doi:10.1002/ecy.3171,10.1002/ecy.3171,"Early snowmelt and warmer, drier summers shrink postflowering transition times in subalpine wildflowers",2020,article,antagonist,P3,1,published_article_type,published_research_candidate,manual_biological_estimand_screen
doi:10.1007/s11829-020-09793-2,10.1007/s11829-020-09793-2,Early snowmelt reduces aphid abundance (Aphis asclepiadis) by creating water-stressed host plants (Ligusticum porteri) and altering interactions with ants,2020,article,antagonist,P3,1,published_article_type,published_research_candidate,manual_biological_estimand_screen
doi:10.1093/jee/toz366,10.1093/jee/toz366,Effect of Different Fruit Developmental Stages and Biochemical Metabolites of Pomegranate (Ponicaceae) on Life History Parameters of Ectomyelois ceratoniae (Lepidoptera: Pyralidae).,2020,"Journal Article,Research Support, Non-U.S. Gov't",antagonist,P3,1,published_article_type,published_research_candidate,manual_biological_estimand_screen
doi:10.1038/s41598-020-62538-2,10.1038/s41598-020-62538-2,Exploring the role of host specialisation and oxidative stress in interspecific lifespan variation in subtropical tephritid flies.,2020,"Journal Article,Research Support, Non-U.S. Gov't",antagonist,P3,1,published_article_type,published_research_candidate,manual_biological_estimand_screen
doi:10.1111/1442-1984.12279,10.1111/1442-1984.12279,"Floral biology and potential hybridization of three sympatric epiphytic bromeliads in Veracruz, Mexico",2020,article,mutualist,P3,1,published_article_type,published_research_candidate,manual_biological_estimand_screen
doi:10.1111/pbi.13463,10.1111/pbi.13463,Flowering Locus T chimeric protein induces floral precocity in edible citrus,2020,article,mutualist,P3,1,published_article_type,published_research_candidate,manual_biological_estimand_screen
doi:10.1007/s00035-020-00231-w,10.1007/s00035-020-00231-w,Flowering patterns change along elevational gradients and relate to life-history strategies in 29 herbaceous species,2020,article,mutualist,P3,1,published_article_type,published_research_candidate,manual_biological_estimand_screen
doi:10.1016/j.scienta.2020.109797,10.1016/j.scienta.2020.109797,General and specific combining ability in the selection of polliniser cultivars of hybrid pear trees (Pyrus communis x P. pyrifolia),2020,article,mutualist,P3,1,published_article_type,published_research_candidate,manual_biological_estimand_screen
doi:10.1007/s11829-020-09750-z,10.1007/s11829-020-09750-z,High temperatures reduce nutrients and defense compounds against generalist Spodoptera litura F. in Rorippa dubia,2020,article,antagonist,P3,1,published_article_type,published_research_candidate,manual_biological_estimand_screen
doi:10.1093/treephys/tpaa003,10.1093/treephys/tpaa003,Insect feeding location determines interactions between biotic and environmental stressors in trees,2020,article,antagonist,P3,1,published_article_type,published_research_candidate,manual_biological_estimand_screen
doi:10.1111/gcb.14945,10.1111/gcb.14945,"Investigating the relationship between climate, stand age, and temporal trends in masting behavior of European forest trees.",2020,"Journal Article,Research Support, Non-U.S. Gov't",mutualist,P3,1,published_article_type,published_research_candidate,manual_biological_estimand_screen
doi:10.1098/rsbl.2020.0511,10.1098/rsbl.2020.0511,Multivariate phenotypic divergence along an urbanization gradient.,2020,"Journal Article,Research Support, Non-U.S. Gov't",mutualist,P3,1,published_article_type,published_research_candidate,manual_biological_estimand_screen
doi:10.1038/s41477-020-0702-7,10.1038/s41477-020-0702-7,Nutrient scarcity cannot cause mast seeding,2020,article,mutualist,P3,1,published_article_type,published_research_candidate,manual_biological_estimand_screen
doi:10.1636/0161-8202-48.1.49,10.1636/0161-8202-48.1.49,Observations on the life history and ecology of Clubiona pacifica Banks in Washington State (Araneae: Clubionidae),2020,article,antagonist,P3,1,published_article_type,published_research_candidate,manual_biological_estimand_screen
doi:10.1002/aps3.11371,10.1002/aps3.11371,Plants meet machines: Prospects in machine learning for plant biology,2020,article,antagonist;mutualist,P3,1,published_article_type,published_research_candidate,manual_biological_estimand_screen
doi:10.3389/fpls.2020.563110,10.3389/fpls.2020.563110,Reproductive Assurance Maintains Red-Flowered Plants of Lysimachia arvensis in Mediterranean Populations Despite Inbreeding Depression.,2020,Journal Article,mutualist,P3,1,published_article_type,published_research_candidate,manual_biological_estimand_screen
doi:10.1080/11263504.2020.1852328,10.1080/11263504.2020.1852328,"Reproductive ecology of Saxifraga florulenta , a monocarpic perennial paleo-endemic of the Alps",2020,article,mutualist,P3,1,published_article_type,published_research_candidate,manual_biological_estimand_screen
doi:10.1007/s00027-020-0709-1,10.1007/s00027-020-0709-1,Resilience of pond communities to extreme thermal regime shifts: an alpine–montane reciprocal transplant experiment,2020,article,antagonist,P3,1,published_article_type,published_research_candidate,manual_biological_estimand_screen
doi:10.3390/agronomy10091372,10.3390/agronomy10091372,S-Genotyping and Seed Paternity Testing of the Pear Cultivar ‘Celina’,2020,article,mutualist,P3,1,published_article_type,published_research_candidate,manual_biological_estimand_screen
doi:10.3390/agronomy10070970,10.3390/agronomy10070970,Success Rate of Individual Pollinizers for the Pear Cultivars “Ingeborg” and “Celina” in a Nordic Climate,2020,article,mutualist,P3,1,published_article_type,published_research_candidate,manual_biological_estimand_screen
doi:10.1007/s10526-020-10023-0,10.1007/s10526-020-10023-0,"Tamarixia triozae, an important parasitoid of Bactericera cockerelli: circadian rhythms and their implications in pest management",2020,article,antagonist,P3,1,published_article_type,published_research_candidate,manual_biological_estimand_screen
doi:10.1093/botlinnean/boaa069,10.1093/botlinnean/boaa069,The enduring value of specimen-based research: a response to Surveswaranet al.(2020),2020,article,mutualist,P3,1,published_article_type,published_research_candidate,manual_biological_estimand_screen
doi:10.1016/j.cub.2020.03.029,10.1016/j.cub.2020.03.029,The island syndrome,2020,article,antagonist;mutualist,P3,1,published_article_type,published_research_candidate,manual_biological_estimand_screen
doi:10.1111/gcb.15458,10.1111/gcb.15458,The neglected season: Warmer autumns counteract harsher winters and promote population growth in Arctic reindeer.,2020,Journal Article,antagonist,P3,1,published_article_type,published_research_candidate,manual_biological_estimand_screen
doi:10.1002/ece3.6176,10.1002/ece3.6176,Urbanization alters plastic responses in the common dandelion Taraxacum officinale.,2020,Journal Article,antagonist,P3,1,published_article_type,published_research_candidate,manual_biological_estimand_screen
doi:10.1002/ajb2.1466,10.1002/ajb2.1466,Whole genome duplication does not promote common modes of reproductive isolation in Trifolium pratense.,2020,"Journal Article,Research Support, Non-U.S. Gov't,Research Support, U.S. Gov't, Non-P.H.S.",mutualist,P3,1,published_article_type,published_research_candidate,manual_biological_estimand_screen
titleyear:rvores de qualea grandiflora mart vochysiaceae na beira das estradas est o reprodutivamente isoladas um estudo com m ltipla abordagem are trees of qualea grandiflora mart vochysiaceae at roadsides reproductively isolated a multiply approach study are trees of qualea grandiflora mart vochysiaceae at roadsides reproductively isolated a multiply approach study|2020,,Árvores de Qualea grandiflora Mart. (Vochysiaceae) na beira das estradas estão reprodutivamente isoladas? : um estudo com múltipla abordagem = Are trees of Qualea grandiflora Mart. (Vochysiaceae) at roadsides reproductively isolated? : a multiply approach study: Are trees of Qualea grandiflora Mart. (Vochysiaceae) at roadsides reproductively isolated? : a multiply approach study,2020,article,mutualist,P3,1,published_article_type,published_research_candidate,manual_biological_estimand_screen
doi:10.17707/agricultforest.65.4.19,10.17707/agricultforest.65.4.19,'KHODERI' OLIVE CULTIVAR AS AN EFFICIENT POLLINISER FOR SOME FRENCH AND ITALIAN OLIVE CULTIVARS,2019,article,mutualist,P3,1,published_article_type,published_research_candidate,manual_biological_estimand_screen
doi:10.1186/s12862-019-1399-y,10.1186/s12862-019-1399-y,A comparison of reproductive isolation between two closely related oak species in zones of recent and ancient secondary contact.,2019,"Journal Article,Research Support, Non-U.S. Gov't",mutualist,P3,1,published_article_type,published_research_candidate,manual_biological_estimand_screen
doi:10.1111/1365-2745.13259,10.1111/1365-2745.13259,"Altered leaf elemental composition with climate change is linked to reductions in photosynthesis, growth and survival in a semi‐arid shrubland",2019,article,antagonist,P3,1,published_article_type,published_research_candidate,manual_biological_estimand_screen
doi:10.1111/pbi.13146,10.1111/pbi.13146,An exposure pathway‐based risk assessment system for GM plants,2019,article,mutualist,P3,1,published_article_type,published_research_candidate,manual_biological_estimand_screen
doi:10.1016/j.ecolind.2019.03.007,10.1016/j.ecolind.2019.03.007,Are reproductive traits of dominant species associated with specific resource allocation strategies during forest succession in southern China?,2019,article,mutualist,P3,1,published_article_type,published_research_candidate,manual_biological_estimand_screen
doi:10.11606/issn.2316-9079.v18i2p209-223,10.11606/issn.2316-9079.v18i2p209-223,Autecology of the lizard Colobosauroides cearensis (Squamata: Gymnophthalmidae) from Brazilian semiarid Caatinga,2019,article,antagonist,P3,1,published_article_type,published_research_candidate,manual_biological_estimand_screen
doi:10.13140/rg.2.2.21554.43200,10.13140/rg.2.2.21554.43200,Characterization of Ber (Ziziphus mauritiana) Genotypes,2019,article,mutualist,P3,1,published_article_type,published_research_candidate,manual_biological_estimand_screen
doi:10.1002/eap.1948,10.1002/eap.1948,Climate and disturbance influence self-sustaining stand dynamics of aspen (Populus tremuloides) near its range margin.,2019,"Journal Article,Research Support, Non-U.S. Gov't",antagonist,P3,1,published_article_type,published_research_candidate,manual_biological_estimand_screen
doi:10.1111/1365-2745.13304,10.1111/1365-2745.13304,Climate‐driven evolutionary change in reproductive and early‐acting life‐history traits in the perennial grass Festuca ovina,2019,article,mutualist,P3,1,published_article_type,published_research_candidate,manual_biological_estimand_screen
doi:10.1111/een.12720,10.1111/een.12720,Dracula orchids exploit guilds of fungus visiting flies: new perspectives on a mushroom mimic,2019,article,mutualist,P3,1,published_article_type,published_research_candidate,manual_biological_estimand_screen
doi:10.3897/herpetozoa.32.e35825,10.3897/herpetozoa.32.e35825,Early onset of breeding season in the green toad Bufotes viridis in Western Poland,2019,article,antagonist,P3,1,published_article_type,published_research_candidate,manual_biological_estimand_screen
doi:10.9734/ejnfs/2019/v11i230140,10.9734/ejnfs/2019/v11i230140,"Environmental Risk Assessment of Glufosinate-Tolerant Genetically Modified Oilseed Rape T45 for Food and Feed Uses, Import and Processing under Regulation (EC) No 1829/2003 (Application EFSA/GMO/UK/2005/25)",2019,article,mutualist,P3,1,published_article_type,published_research_candidate,manual_biological_estimand_screen
doi:10.5091/plecevo.2019.1537,10.5091/plecevo.2019.1537,Floral resource availability of Dicliptera squarrosa (Acanthaceae) and its dependence on hummingbirds for fruit formation in a forest fragment of Central Brazil,2019,article,mutualist,P3,1,published_article_type,published_research_candidate,manual_biological_estimand_screen
doi:10.15547/ast.2019.04.059,10.15547/ast.2019.04.059,Flower characteristics and sexual compatibility of Italian olive cultivar Coratina under Syrian coast conditions,2019,article,mutualist,P3,1,published_article_type,published_research_candidate,manual_biological_estimand_screen
doi:10.1371/journal.pone.0221898,10.1371/journal.pone.0221898,Functional androdioecy in the ornamental shrub Osmanthus delavayi (Oleaceae).,2019,"Journal Article,Research Support, Non-U.S. Gov't",mutualist,P3,1,published_article_type,published_research_candidate,manual_biological_estimand_screen
doi:10.1093/botlinnean/boz083,10.1093/botlinnean/boz083,Genetic diversity and reproductive biology of the dioecious and epiphytic bromeliad Aechmea mariae-reginae (Bromeliaceae) in Costa Rica: implications for its conservation,2019,article,mutualist,P3,1,published_article_type,published_research_candidate,manual_biological_estimand_screen
doi:10.1002/ece3.4970,10.1002/ece3.4970,Getting ready for the winter: Timing and determinants of molt in an alpine ungulate.,2019,Journal Article,antagonist,P3,1,published_article_type,published_research_candidate,manual_biological_estimand_screen
doi:10.22120/jwb.2019.105061.1059,10.22120/jwb.2019.105061.1059,Golestan National Park zoning re-evaluation based on higher species richness hotspots,2019,article,antagonist,P3,1,published_article_type,published_research_candidate,manual_biological_estimand_screen
doi:10.1002/ajb2.1336,10.1002/ajb2.1336,Hermaphroditism promotes mate diversity in flowering plants,2019,article,mutualist,P3,1,published_article_type,published_research_candidate,manual_biological_estimand_screen
doi:10.1111/wre.12361,10.1111/wre.12361,Influence of multiple herbicide resistance on growth in Amaranthus tuberculatus,2019,article,mutualist,P3,1,published_article_type,published_research_candidate,manual_biological_estimand_screen
doi:10.1002/ajb2.1400,10.1002/ajb2.1400,Integrated empirical approaches to better understand species’ range limits,2019,article,mutualist,P3,1,published_article_type,published_research_candidate,manual_biological_estimand_screen
doi:10.1105/tpc.19.00195,10.1105/tpc.19.00195,"Loss of Function, a Strategy for Adaptation in Arabidopsis",2019,article,mutualist,P3,1,published_article_type,published_research_candidate,manual_biological_estimand_screen
doi:10.1002/ajb2.1409,10.1002/ajb2.1409,Mining new sources of natural history observations for disease interactions,2019,article,mutualist,P3,1,published_article_type,published_research_candidate,manual_biological_estimand_screen
doi:10.1016/j.scienta.2019.03.013,10.1016/j.scienta.2019.03.013,Morphological and physiological features of sweet cherry floral organ affecting the potential fruit crop in relation to the rootstock,2019,article,mutualist,P3,1,published_article_type,published_research_candidate,manual_biological_estimand_screen
doi:10.1016/j.cub.2019.07.018,10.1016/j.cub.2019.07.018,Noise pollution,2019,article,antagonist,P3,1,published_article_type,published_research_candidate,manual_biological_estimand_screen
doi:10.1007/s10592-019-01158-4,10.1007/s10592-019-01158-4,Paternity analysis reveals constraints on hybridization potential between native and introduced bluebells (Hyacinthoides),2019,article,mutualist,P3,1,published_article_type,published_research_candidate,manual_biological_estimand_screen
doi:10.3389/fevo.2019.00473,10.3389/fevo.2019.00473,Pathogenic Dynamics During Colony Ontogeny Reinforce Potential Drivers of Termite Eusociality: Mate Assistance and Biparental Care,2019,article,antagonist,P3,1,published_article_type,published_research_candidate,manual_biological_estimand_screen
doi:10.1111/1365-2745.13240,10.1111/1365-2745.13240,Phenotypic but not genotypic selection for earlier flowering in a perennial herb,2019,article,antagonist;mutualist,P3,1,published_article_type,published_research_candidate,manual_biological_estimand_screen
doi:10.9734/ejnfs/2019/v11i230142,10.9734/ejnfs/2019/v11i230142,"Preliminary Environmental Risk Assessment of Genetically Modified Oilseed Rape MON 88302 for Food and Feed Uses, Import and Processing under Regulation (EC) No 1829/2003 (Application EFSA/GMO/BE/2011/101)",2019,article,mutualist,P3,1,published_article_type,published_research_candidate,manual_biological_estimand_screen
doi:10.71318/apom.2019.73.1.12,10.71318/apom.2019.73.1.12,Regional Evaluation of Seven Newly Introduced Sweet Cherry Cultivars in North-East of Iran (Shahrood),2019,article,mutualist,P3,1,published_article_type,published_research_candidate,manual_biological_estimand_screen
doi:10.1007/s10340-019-01113-9,10.1007/s10340-019-01113-9,Relative polyphagy of “Mediterranean” cryptic Bemisia tabaci whitefly species and global pest status implications,2019,article,antagonist,P3,1,published_article_type,published_research_candidate,manual_biological_estimand_screen
doi:10.5539/jas.v11n8p156,10.5539/jas.v11n8p156,Reproductive Biology and Flowering of Feijoa (Acca sellowiana (Berg) Burret) in Areas of Marginal Occurrence,2019,article,mutualist,P3,1,published_article_type,published_research_candidate,manual_biological_estimand_screen
doi:10.1071/bt18159,10.1071/bt18159,Reproductive biology of duodichogamous Koelreuteria elegans (Sapindaceae): the rare case of a female–male–female flowering sequence,2019,article,mutualist,P3,1,published_article_type,published_research_candidate,manual_biological_estimand_screen
doi:10.3906/bot-1808-52,10.3906/bot-1808-52,Reproductive ecology of Seselighafoorianum (Apiaceae) restricted to rocky cliffs in Iran,2019,article,mutualist,P3,1,published_article_type,published_research_candidate,manual_biological_estimand_screen
doi:10.1007/s00484-018-1645-9,10.1007/s00484-018-1645-9,Response of stigma receptivity in CMS and male fertile line of Indian mustard (B. juncea) under variable thermal conditions.,2019,Journal Article,mutualist,P3,1,published_article_type,published_research_candidate,manual_biological_estimand_screen
doi:10.1007/s11538-019-00663-4,10.1007/s11538-019-00663-4,Revealing Evolutionarily Optimal Strategies in Self-Reproducing Systems via a New Computational Approach.,2019,"Journal Article,Research Support, Non-U.S. Gov't",antagonist,P3,1,published_article_type,published_research_candidate,manual_biological_estimand_screen
doi:10.1007/s12229-019-09206-x,10.1007/s12229-019-09206-x,"Risk Analysis of Gene Flow from Cultivated, Addictive, Social-Drug Plants to Wild Relatives",2019,article,antagonist,P3,1,published_article_type,published_research_candidate,manual_biological_estimand_screen
doi:10.1086/707141,10.1086/707141,The Evolution of Functional Traits in Plants: Is the Giant Still Sleeping?,2019,article,mutualist,P3,1,published_article_type,published_research_candidate,manual_biological_estimand_screen
doi:10.1111/nph.16222,10.1111/nph.16222,"The ecology, evolution, and genetics of plant reproductive systems",2019,article,mutualist,P3,1,published_article_type,published_research_candidate,manual_biological_estimand_screen
doi:10.1186/s12870-019-1908-6,10.1186/s12870-019-1908-6,Time-series transcriptome provides insights into the gene regulation network involved in the volatile terpenoid metabolism during the flower development of lavender.,2019,Journal Article,antagonist;mutualist,P3,1,published_article_type,published_research_candidate,manual_biological_estimand_screen
doi:10.3390/biology8030062,10.3390/biology8030062,Uncovering Olive Biodiversity through Analysis of Floral and Fruiting Biology and Assessment of Genetic Diversity of 120 Italian Cultivars with Minor or Marginal Diffusion.,2019,Journal Article,mutualist,P3,1,published_article_type,published_research_candidate,manual_biological_estimand_screen
doi:10.25773/v5-m00e-k588,10.25773/v5-m00e-k588,Unexplored Aspects Of The Biotic Filter To Seedling Recruitment In Aquatic Environments,2019,article,antagonist,P3,1,published_article_type,published_research_candidate,manual_biological_estimand_screen
doi:10.7717/peerj.4971,10.7717/peerj.4971,Biomechanical evidence suggests extensive eggshell thinning during incubation in the Sanagasta titanosaur dinosaurs.,2018,Journal Article,antagonist,P3,1,published_article_type,published_research_candidate,manual_biological_estimand_screen
doi:10.1002/ajb2.1170,10.1002/ajb2.1170,Can plants evolve to meet a changing climate? The potential of field experimental evolution studies,2018,article,antagonist;mutualist,P3,1,published_article_type,published_research_candidate,manual_biological_estimand_screen
doi:10.7717/peerj.4256,10.7717/peerj.4256,Characterization of sympatric Platanthera bifolia and Platanthera chlorantha (Orchidaceae) populations with intermediate plants.,2018,Journal Article,mutualist,P3,1,published_article_type,published_research_candidate,manual_biological_estimand_screen
doi:10.1002/ecm.1335,10.1002/ecm.1335,Chemistry of floral rewards: intra‐ and interspecific variability of nectar and pollen secondary metabolites across taxa,2018,article,antagonist;mutualist,P3,1,published_article_type,published_research_candidate,manual_biological_estimand_screen
doi:10.1111/gcb.14031,10.1111/gcb.14031,Climate warming and land-use changes drive broad-scale floristic changes in Southern Sweden.,2018,"Journal Article,Research Support, Non-U.S. Gov't",mutualist,P3,1,published_article_type,published_research_candidate,manual_biological_estimand_screen
doi:10.1111/nph.15340,10.1111/nph.15340,Correlated evolution of self and interspecific incompatibility across the range of a Texas wildflower,2018,article,mutualist,P3,1,published_article_type,published_research_candidate,manual_biological_estimand_screen
doi:10.1007/s10265-018-1016-y,10.1007/s10265-018-1016-y,Delayed selfing ensures reproductive assurance in Utricularia praeterita and Utricularia babui in Western Ghats.,2018,Journal Article,mutualist,P3,1,published_article_type,published_research_candidate,manual_biological_estimand_screen
doi:10.1002/ece3.3824,10.1002/ece3.3824,Differences among six woody perennials native to Northern Europe in their level of genetic differentiation and adaptive potential at fine local scale.,2018,Journal Article,mutualist,P3,1,published_article_type,published_research_candidate,manual_biological_estimand_screen
doi:10.1111/evo.13476,10.1111/evo.13476,Differential adaptation to a harsh granite outcrop habitat between sympatric Mimulus species.,2018,"Journal Article,Research Support, Non-U.S. Gov't,Research Support, U.S. Gov't, Non-P.H.S.",antagonist,P3,1,published_article_type,published_research_candidate,manual_biological_estimand_screen
doi:10.1007/s00442-018-4069-7,10.1007/s00442-018-4069-7,Effectiveness of predator satiation in masting oaks is negatively affected by conspecific density.,2018,Journal Article,antagonist,P3,1,published_article_type,published_research_candidate,manual_biological_estimand_screen
doi:10.1177/0748730418772175,10.1177/0748730418772175,Effects of Light and Temperature on Daily Activity and Clock Gene Expression in Two Mosquito Disease Vectors.,2018,"Journal Article,Research Support, Non-U.S. Gov't",antagonist,P3,1,published_article_type,published_research_candidate,manual_biological_estimand_screen
doi:10.1098/rspb.2018.0632,10.1098/rspb.2018.0632,"Evidence for atypical nest overwintering by hatchling lizards, Heloderma suspectum.",2018,"Journal Article,Research Support, Non-U.S. Gov't",antagonist,P3,1,published_article_type,published_research_candidate,manual_biological_estimand_screen
doi:10.1093/aob/mcx136,10.1093/aob/mcx136,Fire timing in relation to masting: an important determinant of post-fire recruitment success for the obligate-seeding arid zone soft spinifex (Triodia pungens).,2018,Journal Article,antagonist,P3,1,published_article_type,published_research_candidate,manual_biological_estimand_screen
doi:10.4172/2376-0354.1000223,10.4172/2376-0354.1000223,Floral Morphology Differs Among New Northern Highbush Blueberry Cultivars,2018,article,mutualist,P3,1,published_article_type,published_research_candidate,manual_biological_estimand_screen
doi:10.1038/s41438-018-0113-3,10.1038/s41438-018-0113-3,Hybrids without hybridization—can it revolutionize horticulture?,2018,article,mutualist,P3,1,published_article_type,published_research_candidate,manual_biological_estimand_screen
doi:10.1111/jipb.12718,10.1111/jipb.12718,Incomplete reproductive isolation betweenRhododendrontaxa enables hybrid formation and persistence,2018,article,mutualist,P3,1,published_article_type,published_research_candidate,manual_biological_estimand_screen
doi:10.1093/conphys/coy054,10.1093/conphys/coy054,Integrating physiological stress into the movement ecology of migratory ungulates: a spatial analysis with mule deer.,2018,Journal Article,antagonist,P3,1,published_article_type,published_research_candidate,manual_biological_estimand_screen
doi:10.1016/j.scitotenv.2017.08.238,10.1016/j.scitotenv.2017.08.238,Land use and wind direction drive hybridization between cultivated poplar and native species in a Mediterranean floodplain environment.,2018,Journal Article,mutualist,P3,1,published_article_type,published_research_candidate,manual_biological_estimand_screen
doi:10.1016/j.biocontrol.2018.10.016,10.1016/j.biocontrol.2018.10.016,"Life history of Anastatus bifasciatus, a potential biological control agent of the brown marmorated stink bug in Europe",2018,article,antagonist,P3,1,published_article_type,published_research_candidate,manual_biological_estimand_screen
titleyear:reproductive biology of malabar tamarind garcinia gummi gutta l rob an endemic medicinal and spice plant from western ghats|2018,,"Reproductive biology of Malabar tamarind (Garcinia gummi-gutta (L.) Rob.: An endemic, medicinal and spice plant from Western Ghats",2018,article,mutualist,P3,1,published_article_type,published_research_candidate,manual_biological_estimand_screen
doi:10.1111/plb.12847,10.1111/plb.12847,"Reproductive ecology of Ocotea catharinensis, an endangered tree species.",2018,Journal Article,mutualist,P3,1,published_article_type,published_research_candidate,manual_biological_estimand_screen
doi:10.1007/s00442-017-4038-6,10.1007/s00442-017-4038-6,Reproductive ecology of a parasitic plant differs by host species: vector interactions and the maintenance of host races.,2018,Journal Article,mutualist,P3,1,published_article_type,published_research_candidate,manual_biological_estimand_screen
doi:10.1111/plb.12652,10.1111/plb.12652,Reproductive ecology of the carnivorous plant Pinguicula moranensis (Lentibulariaceae).,2018,Journal Article,mutualist,P3,1,published_article_type,published_research_candidate,manual_biological_estimand_screen
doi:10.1111/1442-1984.12204,10.1111/1442-1984.12204,Reproductive ecology of three rare N orth A merican Pinguicula species,2018,article,mutualist,P3,1,published_article_type,published_research_candidate,manual_biological_estimand_screen
doi:10.1371/journal.pone.0189138,10.1371/journal.pone.0189138,"Risk assessment and spread of the potentially invasive Ceratitis rosa Karsch and Ceratitis quilicii De Meyer, Mwatawala & Virgilio sp. Nov. using life-cycle simulation models: Implications for phytosanitary measures and management.",2018,"Journal Article,Research Support, Non-U.S. Gov't,Validation Study",antagonist,P3,1,published_article_type,published_research_candidate,manual_biological_estimand_screen
doi:10.1093/jee/toy101,10.1093/jee/toy101,Seasonal Reproductive Performance and Pre-diapausing Mating Status of Female Riptortus pedestris (Hemiptera: Alydidae) Collected in Fields.,2018,"Journal Article,Research Support, Non-U.S. Gov't",antagonist,P3,1,published_article_type,published_research_candidate,manual_biological_estimand_screen
doi:10.3389/fpls.2018.00860,10.3389/fpls.2018.00860,Sex-Dependent Variation of Pumpkin (Cucurbita maxima cv. Big Max) Nectar and Nectaries as Determined by Proteomics and Metabolomics.,2018,Journal Article,mutualist,P3,1,published_article_type,published_research_candidate,manual_biological_estimand_screen
doi:10.1002/ajb2.1194,10.1002/ajb2.1194,Skimming the surface: duckweed as a model system in ecology and evolution,2018,article,mutualist,P3,1,published_article_type,published_research_candidate,manual_biological_estimand_screen
doi:10.1111/gcb.14418,10.1111/gcb.14418,"Spring temperature, migration chronology, and nutrient allocation to eggs in three species of arctic-nesting geese: Implications for resilience to climate warming.",2018,"Journal Article,Research Support, Non-U.S. Gov't,Research Support, U.S. Gov't, Non-P.H.S.",antagonist,P3,1,published_article_type,published_research_candidate,manual_biological_estimand_screen
doi:10.3389/fpls.2018.00033,10.3389/fpls.2018.00033,"Study on Reproductive Biology of Rhododendron longipedicellatum: A Newly Discovered and Special Threatened Plant Surviving in Limestone Habitat in Southeast Yunnan, China.",2018,Journal Article,mutualist,P3,1,published_article_type,published_research_candidate,manual_biological_estimand_screen
doi:10.1093/nsr/nwy058,10.1093/nsr/nwy058,"The first AsiaEvo conference, connecting Asian evolutionary biologists to the world",2018,article,mutualist,P3,1,published_article_type,published_research_candidate,manual_biological_estimand_screen
doi:10.1002/ece3.4195,10.1002/ece3.4195,Untargeted metabolic profiling reveals geography as the strongest predictor of metabolic phenotypes of a cosmopolitan weed.,2018,Journal Article,antagonist,P3,1,published_article_type,published_research_candidate,manual_biological_estimand_screen
doi:10.1111/btp.12478,10.1111/btp.12478,Association between rainfall seasonality and the flowering of epiphytic plants in a Neotropical montane forest,2017,article,mutualist,P3,1,published_article_type,published_research_candidate,manual_biological_estimand_screen
doi:10.1111/1365-2745.12895,10.1111/1365-2745.12895,Biological Flora of the British Isles:Neottia cordata,2017,article,antagonist;mutualist,P3,1,published_article_type,published_research_candidate,manual_biological_estimand_screen
doi:10.1111/1365-2745.12857,10.1111/1365-2745.12857,Biological Flora of the British Isles:Sorbus torminalis,2017,article,antagonist;mutualist,P3,1,published_article_type,published_research_candidate,manual_biological_estimand_screen
doi:10.1111/jvec.12256,10.1111/jvec.12256,"Biological parameters of interbreeding populations of Meccus phyllosomus longipennis (Usinger), 1939 (Hemiptera: Reduviidae: Triatominae) in Mexico",2017,article,antagonist,P3,1,published_article_type,published_research_candidate,manual_biological_estimand_screen
doi:10.1186/s12864-017-3623-8,10.1186/s12864-017-3623-8,Comparative transcriptome analyses of flower development in four species of Achimenes (Gesneriaceae).,2017,"Journal Article,Research Support, Non-U.S. Gov't",mutualist,P3,1,published_article_type,published_research_candidate,manual_biological_estimand_screen
doi:10.1111/een.12390,10.1111/een.12390,Comparing and contrasting life history variation in four aphid hyperparasitoids,2017,article,antagonist,P3,1,published_article_type,published_research_candidate,manual_biological_estimand_screen
doi:10.22034/jon.2017.530391,10.22034/jon.2017.530391,Determining the Pollinizer for Pecan Cultivars,2017,article,mutualist,P3,1,published_article_type,published_research_candidate,manual_biological_estimand_screen
titleyear:determining the pollinizer for pecan cultivars|2017,,Determining the Pollinizer for Pecan Cultivars,2017,article,mutualist,P3,1,published_article_type,published_research_candidate,manual_biological_estimand_screen
titleyear:disponibilidad de polen y producci n de semilla en sorgo sorghum bicolor bajo diferente proporci n de plantas macho y hembra en valles altos de m xico|2017,,Disponibilidad de polen y producción de semilla en sorgo (Sorghum bicolor) bajo diferente proporción de plantas macho y hembra en valles altos de México,2017,article,mutualist,P3,1,published_article_type,published_research_candidate,manual_biological_estimand_screen
doi:10.1038/s41598-017-03037-9,10.1038/s41598-017-03037-9,Earlier flowering did not alter pollen limitation in an early flowering shrub under short-term experimental warming.,2017,"Journal Article,Research Support, Non-U.S. Gov't",mutualist,P3,1,published_article_type,published_research_candidate,manual_biological_estimand_screen
doi:10.1093/jxb/erx236,10.1093/jxb/erx236,Emerging roles for ROS and RNS – versatile molecules in plants,2017,article,antagonist,P3,1,published_article_type,published_research_candidate,manual_biological_estimand_screen
doi:10.1111/jse.12274,10.1111/jse.12274,"Evolution, development, and genetics of floral display—form, size, and arrangement",2017,article,mutualist,P3,1,published_article_type,published_research_candidate,manual_biological_estimand_screen
doi:10.1186/s12870-017-1019-1,10.1186/s12870-017-1019-1,Exposure to trace amounts of sulfonylurea herbicide tribenuron-methyl causes male sterility in 17 species or subspecies of cruciferous plants.,2017,"Journal Article,Research Support, Non-U.S. Gov't",mutualist,P3,1,published_article_type,published_research_candidate,manual_biological_estimand_screen
doi:10.1016/j.indcrop.2017.07.013,10.1016/j.indcrop.2017.07.013,"Floral and reproductive biology of the medicinally significant rainforest tree, Fontainea picrosperma (Euphorbiaceae)",2017,article,mutualist,P3,1,published_article_type,published_research_candidate,manual_biological_estimand_screen
doi:10.1186/s12864-017-4103-x,10.1186/s12864-017-4103-x,Genome-wide characterization of non-reference transposable element insertion polymorphisms reveals genetic diversity in tropical and temperate maize.,2017,Journal Article,mutualist,P3,1,published_article_type,published_research_candidate,manual_biological_estimand_screen
doi:10.1186/s12284-017-0167-0,10.1186/s12284-017-0167-0,High Resolution Mapping of QTLs for Heat Tolerance in Rice Using a 5K SNP Array.,2017,Journal Article,mutualist,P3,1,published_article_type,published_research_candidate,manual_biological_estimand_screen
doi:10.1002/ece3.2827,10.1002/ece3.2827,Influence of pollen limitation and inbreeding depression in the maintenance of incomplete dichogamy in Salvia elegans.,2017,Journal Article,mutualist,P3,1,published_article_type,published_research_candidate,manual_biological_estimand_screen
doi:10.1093/jxb/erx068,10.1093/jxb/erx068,Jasmonate – a blooming decade,2017,article,antagonist;mutualist,P3,1,published_article_type,published_research_candidate,manual_biological_estimand_screen
doi:10.1016/j.biocontrol.2017.12.005,10.1016/j.biocontrol.2017.12.005,Loss of coevolved basal and plastic responses to temperature may underlie trophic level host-parasitoid interactions under global change,2017,article,antagonist,P3,1,published_article_type,published_research_candidate,manual_biological_estimand_screen
doi:10.1007/s10530-017-1494-1,10.1007/s10530-017-1494-1,Low interspecific pollen transfer between invasive aquatic Ludwigia grandiflora and native co-flowering plants,2017,article,mutualist,P3,1,published_article_type,published_research_candidate,manual_biological_estimand_screen
doi:10.1080/00222933.2017.1296196,10.1080/00222933.2017.1296196,"Mating behaviour, territoriality and natural history notes ofPhyllomedusa ayeayeLutz, 1966 (Hylidae: Phyllomedusinae) in south-eastern Brazil",2017,article,antagonist,P3,1,published_article_type,published_research_candidate,manual_biological_estimand_screen
titleyear:movement ecology of female alpine ibex capra ibex influence of resources climate and reproductive constraints|2017,,"Movement ecology of female alpine ibex (Capra ibex): influence of resources, climate, and reproductive constraints",2017,article,antagonist,P3,1,published_article_type,published_research_candidate,manual_biological_estimand_screen
doi:10.1371/journal.pone.0188594,10.1371/journal.pone.0188594,Multiple factors contribute to reproductive isolation between two co-existing Habenaria species (Orchidaceae),2017,article,mutualist,P3,1,published_article_type,published_research_candidate,manual_biological_estimand_screen
doi:10.1111/phen.12206,10.1111/phen.12206,Obligate annual and successive facultative diapause establish a bet‐hedging strategy of Rhagoletis cerasi ( D iptera: T ephritidae) in seasonally unpredictable environments,2017,article,antagonist,P3,1,published_article_type,published_research_candidate,manual_biological_estimand_screen
doi:10.3732/ajb.1600380,10.3732/ajb.1600380,Physiological effects of temperature do not explain prevalence of females in populations of gynodioecious Lobelia siphilitica growing in warmer climates.,2017,Journal Article,mutualist,P3,1,published_article_type,published_research_candidate,manual_biological_estimand_screen
doi:10.1093/jpe/rtx070,10.1093/jpe/rtx070,Plant invasions,2017,article,mutualist,P3,1,published_article_type,published_research_candidate,manual_biological_estimand_screen
doi:10.5586/aa.1710,10.5586/aa.1710,Plant–insect interactions: the role of ecological stoichiometry,2017,article,antagonist,P3,1,published_article_type,published_research_candidate,manual_biological_estimand_screen
doi:10.1093/biosci/bix033,10.1093/biosci/bix033,Remote Sensors Bring Wildlife Tracking to New Level,2017,article,antagonist,P3,1,published_article_type,published_research_candidate,manual_biological_estimand_screen
doi:10.3897/phytokeys.76.10428,10.3897/phytokeys.76.10428,Reproductive biology and variation of nuclear ribosomal ITS and ETS sequences in the Calligonum mongolicum complex (Polygonaceae).,2017,Journal Article,mutualist,P3,1,published_article_type,published_research_candidate,manual_biological_estimand_screen
doi:10.17129/botsci.1019,10.17129/botsci.1019,Reproductive biology of the threatened species Furcraea parmentieri (Aspargaceae),2017,article,mutualist,P3,1,published_article_type,published_research_candidate,manual_biological_estimand_screen
doi:10.1111/jeb.13095,10.1111/jeb.13095,Response of parasitoid egg load to host dynamics and implications for egg load evolution.,2017,Journal Article,antagonist,P3,1,published_article_type,published_research_candidate,manual_biological_estimand_screen
doi:10.21273/hortsci11967-17,10.21273/hortsci11967-17,Selection of a Suitable Pollinizer for ‘Summer Fantasia’ Plum,2017,article,mutualist,P3,1,published_article_type,published_research_candidate,manual_biological_estimand_screen
doi:10.1104/pp.17.00390,10.1104/pp.17.00390,Similarities between Reproductive and Immune Pistil Transcriptomes of Arabidopsis Species.,2017,Journal Article,mutualist,P3,1,published_article_type,published_research_candidate,manual_biological_estimand_screen
doi:10.1093/biosci/bix160,10.1093/biosci/bix160,Strangers in a Strange Land,2017,article,mutualist,P3,1,published_article_type,published_research_candidate,manual_biological_estimand_screen
doi:10.1016/j.jtbi.2017.04.023,10.1016/j.jtbi.2017.04.023,The adaptive significance of phasic colony cycles in army ants.,2017,Journal Article,antagonist,P3,1,published_article_type,published_research_candidate,manual_biological_estimand_screen
doi:10.1111/nph.14604,10.1111/nph.14604,The measure and mismeasure of reciprocity in heterostylous flowers.,2017,Journal Article,mutualist,P3,1,published_article_type,published_research_candidate,manual_biological_estimand_screen
doi:10.1098/rspb.2016.1679,10.1098/rspb.2016.1679,Trade-offs in an ant–plant–fungus mutualism,2017,article,antagonist,P3,1,published_article_type,published_research_candidate,manual_biological_estimand_screen
openalex:W2780044411,,대추 비가림하우스 내 화분매개곤충의 수분 특성 및 효과,2017,article,mutualist,P3,1,published_article_type,published_research_candidate,manual_biological_estimand_screen
titleyear:megaleranthis saniculifolia ohwi ranunculaceae|2017,,"소백산국립공원 아고산지역 모데미풀 (Megaleranthis saniculifolia Ohwi, Ranunculaceae)의 교배체제와 개화특성",2017,article,mutualist,P3,1,published_article_type,published_research_candidate,manual_biological_estimand_screen
doi:10.1111/nph.14294,10.1111/nph.14294,Bridging evolution and development in plants,2016,article,mutualist,P3,1,published_article_type,published_research_candidate,manual_biological_estimand_screen
doi:10.1104/pp.16.00197,10.1104/pp.16.00197,Critical Roles of Vacuolar Invertase in Floral Organ Development and Male and Female Fertilities Are Revealed through Characterization of GhVIN1-RNAi Cotton Plants.,2016,"Journal Article,Research Support, Non-U.S. Gov't",mutualist,P3,1,published_article_type,published_research_candidate,manual_biological_estimand_screen
doi:10.1016/j.biocontrol.2016.08.001,10.1016/j.biocontrol.2016.08.001,Differences in the reproductive biology and diapause of two congeneric species of egg parasitoids (Hymenoptera: Encyrtidae) from northeast Asia: Implications for biological control of the invasive emerald ash borer (Coleoptera: Buprestidae),2016,article,antagonist,P3,1,published_article_type,published_research_candidate,manual_biological_estimand_screen
doi:10.3732/ajb.1600097,10.3732/ajb.1600097,Direct vs. indirect effects of whole-genome duplication on prezygotic isolation in Chamerion angustifolium: Implications for rapid speciation.,2016,"Journal Article,Research Support, Non-U.S. Gov't",mutualist,P3,1,published_article_type,published_research_candidate,manual_biological_estimand_screen
doi:10.62226/ijarst20160278,10.62226/ijarst20160278,"Ecobiology of the Common Evening Brown, Melanitis leda Linn. (Lepidoptera: Rhopalocera: Nymphalidae: Satyrinae)",2016,article,antagonist,P3,1,published_article_type,published_research_candidate,manual_biological_estimand_screen
doi:10.21608/ejoh.2016.3558,10.21608/ejoh.2016.3558,"Evaluation of Some Pecan Varieties Growing under Drip Irrigation System at El-Behera Governorate, Egypt Environmental Condition",2016,article,mutualist,P3,1,published_article_type,published_research_candidate,manual_biological_estimand_screen
doi:10.1111/1365-2435.12602,10.1111/1365-2435.12602,"Facilitation in communities: underlying mechanisms, community and ecosystem implications",2016,article,antagonist;mutualist,P3,1,published_article_type,published_research_candidate,manual_biological_estimand_screen
doi:10.62226/ijarst20160169,10.62226/ijarst20160169,Fruiting pattern in Delonix regia (Boj. Ex Hook) Raf. (Family: Caesalpiniaceae),2016,article,mutualist,P3,1,published_article_type,published_research_candidate,manual_biological_estimand_screen
doi:10.1111/1365-2664.12645,10.1111/1365-2664.12645,Genetic differentiation and regional adaptation among seed origins used for grassland restoration: lessons from a multispecies transplant experiment,2016,article,antagonist;mutualist,P3,1,published_article_type,published_research_candidate,manual_biological_estimand_screen
doi:10.2108/zs150068,10.2108/zs150068,Identification and Expression Analysis of Upregulated Genes in the Resting Egg-Producing Water Flea (Daphnia pulex).,2016,Journal Article,antagonist,P3,1,published_article_type,published_research_candidate,manual_biological_estimand_screen
doi:10.1111/evo.13096,10.1111/evo.13096,"Incomplete loss of a conserved trait: function, latitudinal cline, and genetic constraints",2016,article,mutualist,P3,1,published_article_type,published_research_candidate,manual_biological_estimand_screen
doi:10.1111/1365-2745.12554,10.1111/1365-2745.12554,Individual resource limitation combined with population‐wide pollen availability drives masting in the valley oak (Quercus lobata),2016,article,mutualist,P3,1,published_article_type,published_research_candidate,manual_biological_estimand_screen
doi:10.3389/fpls.2016.00288,10.3389/fpls.2016.00288,Intraspecific Variability of Floral Nectar Volume and Composition in Rapeseed (Brassica napus L. var. oleifera).,2016,Journal Article,mutualist,P3,1,published_article_type,published_research_candidate,manual_biological_estimand_screen
doi:10.1111/nph.14248,10.1111/nph.14248,Introduction to aVirtual Issueon plant senescence,2016,article,mutualist,P3,1,published_article_type,published_research_candidate,manual_biological_estimand_screen
doi:10.1093/aob/mcw013,10.1093/aob/mcw013,Is plasticity across seasons adaptive in the annual cleistogamous plant Lamium amplexicaule?,2016,"Journal Article,Research Support, Non-U.S. Gov't",mutualist,P3,1,published_article_type,published_research_candidate,manual_biological_estimand_screen
doi:10.1111/ens.12171,10.1111/ens.12171,Life history of the spider parasitoidZatypota percontatoria(Hymenoptera: Ichneumonidae),2016,article,antagonist,P3,1,published_article_type,published_research_candidate,manual_biological_estimand_screen
titleyear:match me if you can plant insect interactions in common cow parsnip heracleum maximum apiaceae|2016,,Match me if you can!: plant-insect interactions in common cow parsnip Heracleum maximum (Apiaceae),2016,article,antagonist;mutualist,P3,1,published_article_type,published_research_candidate,manual_biological_estimand_screen
doi:10.1104/pp.16.00583,10.1104/pp.16.00583,On the Inside,2016,article,antagonist,P3,1,published_article_type,published_research_candidate,manual_biological_estimand_screen
doi:10.1111/nph.13879,10.1111/nph.13879,Plant-mediated pheromone emission by a hemipteran seed feeder increases the apparency of an unreliable but rewarding host.,2016,"Journal Article,Research Support, Non-U.S. Gov't",antagonist,P3,1,published_article_type,published_research_candidate,manual_biological_estimand_screen
doi:10.1104/pp.16.01286,10.1104/pp.16.01286,Pollen-Pistil Interactions and Their Role in Mate Selection,2016,article,mutualist,P3,1,published_article_type,published_research_candidate,manual_biological_estimand_screen
doi:10.31018/jans.v8i4.1105,10.31018/jans.v8i4.1105,Rarity of Ceropegia bulbosa Roxb. var. lushii and protocol for its ex-situ conservation in the Indian desert,2016,article,mutualist,P3,1,published_article_type,published_research_candidate,manual_biological_estimand_screen
doi:10.18520/cs/v110/i2/234-240,10.18520/cs/v110/i2/234-240,"Reproductive Biology of Elaeocarpus blascoi Weibel, an Endemic and Endangered Tree Species of Palni Hills, Western Ghats, India",2016,article,mutualist,P3,1,published_article_type,published_research_candidate,manual_biological_estimand_screen
doi:10.1007/s10265-016-0796-1,10.1007/s10265-016-0796-1,Reproductive biology of an Alpic paleo-endemic in a changing climate.,2016,Journal Article,mutualist,P3,1,published_article_type,published_research_candidate,manual_biological_estimand_screen
doi:10.7717/peerj.2491,10.7717/peerj.2491,Reproductive ecology and isolation of Psittacanthus calyculatus and P. auriculatus mistletoes (Loranthaceae).,2016,Journal Article,mutualist,P3,1,published_article_type,published_research_candidate,manual_biological_estimand_screen
doi:10.1111/evo.12946,10.1111/evo.12946,"Retired flies, hidden plateaus, and the evolution of senescence in Drosophila melanogaster.",2016,Journal Article,antagonist,P3,1,published_article_type,published_research_candidate,manual_biological_estimand_screen
doi:10.1016/j.scienta.2015.12.018,10.1016/j.scienta.2015.12.018,Study of reproductive behaviour in low-chill apples in warmer zones of Argentina,2016,article,mutualist,P3,1,published_article_type,published_research_candidate,manual_biological_estimand_screen
doi:10.1007/s00442-015-3455-7,10.1007/s00442-015-3455-7,Successive sheep grazing reduces population density of Brandt's voles in steppe grassland by altering food resources: a large manipulative experiment.,2016,"Journal Article,Research Support, Non-U.S. Gov't",antagonist,P3,1,published_article_type,published_research_candidate,manual_biological_estimand_screen
doi:10.1186/s12898-016-0085-9,10.1186/s12898-016-0085-9,Suppression of reproductive characteristics of the invasive plant Mikania micrantha by sweet potato competition.,2016,"Journal Article,Research Support, Non-U.S. Gov't",mutualist,P3,1,published_article_type,published_research_candidate,manual_biological_estimand_screen
titleyear:the effects of genetic and environmental variation on growth and flowering|2016,,The Effects of Genetic and Environmental Variation on Growth and Flowering,2016,article,mutualist,P3,1,published_article_type,published_research_candidate,manual_biological_estimand_screen
doi:10.1007/s10722-016-0475-z,10.1007/s10722-016-0475-z,"The Pacific yam (Dioscorea nummularia Lam.), an under-exploited tuber crop from Melanesia",2016,article,mutualist,P3,1,published_article_type,published_research_candidate,manual_biological_estimand_screen
doi:10.1086/684157,10.1086/684157,The Role of Within-Host Competition for Coexistence in Multiparasitoid-Host Systems.,2016,"Journal Article,Research Support, Non-U.S. Gov't",antagonist,P3,1,published_article_type,published_research_candidate,manual_biological_estimand_screen
doi:10.1590/0102-33062015abb0311,10.1590/0102-33062015abb0311,"The reproductive biology of the early-divergent genus Anaxagorea (Annonaceae), and its significance for the evolutionary development of the family",2016,article,mutualist,P3,1,published_article_type,published_research_candidate,manual_biological_estimand_screen
doi:10.1105/tpc.16.00053,10.1105/tpc.16.00053,Ws-2 Introgression in a Proportion of Arabidopsis thaliana Col-0 Stock Seed Produces Specific Phenotypes and Highlights the Importance of Routine Genetic Verification,2016,article,mutualist,P3,1,published_article_type,published_research_candidate,manual_biological_estimand_screen
doi:10.13287/j.1001-9332.201607.040,10.13287/j.1001-9332.201607.040,[Analysis of reproductive ecological factors of endangered Rhodiola gannanica.].,2016,Journal Article,mutualist,P3,1,published_article_type,published_research_candidate,manual_biological_estimand_screen
doi:10.1111/1365-2745.12389,10.1111/1365-2745.12389,Biological Flora of the British Isles: Crambe maritima,2015,article,antagonist;mutualist,P3,1,published_article_type,published_research_candidate,manual_biological_estimand_screen
doi:10.1111/1365-2745.12469,10.1111/1365-2745.12469,Biological Flora of the British Isles: Ophrys sphegodes,2015,article,antagonist;mutualist,P3,1,published_article_type,published_research_candidate,manual_biological_estimand_screen
doi:10.1111/1365-2745.12444,10.1111/1365-2745.12444,Biological Flora of the British Isles:Neottia ovata,2015,article,antagonist;mutualist,P3,1,published_article_type,published_research_candidate,manual_biological_estimand_screen
doi:10.1071/bt14310,10.1071/bt14310,Conservation biology of two endemic Beyeria species (Euphorbiaceae) from southern Western Australia,2015,article,mutualist,P3,1,published_article_type,published_research_candidate,manual_biological_estimand_screen
titleyear:conservation biology of two endemic beyeria species euphorbiaceae from southern western australia|2015,,Conservation biology of two endemic Beyeria species (Euphorbiaceae) from southern Western Australia,2015,article,mutualist,P3,1,published_article_type,published_research_candidate,manual_biological_estimand_screen
doi:10.1007/s11258-015-0482-8,10.1007/s11258-015-0482-8,Costs and benefits of reproducing under unfavorable conditions: an integrated view of ecological and physiological constraints in a cerrado shrub,2015,article,mutualist,P3,1,published_article_type,published_research_candidate,manual_biological_estimand_screen
doi:10.1111/1365-2664.12419,10.1111/1365-2664.12419,Co‐creation of individual‐based models by practitioners and modellers to inform environmental decision‐making,2015,article,antagonist,P3,1,published_article_type,published_research_candidate,manual_biological_estimand_screen
doi:10.1371/journal.pone.0127807,10.1371/journal.pone.0127807,"Drivers of Daily Routines in an Ectothermic Marine Predator: Hunt Warm, Rest Warmer?",2015,"Journal Article,Research Support, Non-U.S. Gov't,Research Support, U.S. Gov't, Non-P.H.S.",antagonist,P3,1,published_article_type,published_research_candidate,manual_biological_estimand_screen
doi:10.56369/tsaes.2063,10.56369/tsaes.2063,"ESTUDIO FENOLÓGICO EN ZAPOTE MAMEY [Pouteria sapota (Jacq.) H.E. Moore & Stearn] GUERRERO, MÉXICO",2015,article,mutualist,P3,1,published_article_type,published_research_candidate,manual_biological_estimand_screen
titleyear:ejaculates in competition a sperm race influenced by the seminal fluid|2015,,Ejaculates in competition: a sperm race influenced by the seminal fluid?,2015,article,antagonist,P3,1,published_article_type,published_research_candidate,manual_biological_estimand_screen
doi:10.1643/ch-13-053,10.1643/ch-13-053,Environmental Effects on Southern Two-Lined Salamander (Eurycea cirrigera) Nest-Site Selection,2015,article,antagonist,P3,1,published_article_type,published_research_candidate,manual_biological_estimand_screen
doi:10.1016/j.flora.2015.12.004,10.1016/j.flora.2015.12.004,Floral biology and breeding system of the narrow endemic Dianthus morisianus Vals. (Caryophyllaceae),2015,article,mutualist,P3,1,published_article_type,published_research_candidate,manual_biological_estimand_screen
titleyear:flowering biology and breeding system of the rare and endangered plant handeliodendron bodinieri|2015,,Flowering Biology and Breeding System of the Rare and Endangered Plant Handeliodendron bodinieri,2015,article,mutualist,P3,1,published_article_type,published_research_candidate,manual_biological_estimand_screen
titleyear:gps tracking in high mountain landscapes insights into the movement ecology of female alpine ibex capra ibex ibex l 1758|2015,,GPS tracking in high mountain landscapes: insights into the movement ecology of female alpine ibex (Capra ibex ibex L. 1758).,2015,article,antagonist,P3,1,published_article_type,published_research_candidate,manual_biological_estimand_screen
doi:10.1371/journal.pone.0124305,10.1371/journal.pone.0124305,"Hyperparasitism in a Generalist Ectoparasitic Pupal Parasitoid, Pachycrepoideus vindemmiae (Hymenoptera: Pteromalidae), on Its Own Conspecifics: When the Lack of Resource Lead to Cannibalism.",2015,"Journal Article,Research Support, Non-U.S. Gov't",antagonist,P3,1,published_article_type,published_research_candidate,manual_biological_estimand_screen
doi:10.1111/oik.02573,10.1111/oik.02573,Later flowering is associated with a compressed flowering season and reduced reproductive output in an early season floral resource,2015,article,mutualist,P3,1,published_article_type,published_research_candidate,manual_biological_estimand_screen
doi:10.3159/torrey-d-14-00088.1,10.3159/torrey-d-14-00088.1,"Life history ofAdenostemma brasilianum(Pers.) Cass. (Eupatorieae, Asteraceae): A psychophilous herbaceous species of the Brazilian Atlantic Forest understory1",2015,article,antagonist;mutualist,P3,1,published_article_type,published_research_candidate,manual_biological_estimand_screen
doi:10.1017/s0007485315000711,10.1017/s0007485315000711,Limits to the host range of the highly polyphagous tephritid fruit fly Anastrepha ludens in its natural habitat.,2015,"Journal Article,Research Support, Non-U.S. Gov't",antagonist,P3,1,published_article_type,published_research_candidate,manual_biological_estimand_screen
doi:10.1111/1365-2435.12320,10.1111/1365-2435.12320,Nutritional geometry provides new insights into the interaction between food quality and demography in endangered wildlife,2015,article,antagonist,P3,1,published_article_type,published_research_candidate,manual_biological_estimand_screen
doi:10.1002/ece3.1667,10.1002/ece3.1667,Occurrence of an herbicide-resistant plant trait in agricultural field margins.,2015,Journal Article,antagonist,P3,1,published_article_type,published_research_candidate,manual_biological_estimand_screen
doi:10.1002/ece3.1784,10.1002/ece3.1784,Out of Africa: evidence of the obligate mutualism between long corolla tubed plant and long-tongued fly in the Himalayas.,2015,Journal Article,mutualist,P3,1,published_article_type,published_research_candidate,manual_biological_estimand_screen
doi:10.1093/jxb/erv376,10.1093/jxb/erv376,Peptides take centre stage in plant signalling,2015,article,antagonist,P3,1,published_article_type,published_research_candidate,manual_biological_estimand_screen
doi:10.1111/nph.13143,10.1111/nph.13143,Priorities for research on priority effects,2015,article,antagonist,P3,1,published_article_type,published_research_candidate,manual_biological_estimand_screen
doi:10.1111/mec.13044,10.1111/mec.13044,Quantitative trait locus mapping identifies candidate alleles involved in adaptive introgression and range expansion in a wild sunflower.,2015,"Journal Article,Research Support, N.I.H., Extramural,Research Support, U.S. Gov't, Non-P.H.S.",antagonist,P3,1,published_article_type,published_research_candidate,manual_biological_estimand_screen
doi:10.1111/mec.12998,10.1111/mec.12998,Recipient of the 2014 M olecular E cology Prize: J ohanna S chmitt,2015,article,antagonist;mutualist,P3,1,published_article_type,published_research_candidate,manual_biological_estimand_screen
doi:10.5539/jas.v7n11p156,10.5539/jas.v7n11p156,"Reproductive Biology of T. chinensis and T. ramosissima (Tamaricaceae: Theineae) from Gansu, Northwestern China",2015,article,mutualist,P3,1,published_article_type,published_research_candidate,manual_biological_estimand_screen
doi:10.1093/ee/nvv042,10.1093/ee/nvv042,"Reproductive Requirements and Life Cycle of Iberorhyzobius rondensis (Coleoptera: Coccinellidae), Potential Biological Control Agent of Matsucoccus feytaudi (Hemiptera: Matsucoccidae).",2015,"Journal Article,Research Support, Non-U.S. Gov't",antagonist,P3,1,published_article_type,published_research_candidate,manual_biological_estimand_screen
doi:10.1111/1442-1984.12092,10.1111/1442-1984.12092,Reproductive biological characteristics potentially contributed to invasiveness in an alien invasive plant B idens frondosa,2015,article,mutualist,P3,1,published_article_type,published_research_candidate,manual_biological_estimand_screen
doi:10.1007/s40502-015-0193-0,10.1007/s40502-015-0193-0,Reproductive biology and breeding system in Rauvolfia serpentina (L.) Benth. ex Kurz,2015,article,mutualist,P3,1,published_article_type,published_research_candidate,manual_biological_estimand_screen
doi:10.5091/plecevo.2015.998,10.5091/plecevo.2015.998,"Reproductive biology of Pentadesma butyracea (Clusiaceae), source of a valuable non timber forest product in Benin",2015,article,mutualist,P3,1,published_article_type,published_research_candidate,manual_biological_estimand_screen
doi:10.1007/s00606-015-1206-1,10.1007/s00606-015-1206-1,"Reproductive biology of Sporobolus phleoides Hack. (Poaceae), an endemic halophyte grass of Argentina",2015,article,mutualist,P3,1,published_article_type,published_research_candidate,manual_biological_estimand_screen
doi:10.2989/20702620.2014.1001674,10.2989/20702620.2014.1001674,Reproductive biology of the critically endangered tropical treeTalbotiella gentii,2015,article,mutualist,P3,1,published_article_type,published_research_candidate,manual_biological_estimand_screen
titleyear:reproductive isolation between sympatric sister species mussaenda kwangtungensis and m pubescens var alba|2015,,"Reproductive isolation between sympatric sister species, Mussaenda kwangtungensis and M. pubescens var. alba",2015,article,mutualist,P3,1,published_article_type,published_research_candidate,manual_biological_estimand_screen
doi:10.1002/ece3.1803,10.1002/ece3.1803,"Seasonal changes in pollen limitation and femaleness along the snowmelt gradient in a distylous alpine herb, Primula modesta.",2015,Journal Article,mutualist,P3,1,published_article_type,published_research_candidate,manual_biological_estimand_screen
doi:10.1111/plb.12192,10.1111/plb.12192,Sex-specific phenotypic selection and geographic variation in gender divergence in a gynodioecious shrub.,2015,"Journal Article,Research Support, Non-U.S. Gov't",mutualist,P3,1,published_article_type,published_research_candidate,manual_biological_estimand_screen
titleyear:touchless thermal respiratory monitor|2015,,TOUCHLESS THERMAL RESPIRATORY MONITOR,2015,article,mutualist,P3,1,published_article_type,published_research_candidate,manual_biological_estimand_screen
doi:10.1093/gerona/glv122,10.1093/gerona/glv122,The Retired Fly: Detecting Life History Transition in Individual Drosophila melanogaster Females.,2015,Journal Article,antagonist,P3,1,published_article_type,published_research_candidate,manual_biological_estimand_screen
doi:10.1111/1365-2745.12524,10.1111/1365-2745.12524,The importance of autonomous selfing in preventing hybridization in three closely related plant species,2015,article,mutualist,P3,1,published_article_type,published_research_candidate,manual_biological_estimand_screen
doi:10.3732/ajb.1400404,10.3732/ajb.1400404,The potential for crop to wild hybridization in eggplant (Solanum melongena; Solanaceae) in southern India.,2015,Journal Article,antagonist;mutualist,P3,1,published_article_type,published_research_candidate,manual_biological_estimand_screen
doi:10.3732/ajb.1500234,10.3732/ajb.1500234,The unique and multifaceted importance of the timing of flowering,2015,article,antagonist;mutualist,P3,1,published_article_type,published_research_candidate,manual_biological_estimand_screen
doi:10.1007/s00300-015-1664-5,10.1007/s00300-015-1664-5,Thermal response of ingestion and egestion rates in the Arctic copepod Calanus glacialis and possible metabolic consequences in a warming ocean,2015,article,antagonist,P3,1,published_article_type,published_research_candidate,manual_biological_estimand_screen
doi:10.1614/ipsm-d-15-00042.1,10.1614/ipsm-d-15-00042.1,Tolerance of Swallowworts (Vincetoxicumspp.) to Multiple Years of Artificial Defoliation and Clipping,2015,article,antagonist,P3,1,published_article_type,published_research_candidate,manual_biological_estimand_screen
doi:10.1590/1980-509820142404008,10.1590/1980-509820142404008,"Aspects of reproductive biology of Drimys brasiliensis Miers (Winteraceae) in ""Floresta Ombrófila Mista"", South of Brazil",2014,article,mutualist,P3,1,published_article_type,published_research_candidate,manual_biological_estimand_screen
titleyear:aspects of reproductive biology of drimys brasiliensis miers winteraceae in floresta ombr fila mista south of brazil aspectos da biologia reprodutiva de drimys brasiliensis miers winteraceae em floresta ombr fila mista sul do brasil|2014,,"Aspects of reproductive biology of Drimys brasiliensis Miers (Winteraceae) in “floresta ombrófila mista”, south of Brazil Aspectos da biologia reprodutiva de Drimys brasiliensis Miers (Winteraceae) em floresta ombrófila mista, Sul do Brasil",2014,article,mutualist,P3,1,published_article_type,published_research_candidate,manual_biological_estimand_screen
doi:10.1111/1365-2745.12287,10.1111/1365-2745.12287,Biological Flora of the British Isles: E pipactis palustris,2014,article,antagonist;mutualist,P3,1,published_article_type,published_research_candidate,manual_biological_estimand_screen
doi:10.1371/journal.pone.0100254,10.1371/journal.pone.0100254,Can the Life-History Strategy Explain the Success of the Exotic Trees Ailanthus altissima and Robinia pseudoacacia in Iberian Floodplain Forests?,2014,article,mutualist,P3,1,published_article_type,published_research_candidate,manual_biological_estimand_screen
doi:10.12688/f1000research.4382.1,10.12688/f1000research.4382.1,Ecological implications of reduced pollen deposition in alpine plants: a case study using a dominant cushion plant species,2014,article,mutualist,P3,1,published_article_type,published_research_candidate,manual_biological_estimand_screen
doi:10.12688/f1000research.4382.2,10.12688/f1000research.4382.2,Ecological implications of reduced pollen supply in the alpine: a case study using a dominant cushion plant species,2014,article,mutualist,P3,1,published_article_type,published_research_candidate,manual_biological_estimand_screen
doi:10.5958/j.2320-642x.2.1.002,10.5958/j.2320-642x.2.1.002,Effect of heat and drought under crops in rainfed/marginal environments and mitigation strategies through breeding for tolerance: A review,2014,article,mutualist,P3,1,published_article_type,published_research_candidate,manual_biological_estimand_screen
doi:10.1016/j.actao.2013.12.004,10.1016/j.actao.2013.12.004,Evidence of genetic influence on the flowering pattern of Ficus microcarpa,2014,article,mutualist,P3,1,published_article_type,published_research_candidate,manual_biological_estimand_screen
doi:10.1371/journal.pone.0087287,10.1371/journal.pone.0087287,Functional androdioecy in critically endangered Gymnocladus assamicus (Leguminosae) in the Eastern Himalayan Region of Northeast India.,2014,"Journal Article,Research Support, Non-U.S. Gov't",mutualist,P3,1,published_article_type,published_research_candidate,manual_biological_estimand_screen
doi:10.1111/jzo.12165,10.1111/jzo.12165,Home range and social analyses in a mouth brooding frog: testing the coexistence of paternal care and male territoriality,2014,article,antagonist,P3,1,published_article_type,published_research_candidate,manual_biological_estimand_screen
doi:10.1007/s00442-014-3148-7,10.1007/s00442-014-3148-7,Immediate or lagged responses of a red squirrel population to pulsed resources,2014,article,antagonist,P3,1,published_article_type,published_research_candidate,manual_biological_estimand_screen
doi:10.29133/yyutbd.236262,10.29133/yyutbd.236262,Karayemişin Tozlanma Biyolojisi ve Tozlayıcıların Meyve Tutumu ve Kalitesine Etkileri,2014,article,mutualist,P3,1,published_article_type,published_research_candidate,manual_biological_estimand_screen
titleyear:mechanisms of flower movement in nicotiana attenuata torr ex s wats|2014,,Mechanisms of flower movement in Nicotiana attenuata Torr. ex S. Wats,2014,article,antagonist;mutualist,P3,1,published_article_type,published_research_candidate,manual_biological_estimand_screen
titleyear:morphological characterization and floral biology of parental lines of pumpkin cv pusa hybrid 1|2014,,Morphological characterization and floral biology of parental lines of pumpkin cv. Pusa Hybrid 1,2014,article,mutualist,P3,1,published_article_type,published_research_candidate,manual_biological_estimand_screen
doi:10.1093/mollus/eyu065,10.1093/mollus/eyu065,"Native arboreal land snails in the Mt Kaala Natural Area Reserve, Oahu, Hawaii, have similar plant preferences: implications for conservation",2014,article,antagonist,P3,1,published_article_type,published_research_candidate,manual_biological_estimand_screen
doi:10.1093/treephys/tpu082,10.1093/treephys/tpu082,Physiological trade-offs in the complexity of pine tree defensive chemistry,2014,article,antagonist,P3,1,published_article_type,published_research_candidate,manual_biological_estimand_screen
doi:10.1186/1999-3110-55-15,10.1186/1999-3110-55-15,"Reproductive biology of Pittosporum dasycaulon Miq., (Family Pittosporaceae) a rare medicinal tree endemic to Western Ghats.",2014,Journal Article,mutualist,P3,1,published_article_type,published_research_candidate,manual_biological_estimand_screen
doi:10.1016/j.flora.2014.12.002,10.1016/j.flora.2014.12.002,"Reproductive biology of Ziziphus mistol Griseb. (Rhamnaceae), a wild fruit tree of saline environments",2014,article,mutualist,P3,1,published_article_type,published_research_candidate,manual_biological_estimand_screen
doi:10.3724/sp.j.1003.2013.11044,10.3724/sp.j.1003.2013.11044,"Reproductive characteristics of the invasive species Solanum rostratum in different habitats of Xinjiang, China",2014,article,mutualist,P3,1,published_article_type,published_research_candidate,manual_biological_estimand_screen
doi:10.1111/jipb.12325,10.1111/jipb.12325,"Reproductive isolation between sympatric sister species, Mussaenda kwangtungensis and M. pubescens var. alba",2014,article,mutualist,P3,1,published_article_type,published_research_candidate,manual_biological_estimand_screen
doi:10.1007/s00606-014-1026-8,10.1007/s00606-014-1026-8,Reproductive outputs to floral trait variation in Nicotiana alata (Solanaceae) in Southern Brazil,2014,article,mutualist,P3,1,published_article_type,published_research_candidate,manual_biological_estimand_screen
titleyear:reproductive traits and their correlation among woody plants in a broadleaf korean pine pinus koraiensis mixed forest in northeast china|2014,,Reproductive traits and their correlation among woody plants in a broadleaf-Korean pine(Pinus koraiensis) mixed forest in Northeast China,2014,article,mutualist,P3,1,published_article_type,published_research_candidate,manual_biological_estimand_screen
doi:10.1111/plb.12097,10.1111/plb.12097,Secondary pollen presentation and the temporal dynamics of stylar hair retraction and style elongation in Campanula trachelium (Campanulaceae).,2014,"Journal Article,Research Support, Non-U.S. Gov't",mutualist,P3,1,published_article_type,published_research_candidate,manual_biological_estimand_screen
titleyear:studies on floral biology of malva sylvestris l|2014,,Studies on floral biology of Malva sylvestris L.,2014,article,mutualist,P3,1,published_article_type,published_research_candidate,manual_biological_estimand_screen
doi:10.1086/679477,10.1086/679477,Temperature-Limited Floral Longevity in the Large-Flowered Mediterranean Shrub Cistus Ladanifer (Cistaceae),2014,article,mutualist,P3,1,published_article_type,published_research_candidate,manual_biological_estimand_screen
doi:10.1657/1938-4246-46.3.548,10.1657/1938-4246-46.3.548,"The Optimization of Seed Yield across the Flowering Season of Gentiana leucomelaena (Gentianaceae), an Herbaceous Tibetan Annual",2014,article,mutualist,P3,1,published_article_type,published_research_candidate,manual_biological_estimand_screen
titleyear:the reproductive ecology of the rare and endangered mexican flannel bush fremontodendron mexicanum|2014,,The Reproductive Ecology of the Rare and Endangered Mexican Flannel Bush (Fremontodendron mexicanum),2014,article,mutualist,P3,1,published_article_type,published_research_candidate,manual_biological_estimand_screen
titleyear:the reproductive ecology of minuartia patula michx mattf caryophyllaceae|2014,,The reproductive ecology of Minuartia patula Michx. Mattf. (Caryophyllaceae),2014,article,mutualist,P3,1,published_article_type,published_research_candidate,manual_biological_estimand_screen
doi:10.5539/ijb.v6n4p1,10.5539/ijb.v6n4p1,Variability in Compensatory Ability and Relative Invasive Potential in Ornamental Cleomes,2014,article,antagonist,P3,1,published_article_type,published_research_candidate,manual_biological_estimand_screen
doi:10.3389/fpls.2013.00079,10.3389/fpls.2013.00079,"A dynamic interplay between phytohormones is required for fruit development, maturation, and ripening.",2013,Journal Article,mutualist,P3,1,published_article_type,published_research_candidate,manual_biological_estimand_screen
doi:10.1111/1365-2745.12151,10.1111/1365-2745.12151,Abiotic factors may explain the geographical distribution of flower colour morphs and the maintenance of colour polymorphism in the scarlet pimpernel,2013,article,mutualist,P3,1,published_article_type,published_research_candidate,manual_biological_estimand_screen
doi:10.1111/gcb.12284,10.1111/gcb.12284,Aphid-willow interactions in a high Arctic ecosystem: responses to raised temperature and goose disturbance.,2013,"Journal Article,Research Support, Non-U.S. Gov't",antagonist,P3,1,published_article_type,published_research_candidate,manual_biological_estimand_screen
titleyear:breeding systems of haberlea rhodopensis gesneriaceae a tertiary relict endemic to the balkan peninsula|2013,,"Breeding systems of Haberlea rhodopensis (Gesneriaceae), a Tertiary relict endemic to the Balkan Peninsula",2013,article,mutualist,P3,1,published_article_type,published_research_candidate,manual_biological_estimand_screen
doi:10.1007/s10722-013-9965-4,10.1007/s10722-013-9965-4,Crossability patterns within and among Oryza series Sativae species from Asia and Australia,2013,article,mutualist,P3,1,published_article_type,published_research_candidate,manual_biological_estimand_screen
doi:10.1104/pp.113.218214,10.1104/pp.113.218214,Cytochrome P450 CYP78A9 is involved in Arabidopsis reproductive development.,2013,"Journal Article,Research Support, Non-U.S. Gov't",mutualist,P3,1,published_article_type,published_research_candidate,manual_biological_estimand_screen
titleyear:diferencias clim ticas entre las regiones tradicionalmente productoras de olivo olea europaea l en el mundo y el alto ricaurte en colombia|2013,,Diferencias climáticas entre las regiones tradicionalmente productoras de olivo (Olea europaea L.) en el mundo y el Alto Ricaurte en Colombia,2013,article,mutualist,P3,1,published_article_type,published_research_candidate,manual_biological_estimand_screen
doi:10.1890/1540-9295-11.5.228,10.1890/1540-9295-11.5.228,Dispatches,2013,article,antagonist,P3,1,published_article_type,published_research_candidate,manual_biological_estimand_screen
titleyear:floral characteristic and breeding system of anemone obtusiloba|2013,,Floral Characteristic and Breeding System of Anemone obtusiloba,2013,article,mutualist,P3,1,published_article_type,published_research_candidate,manual_biological_estimand_screen
doi:10.1890/0012-9623-95.1.59,10.1890/0012-9623-95.1.59,"History of Ecological Sciences, Part 49: Formalizing Animal Ecology, 1870s to 1920s",2013,article,antagonist,P3,1,published_article_type,published_research_candidate,manual_biological_estimand_screen
doi:10.1093/biosci/bit009,10.1093/biosci/bit009,How Universal Is Natural Selection?,2013,article,antagonist;mutualist,P3,1,published_article_type,published_research_candidate,manual_biological_estimand_screen
doi:10.1007/s10722-013-0027-8,10.1007/s10722-013-0027-8,Intraspecific and interspecific crossability in three Ziziphus species (Rhamnaceae),2013,article,mutualist,P3,1,published_article_type,published_research_candidate,manual_biological_estimand_screen
doi:10.1111/j.1600-0587.2013.00414.x,10.1111/j.1600-0587.2013.00414.x,Long‐lived and heavier females give birth earlier in roe deer,2013,article,antagonist,P3,1,published_article_type,published_research_candidate,manual_biological_estimand_screen
doi:10.9790/2402-0525054,10.9790/2402-0525054,Myrmecophily on Leucas chinensis (Lamiaceae),2013,article,mutualist,P3,1,published_article_type,published_research_candidate,manual_biological_estimand_screen
titleyear:network analysis of the social structure of female eastern grey kangaroos macropus giganteus|2013,,Network analysis of the social structure of female eastern grey kangaroos (Macropus giganteus),2013,article,antagonist,P3,1,published_article_type,published_research_candidate,manual_biological_estimand_screen
doi:10.1890/12-1424.1,10.1890/12-1424.1,Nitrogen allocation to offspring and milk production in a capital breeder,2013,article,antagonist,P3,1,published_article_type,published_research_candidate,manual_biological_estimand_screen
doi:10.1016/j.dsr2.2013.01.021,10.1016/j.dsr2.2013.01.021,Notes on a mating event of the deep-sea crab Chaecon affinis in the Gorringe Bank (NE Atlantic),2013,article,antagonist,P3,1,published_article_type,published_research_candidate,manual_biological_estimand_screen
titleyear:reproductive biology of etlingera elatior jack r m sm ornamentaltorch ginger|2013,,REPRODUCTIVE BIOLOGY OF ETLINGERA ELATIOR (JACK.) R. M. SM. ORNAMENTALTORCH GINGER,2013,article,mutualist,P3,1,published_article_type,published_research_candidate,manual_biological_estimand_screen
doi:10.1111/1365-2664.12111,10.1111/1365-2664.12111,REVIEW: An overview of the environmental risks posed by neonicotinoid insecticides,2013,article,mutualist,P3,1,published_article_type,published_research_candidate,manual_biological_estimand_screen
doi:10.1603/ec12251,10.1603/ec12251,Reproductive Traits of Glenea cantor (Coleoptera: Cerambycidae: Lamiinae),2013,article,antagonist,P3,1,published_article_type,published_research_candidate,manual_biological_estimand_screen
doi:10.1007/s00606-013-0948-x,10.1007/s00606-013-0948-x,Reproductive ecology of Ameroglossum pernambucense (Scrophulariaceae): is this ornithophilous and threatened shrub highly adapted to a naturally fragmented habitat?,2013,article,mutualist,P3,1,published_article_type,published_research_candidate,manual_biological_estimand_screen
doi:10.1016/j.ppees.2013.07.001,10.1016/j.ppees.2013.07.001,Reproductive output in Mediterranean shrubs under climate change experimentally induced by drought and warming,2013,article,mutualist,P3,1,published_article_type,published_research_candidate,manual_biological_estimand_screen
doi:10.1111/1365-2745.12115,10.1111/1365-2745.12115,"Sex allocation, pollen limitation and masting in whitebark pine",2013,article,mutualist,P3,1,published_article_type,published_research_candidate,manual_biological_estimand_screen
doi:10.1371/journal.pone.0069771,10.1371/journal.pone.0069771,Shift in Black Rhinoceros Diet in the Presence of Elephant: Evidence for Competition?,2013,article,antagonist,P3,1,published_article_type,published_research_candidate,manual_biological_estimand_screen
doi:10.1155/2013/592429,10.1155/2013/592429,"Study of Flowering Pattern in Setaria viridis, a Proposed Model Species for C4 Photosynthesis Research",2013,article,mutualist,P3,1,published_article_type,published_research_candidate,manual_biological_estimand_screen
titleyear:study of flowering pattern in setaria viridis a proposed model species for c4 photosynthesis research|2013,,"Study of flowering pattern in Setaria viridis, a proposed model species for C4 photosynthesis research",2013,article,mutualist,P3,1,published_article_type,published_research_candidate,manual_biological_estimand_screen
titleyear:study on the ecological and biological features of endangered plant gentiana rigescens|2013,,Study on the Ecological and Biological Features of Endangered Plant Gentiana rigescens,2013,article,mutualist,P3,1,published_article_type,published_research_candidate,manual_biological_estimand_screen
titleyear:the reproductive ecology of plethodontid salamanders in the south carolina inner coastal plain|2013,,The Reproductive Ecology of Plethodontid Salamanders In the South Carolina Inner Coastal Plain,2013,article,antagonist,P3,1,published_article_type,published_research_candidate,manual_biological_estimand_screen
doi:10.1890/11-2120.1,10.1890/11-2120.1,Why do mixotrophic plants stay green? A comparison between green and achlorophyllous orchid individuals in situ,2013,article,antagonist,P3,1,published_article_type,published_research_candidate,manual_biological_estimand_screen
doi:10.22067/jhorts4.v0i0.26387,10.22067/jhorts4.v0i0.26387,ارزیابی خسارت سرمای بهاره در تیپهای مختلف ارقام بادام و زردآلو,2013,article,mutualist,P3,1,published_article_type,published_research_candidate,manual_biological_estimand_screen
titleyear:assessing patterns of hybridization and multiple mechanisms of reproductive isolation between erythronium albidum and its congener e mesochoreum|2012,,Assessing Patterns of Hybridization and Multiple Mechanisms of Reproductive Isolation Between Erythronium albidum and Its Congener E. mesochoreum,2012,article,mutualist,P3,1,published_article_type,published_research_candidate,manual_biological_estimand_screen
doi:10.1111/j.1365-2745.2012.02006.x,10.1111/j.1365-2745.2012.02006.x,Biological Flora of the British Isles:Gymnadenia conopsea s.l.,2012,article,antagonist;mutualist,P3,1,published_article_type,published_research_candidate,manual_biological_estimand_screen
doi:10.3398/064.072.0213,10.3398/064.072.0213,Breeding System and Interaccessional Hybridization ofPurshia tridentataPlants Grown in a Common Garden,2012,article,mutualist,P3,1,published_article_type,published_research_candidate,manual_biological_estimand_screen
titleyear:breeding system and interaccessional hybridization of purshia tridentata plants grown in a common garden|2012,,Breeding system and interaccessional hybridization of Purshia tridentata plants grown in a common garden,2012,article,mutualist,P3,1,published_article_type,published_research_candidate,manual_biological_estimand_screen
doi:10.1104/pp.112.204750,10.1104/pp.112.204750,Climate Change: Resetting Plant-Insect Interactions,2012,article,antagonist;mutualist,P3,1,published_article_type,published_research_candidate,manual_biological_estimand_screen
doi:10.1098/rstb.2011.0346,10.1098/rstb.2011.0346,Climate change effects on above- and below-ground interactions in a dryland ecosystem.,2012,"Journal Article,Research Support, Non-U.S. Gov't",antagonist,P3,1,published_article_type,published_research_candidate,manual_biological_estimand_screen
doi:10.1111/j.1472-4642.2011.00880.x,10.1111/j.1472-4642.2011.00880.x,Climate change might increase the invasion potential of the alien C4 grass Setaria parviflora (Poaceae) in the Mediterranean Basin,2012,article,mutualist,P3,1,published_article_type,published_research_candidate,manual_biological_estimand_screen
doi:10.1104/pp.112.206524,10.1104/pp.112.206524,Consequences of Climate Warming and Altered Precipitation Patterns for Plant-Insect and Multitrophic Interactions,2012,article,antagonist,P3,1,published_article_type,published_research_candidate,manual_biological_estimand_screen
doi:10.1111/j.1365-2435.2011.01938.x,10.1111/j.1365-2435.2011.01938.x,Co‐infections and the third trophic level,2012,article,antagonist,P3,1,published_article_type,published_research_candidate,manual_biological_estimand_screen
titleyear:did neanderthals and carnivores compete for animal nutritional resources in the surroundings of the cave of zafarraya|2012,,Did Neanderthals and carnivores compete for animal nutritional resources in the surroundings of the Cave of Zafarraya,2012,article,antagonist,P3,1,published_article_type,published_research_candidate,manual_biological_estimand_screen
doi:10.1890/154-9295-10.4.172,10.1890/154-9295-10.4.172,Dispatches,2012,article,mutualist,P3,1,published_article_type,published_research_candidate,manual_biological_estimand_screen
doi:10.1890/1540-9295-10.2.60,10.1890/1540-9295-10.2.60,Dispatches,2012,article,antagonist,P3,1,published_article_type,published_research_candidate,manual_biological_estimand_screen
doi:10.1007/s00442-011-2094-x,10.1007/s00442-011-2094-x,Effects of floral restrictiveness and stigma size on heterospecific pollen receipt in a prairie community.,2012,"Journal Article,Research Support, Non-U.S. Gov't,Research Support, U.S. Gov't, Non-P.H.S.",mutualist,P3,1,published_article_type,published_research_candidate,manual_biological_estimand_screen
doi:10.4039/tce.2012.73,10.4039/tce.2012.73,Egg hatch of forest tent caterpillar (Lepidoptera: Lasiocampidae) on two preferred host species,2012,article,antagonist,P3,1,published_article_type,published_research_candidate,manual_biological_estimand_screen
doi:10.3159/torrey-d-12-00005.1,10.3159/torrey-d-12-00005.1,Floral and reproductive biology of the Mexican endemic Chamaecrista chamaecristoides (Fabaceae)1,2012,article,mutualist,P3,1,published_article_type,published_research_candidate,manual_biological_estimand_screen
titleyear:floral sex allocation and flowering pattern in the andromonocious soranthus meyeri apiaceae|2012,,Floral sex allocation and flowering pattern in the andromonocious Soranthus meyeri (Apiaceae),2012,article,mutualist,P3,1,published_article_type,published_research_candidate,manual_biological_estimand_screen
doi:10.1139/b2012-083,10.1139/b2012-083,Hybridization betweenPyrola grandifloraandPyrola minorin West Greenland: a tension zone maintained by clonality,2012,article,mutualist,P3,1,published_article_type,published_research_candidate,manual_biological_estimand_screen
doi:10.15373/22778179/feb2014/182,10.15373/22778179/feb2014/182,Incidence of Galleria Mellonella Infestation on Apis Dorsata Colonies At Different Regions of South-Western Karnataka,2012,article,mutualist,P3,1,published_article_type,published_research_candidate,manual_biological_estimand_screen
titleyear:infloresc ncias da holoparasita de ra zes langsdorffia hypogaea balanophoraceae como recurso chave para uma fauna generalista na esta o seca|2012,,Inflorescências da holoparasita de raízes Langsdorffia hypogaea (Balanophoraceae) como recurso chave para uma fauna generalista na estação seca.,2012,article,mutualist,P3,1,published_article_type,published_research_candidate,manual_biological_estimand_screen
doi:10.1371/journal.pone.0031135,10.1371/journal.pone.0031135,Marine invasion in the Mediterranean Sea: the role of abiotic factors when there is no biological resistance.,2012,"Journal Article,Research Support, Non-U.S. Gov't",antagonist,P3,1,published_article_type,published_research_candidate,manual_biological_estimand_screen
doi:10.1007/s00442-012-2297-9,10.1007/s00442-012-2297-9,Phenotypic and genetic differentiation among yellow monkeyflower populations from thermal and non-thermal soils in Yellowstone National Park.,2012,"Journal Article,Research Support, Non-U.S. Gov't,Research Support, U.S. Gov't, Non-P.H.S.",mutualist,P3,1,published_article_type,published_research_candidate,manual_biological_estimand_screen
doi:10.5897/jmpr11.1303,10.5897/jmpr11.1303,Reproductive behaviour and breeding system of wild and cultivated types of Withania somnifera (L.) Dunal,2012,article,mutualist,P3,1,published_article_type,published_research_candidate,manual_biological_estimand_screen
doi:10.1111/j.1756-1051.2012.01437.x,10.1111/j.1756-1051.2012.01437.x,"Reproductive biology and reproductive output assessment in natural and introduced subpopulations of Apium bermejoi, a ‘Critically Endangered’ endemic plant from Menorca (western Mediterranean)",2012,article,mutualist,P3,1,published_article_type,published_research_candidate,manual_biological_estimand_screen
doi:10.1071/bt10282,10.1071/bt10282,Reproductive biology of Monttea aphylla (Scrophulariaceae),2012,article,mutualist,P3,1,published_article_type,published_research_candidate,manual_biological_estimand_screen
doi:10.1016/j.flora.2012.07.004,10.1016/j.flora.2012.07.004,"Reproductive biology of Ranunculus weyleri (Ranunculaceae), a narrowly endemic plant from the Balearic Islands with disjunct populations",2012,article,antagonist;mutualist,P3,1,published_article_type,published_research_candidate,manual_biological_estimand_screen
doi:10.1007/s00606-012-0643-3,10.1007/s00606-012-0643-3,Reproductive isolation between diploid and tetraploid cytotypes of Libidibia ferrea (= Caesalpinia ferrea) (Leguminosae): ecological and taxonomic implications,2012,article,mutualist,P3,1,published_article_type,published_research_candidate,manual_biological_estimand_screen
doi:10.1007/s11632-012-0107-4,10.1007/s11632-012-0107-4,Temporal and spatial variation of pollen yield in natural populations of Pinus roxburghii,2012,article,mutualist,P3,1,published_article_type,published_research_candidate,manual_biological_estimand_screen
doi:10.1007/s10682-012-9565-3,10.1007/s10682-012-9565-3,Temporal variation in the selection on floral traits in Cyclopogon elatus (Orchidaceae),2012,article,mutualist,P3,1,published_article_type,published_research_candidate,manual_biological_estimand_screen
titleyear:the germplasm resources investigation and study on reproductive characteristics of gentiana rigescens|2012,,The Germplasm Resources Investigation and Study on Reproductive Characteristics of Gentiana rigescens,2012,article,mutualist,P3,1,published_article_type,published_research_candidate,manual_biological_estimand_screen
doi:10.1093/aob/mcs224,10.1093/aob/mcs224,"The ecology of plant populations: their dynamics, interactions and evolution",2012,article,antagonist;mutualist,P3,1,published_article_type,published_research_candidate,manual_biological_estimand_screen
doi:10.1371/journal.pone.0045796,10.1371/journal.pone.0045796,The overlooked biodiversity of flower-visiting invertebrates.,2012,"Journal Article,Research Support, Non-U.S. Gov't",antagonist,P3,1,published_article_type,published_research_candidate,manual_biological_estimand_screen
titleyear:trait variations of male torreya grandis trees|2012,,Trait variations of male Torreya grandis trees,2012,article,mutualist,P3,1,published_article_type,published_research_candidate,manual_biological_estimand_screen
doi:10.1038/nature10928,10.1038/nature10928,Transcription factor PIF4 controls the thermosensory activation of flowering.,2012,"Journal Article,Research Support, Non-U.S. Gov't",mutualist,P3,1,published_article_type,published_research_candidate,manual_biological_estimand_screen
doi:10.22092/spij.2017.111125,10.22092/spij.2017.111125,دماوند، رقم جدید گردو به عنوان گردهدهنده برای ارقام و ژنوتیپهای گردوی ایرانی,2012,article,mutualist,P3,1,published_article_type,published_research_candidate,manual_biological_estimand_screen
doi:10.1111/j.1365-2435.2010.01820.x,10.1111/j.1365-2435.2010.01820.x,An introduction to ecological immunology,2011,article,antagonist,P3,1,published_article_type,published_research_candidate,manual_biological_estimand_screen
doi:10.1111/j.1365-2745.2011.01868.x,10.1111/j.1365-2745.2011.01868.x,Biological Flora of the British Isles: Pseudorchis albida (L.) Á. & D. Löve,2011,article,antagonist;mutualist,P3,1,published_article_type,published_research_candidate,manual_biological_estimand_screen
doi:10.1111/j.1365-2745.2011.01839.x,10.1111/j.1365-2745.2011.01839.x,Biological Flora of the British Isles:Epipogium aphyllumSw.,2011,article,antagonist,P3,1,published_article_type,published_research_candidate,manual_biological_estimand_screen
doi:10.1111/j.1365-2745.2011.01897.x,10.1111/j.1365-2745.2011.01897.x,Biological flora of the British Isles: Orchis anthropophora (L.) All. (Aceras anthropophorum (L.) W.T. Aiton),2011,article,antagonist;mutualist,P3,1,published_article_type,published_research_candidate,manual_biological_estimand_screen
doi:10.1673/031.011.12701,10.1673/031.011.12701,"Biology and Life History ofBalcha indica, an Ectoparasitoid Attacking the Emerald Ash Borer,Agrilus planipennis, in North America",2011,article,antagonist,P3,1,published_article_type,published_research_candidate,manual_biological_estimand_screen
doi:10.1653/024.094.0430,10.1653/024.094.0430,"Biology and Life History ofTetrastichus planipennisi(Hymenoptera: Eulophidae), a Larval Endoparasitoid of the Emerald Ash Borer (Coleoptera: Buprestidae)",2011,article,antagonist,P3,1,published_article_type,published_research_candidate,manual_biological_estimand_screen
doi:10.7936/k75x26zw,10.7936/k75x26zw,Causes of rarity in glade-endemic plants: Implications for responses to climate change,2011,article,mutualist,P3,1,published_article_type,published_research_candidate,manual_biological_estimand_screen
doi:10.1603/en10253,10.1603/en10253,"Comparison of trapping for eggs, females, and males of the naval orangeworm (Lepidoptera: Pyralidae) in almonds.",2011,"Comparative Study,Journal Article",antagonist,P3,1,published_article_type,published_research_candidate,manual_biological_estimand_screen
doi:10.1016/j.pocean.2011.02.004,10.1016/j.pocean.2011.02.004,"Consequences of changing sea-ice cover for primary and secondary producers in the European Arctic shelf seas: Timing, quantity, and quality",2011,article,antagonist,P3,1,published_article_type,published_research_candidate,manual_biological_estimand_screen
doi:10.1603/en11054,10.1603/en11054,Consequences of habitat fragmentation for the prairie-endemic weevil Haplorhynchites aeneus.,2011,"Journal Article,Research Support, Non-U.S. Gov't",antagonist,P3,1,published_article_type,published_research_candidate,manual_biological_estimand_screen
doi:10.1111/j.1600-0706.2011.20244.x,10.1111/j.1600-0706.2011.20244.x,Contrasting timing of parturition of chital Axis axis and gaur Bos gaurus in tropical South India – the role of body mass and seasonal forage quality,2011,article,antagonist,P3,1,published_article_type,published_research_candidate,manual_biological_estimand_screen
doi:10.5897/ajar11.333,10.5897/ajar11.333,Determination and evaluation of superior self-compatible almond genotypes resulting from crosses between “Touno” and “Ferragnes” in Iran,2011,article,mutualist,P3,1,published_article_type,published_research_candidate,manual_biological_estimand_screen
doi:10.1007/s11284-010-0799-7,10.1007/s11284-010-0799-7,"Effects of mixed‐species pollen load on fruits, seeds, and seedlings of two sympatric columnar cactus species",2011,article,mutualist,P3,1,published_article_type,published_research_candidate,manual_biological_estimand_screen
titleyear:floral biological characteristics of saussurea involucrata in relation to ecological adaptation|2011,,Floral biological characteristics of Saussurea involucrata in relation to ecological adaptation,2011,article,mutualist,P3,1,published_article_type,published_research_candidate,manual_biological_estimand_screen
doi:10.1093/pcp/pcr111,10.1093/pcp/pcr111,Flowering Research in Taiwan,2011,article,mutualist,P3,1,published_article_type,published_research_candidate,manual_biological_estimand_screen
doi:10.1111/j.1420-9101.2011.02404.x,10.1111/j.1420-9101.2011.02404.x,Genetic differentiation in life-history traits of introduced and native common ragweed (Ambrosia artemisiifolia) populations.,2011,"Comparative Study,Journal Article,Research Support, Non-U.S. Gov't",antagonist,P3,1,published_article_type,published_research_candidate,manual_biological_estimand_screen
doi:10.1007/s10592-011-0191-3,10.1007/s10592-011-0191-3,"Habitat fragmentation, genetic diversity, and inbreeding depression in a threatened grassland legume: is genetic rescue necessary?",2011,article,mutualist,P3,1,published_article_type,published_research_candidate,manual_biological_estimand_screen
doi:10.1673/031.011.6301,10.1673/031.011.6301,"How dietary phosphorus availability during development influences condition and life history traits of the cricket, Acheta domesticas.",2011,"Journal Article,Research Support, Non-U.S. Gov't",antagonist,P3,1,published_article_type,published_research_candidate,manual_biological_estimand_screen
doi:10.1603/en11027,10.1603/en11027,Interaction between Uroplata girardi (Coleoptera: Chrysomelidae) and Ophiomyia camarae (Diptera: Agromyzidae) on a shared host Lantana camara (Verbenaceae).,2011,"Journal Article,Research Support, Non-U.S. Gov't",antagonist,P3,1,published_article_type,published_research_candidate,manual_biological_estimand_screen
doi:10.1603/an11075,10.1603/an11075,Introduction to the Natural History and Interaction Diversity of Neotropical Plant-Caterpillar-Parasitoid Systems,2011,article,antagonist,P3,1,published_article_type,published_research_candidate,manual_biological_estimand_screen
doi:10.1371/journal.pone.0026275,10.1371/journal.pone.0026275,Invasive plants and enemy release: evolution of trait means and trait correlations in Ulex europaeus.,2011,"Journal Article,Research Support, Non-U.S. Gov't",antagonist,P3,1,published_article_type,published_research_candidate,manual_biological_estimand_screen
doi:10.5897/ajar11.090,10.5897/ajar11.090,Investigations on fertilization biology and description of fruit characteristics of some persimmon (Diospyros kaki) cultigens,2011,article,mutualist,P3,1,published_article_type,published_research_candidate,manual_biological_estimand_screen
doi:10.1093/aob/mcq262,10.1093/aob/mcq262,Predator satiation and recruitment in a mast fruiting monocarpic forest herb.,2011,"Journal Article,Research Support, Non-U.S. Gov't",antagonist;mutualist,P3,1,published_article_type,published_research_candidate,manual_biological_estimand_screen
doi:10.1007/s00606-011-0510-7,10.1007/s00606-011-0510-7,Reproductive barriers in Annona cherimola (Mill.) outside of its native area,2011,article,mutualist,P3,1,published_article_type,published_research_candidate,manual_biological_estimand_screen
doi:10.1007/s00606-011-0437-z,10.1007/s00606-011-0437-z,Reproductive biology and isolation mechanisms in rupicolous species of the Acianthera prolifera complex (Orchidaceae) occurring in southeastern Brazil,2011,article,mutualist,P3,1,published_article_type,published_research_candidate,manual_biological_estimand_screen
titleyear:reproductive biology of the endangered and endemic palm johannesteijsmannia lanceolata arecaceae|2011,,Reproductive biology of the endangered and endemic palm Johannesteijsmannia lanceolata (Arecaceae).,2011,article,mutualist,P3,1,published_article_type,published_research_candidate,manual_biological_estimand_screen
titleyear:reproductive ecology of bulbophyllum ambrosia orchidaceae|2011,,Reproductive ecology of Bulbophyllum ambrosia (Orchidaceae),2011,article,mutualist,P3,1,published_article_type,published_research_candidate,manual_biological_estimand_screen
titleyear:research advances on dichogamy of walnut|2011,,Research Advances on Dichogamy of Walnut,2011,article,mutualist,P3,1,published_article_type,published_research_candidate,manual_biological_estimand_screen
doi:10.1670/10-135.1,10.1670/10-135.1,Seasonal Microhabitat Selection and Use of Syntopic Populations of Lithobates okaloosae and Lithobates clamitans clamitans,2011,article,antagonist,P3,1,published_article_type,published_research_candidate,manual_biological_estimand_screen
doi:10.1016/j.actao.2011.05.013,10.1016/j.actao.2011.05.013,Sex allocation and functional bias of quaternary and quinary flowers on same inflorescence in the hermaphrodite Ruta graveolens,2011,article,mutualist,P3,1,published_article_type,published_research_candidate,manual_biological_estimand_screen
doi:10.1111/j.1756-1051.2010.00798.x,10.1111/j.1756-1051.2010.00798.x,"The dynamics of pollen removal and deposition, and its effects on sexual phases in a protandrous plant: Glechoma longituba (Lamiaceae)",2011,article,mutualist,P3,1,published_article_type,published_research_candidate,manual_biological_estimand_screen
titleyear:the pollen dispersal characteristics of hemarthria compressa|2011,,The pollen dispersal characteristics of Hemarthria compressa,2011,article,mutualist,P3,1,published_article_type,published_research_candidate,manual_biological_estimand_screen
doi:10.1111/j.1469-8137.2010.03607.x,10.1111/j.1469-8137.2010.03607.x,Trait divergence and the ecosystem impacts of invading species,2011,article,antagonist,P3,1,published_article_type,published_research_candidate,manual_biological_estimand_screen
doi:10.1111/j.1365-2745.2010.01790.x,10.1111/j.1365-2745.2010.01790.x,What defines mast seeding? Spatio‐temporal patterns of cone production by whitebark pine,2011,article,antagonist;mutualist,P3,1,published_article_type,published_research_candidate,manual_biological_estimand_screen
doi:10.1093/aob/mcq013,10.1093/aob/mcq013,Asymmetrical conspecific seed-siring advantage between Silene latifolia and S. dioica.,2010,"Journal Article,Research Support, U.S. Gov't, Non-P.H.S.",mutualist,P3,1,published_article_type,published_research_candidate,manual_biological_estimand_screen
doi:10.1111/j.1365-2745.2010.01678.x,10.1111/j.1365-2745.2010.01678.x,Biological Flora of the British Isles: Cirsium arvense (L.) Scop.,2010,article,antagonist;mutualist,P3,1,published_article_type,published_research_candidate,manual_biological_estimand_screen
doi:10.1111/j.1365-2745.2010.01701.x,10.1111/j.1365-2745.2010.01701.x,Biological Flora of the British Isles:Spiranthes spiralis(L.) Chevall.,2010,article,antagonist;mutualist,P3,1,published_article_type,published_research_candidate,manual_biological_estimand_screen
titleyear:bionomics and control of lasiognatha cellifera in beibu gulf of guangxi|2010,,Bionomics and control of Lasiognatha cellifera in Beibu Gulf of Guangxi,2010,article,antagonist,P3,1,published_article_type,published_research_candidate,manual_biological_estimand_screen
doi:10.1007/s10682-010-9439-5,10.1007/s10682-010-9439-5,Breeding barriers at a diploid–hexaploid contact zone in Aster amellus,2010,article,mutualist,P3,1,published_article_type,published_research_candidate,manual_biological_estimand_screen
doi:10.1002/cplx.20362,10.1002/cplx.20362,Complexity at large,2010,article,mutualist,P3,1,published_article_type,published_research_candidate,manual_biological_estimand_screen
doi:10.21608/jpp.2010.86585,10.21608/jpp.2010.86585,EVALUATION OF SOME IMPORTED PECAN VARIETIES UNDER GIZA GOVERNORATE ENVIRONMENTAL CONDITIONS,2010,article,mutualist,P3,1,published_article_type,published_research_candidate,manual_biological_estimand_screen
doi:10.1111/j.1469-8137.2010.03395.x,10.1111/j.1469-8137.2010.03395.x,Ecology and evolution on the banks of the St Lawrence,2010,article,mutualist,P3,1,published_article_type,published_research_candidate,manual_biological_estimand_screen
titleyear:effect of global warming on insect a literature review|2010,,Effect of global warming on insect:a literature review,2010,article,antagonist,P3,1,published_article_type,published_research_candidate,manual_biological_estimand_screen
doi:10.1007/s10682-010-9430-1,10.1007/s10682-010-9430-1,Evolutionary consequences of habitat fragmentation: population size and density affect selection on inflorescence size in a perennial herb,2010,article,mutualist,P3,1,published_article_type,published_research_candidate,manual_biological_estimand_screen
doi:10.1111/j.1469-8137.2010.03487.x,10.1111/j.1469-8137.2010.03487.x,Flower power,2010,article,mutualist,P3,1,published_article_type,published_research_candidate,manual_biological_estimand_screen
doi:10.1016/j.flora.2010.04.007,10.1016/j.flora.2010.04.007,Functional traits and life history diversity of the North Africa endemic Ebenus pinnata Aiton,2010,article,antagonist,P3,1,published_article_type,published_research_candidate,manual_biological_estimand_screen
titleyear:klimatf r ndringens inverkan p synkronismen mellan tre trofiniv er|2010,,Klimatförändringens inverkan på synkronismen mellan tre trofinivåer.,2010,article,antagonist,P3,1,published_article_type,published_research_candidate,manual_biological_estimand_screen
doi:10.1016/j.flora.2010.11.006,10.1016/j.flora.2010.11.006,"Life history and demographic features of Astragalus nitidiflorus, a critically endangered species",2010,article,mutualist,P3,1,published_article_type,published_research_candidate,manual_biological_estimand_screen
doi:10.1002/etc.98,10.1002/etc.98,Oribatid mites in soil toxicity testing-the use of Oppia nitens (C.L. Koch) as a new test species.,2010,"Journal Article,Research Support, Non-U.S. Gov't",antagonist,P3,1,published_article_type,published_research_candidate,manual_biological_estimand_screen
doi:10.1111/j.1365-2745.2010.01773.x,10.1111/j.1365-2745.2010.01773.x,Plant‐mediated interactions between above‐ and below‐ground communities at multiple trophic levels,2010,article,antagonist;mutualist,P3,1,published_article_type,published_research_candidate,manual_biological_estimand_screen
doi:10.1603/en09282,10.1603/en09282,Population dynamics and structure of the neotropical bark bug Phloea subquadrata (Hemiptera: Phloeidae) on Plinia cauliflora (Myrtaceae).,2010,"Journal Article,Research Support, Non-U.S. Gov't",antagonist,P3,1,published_article_type,published_research_candidate,manual_biological_estimand_screen
doi:10.1111/j.1442-1984.2010.00311.x,10.1111/j.1442-1984.2010.00311.x,"Reproductive biology of Azadirachta indica (Meliaceae), a medicinal tree species from arid zones",2010,article,mutualist,P3,1,published_article_type,published_research_candidate,manual_biological_estimand_screen
doi:10.1007/s00606-010-0296-z,10.1007/s00606-010-0296-z,Reproductive biology of an alpine orchid Phaius delavayi,2010,article,mutualist,P3,1,published_article_type,published_research_candidate,manual_biological_estimand_screen
doi:10.1016/j.jaridenv.2010.05.029,10.1016/j.jaridenv.2010.05.029,"Reproductive biology of woody species in Caatinga, a dry forest of northeastern Brazil",2010,article,mutualist,P3,1,published_article_type,published_research_candidate,manual_biological_estimand_screen
doi:10.1093/aob/mcq198,10.1093/aob/mcq198,Reproductive ecology of the basal angiosperm Trithuria submersa (Hydatellaceae).,2010,"Journal Article,Research Support, U.S. Gov't, Non-P.H.S.",mutualist,P3,1,published_article_type,published_research_candidate,manual_biological_estimand_screen
doi:10.1016/j.jinsphys.2010.04.009,10.1016/j.jinsphys.2010.04.009,"Reproductive plasticity, ovarian dynamics and maternal effects in response to temperature and flight in Pararge aegeria.",2010,"Journal Article,Research Support, Non-U.S. Gov't",antagonist,P3,1,published_article_type,published_research_candidate,manual_biological_estimand_screen
titleyear:short communication reproductive biology of macleania rupestris ericaceae a pollen limited neotropical cloud forest species in costa rica|2010,,"SHORT COMMUNICATION Reproductive biology of Macleania rupestris (Ericaceae), a pollen-limited Neotropical cloud-forest species in Costa Rica",2010,article,mutualist,P3,1,published_article_type,published_research_candidate,manual_biological_estimand_screen
doi:10.1111/j.1365-2745.2010.01717.x,10.1111/j.1365-2745.2010.01717.x,The shared influence of phylogeny and ecology on the reproductive patterns of Myrteae (Myrtaceae),2010,article,mutualist,P3,1,published_article_type,published_research_candidate,manual_biological_estimand_screen
doi:10.1111/j.1438-8677.2009.00234.x,10.1111/j.1438-8677.2009.00234.x,Timing of induced resistance in a clonal plant network.,2010,"Journal Article,Research Support, Non-U.S. Gov't",antagonist,P3,1,published_article_type,published_research_candidate,manual_biological_estimand_screen
doi:10.17221/36/2009-hortsci,10.17221/36/2009-hortsci,Tree growth characteristics and flower bud differentiation of sweet cherry (Prunus avium L.) under different climate conditions in China,2010,article,mutualist,P3,1,published_article_type,published_research_candidate,manual_biological_estimand_screen
doi:10.1104/pp.108.131573,10.1104/pp.108.131573,Analysis of the Nicotiana tabacum stigma/style transcriptome reveals gene expression differences between wet and dry stigma species.,2009,"Journal Article,Research Support, Non-U.S. Gov't",mutualist,P3,1,published_article_type,published_research_candidate,manual_biological_estimand_screen
doi:10.1111/j.1365-2745.2008.01473.x,10.1111/j.1365-2745.2008.01473.x,Biological Flora of the British Isles:Orchis mascula(L.) L.,2009,article,antagonist;mutualist,P3,1,published_article_type,published_research_candidate,manual_biological_estimand_screen
doi:10.3732/ajb.0800319,10.3732/ajb.0800319,Comparative analysis of the reproductive ecology of Monotropa and Monotropsis: Two mycoheterotrophic genera in the Monotropoideae (Ericaceae).,2009,Journal Article,antagonist;mutualist,P3,1,published_article_type,published_research_candidate,manual_biological_estimand_screen
doi:10.1111/j.1365-3032.2009.00692.x,10.1111/j.1365-3032.2009.00692.x,Comparative study of temperature‐dependent life histories of three economically important Adelphocoris spp.,2009,article,antagonist,P3,1,published_article_type,published_research_candidate,manual_biological_estimand_screen
doi:10.1111/j.1442-1984.2009.00234.x,10.1111/j.1442-1984.2009.00234.x,"Comparisons of breeding systems between two sympatric species, Nastanthus spathulatus (Calyceraceae) and Rhodophiala rhodolirion (Amaryllidaceae), in the high Andes of central Chile",2009,article,mutualist,P3,1,published_article_type,published_research_candidate,manual_biological_estimand_screen
doi:10.1111/j.1570-7458.2009.00915.x,10.1111/j.1570-7458.2009.00915.x,"Effect of seasonal variation in host‐plant quality on the rice leaf bug, Trigonotylus caelestialium",2009,article,antagonist,P3,1,published_article_type,published_research_candidate,manual_biological_estimand_screen
titleyear:flowering pattern and protandry in boesenbergia longiflora|2009,,FLOWERING PATTERN AND PROTANDRY IN BOESENBERGIA LONGIFLORA,2009,article,mutualist,P3,1,published_article_type,published_research_candidate,manual_biological_estimand_screen
doi:10.1890/08-1616.1,10.1890/08-1616.1,Host resistance reverses the outcome of competition between microparasites.,2009,"Journal Article,Research Support, U.S. Gov't, Non-P.H.S.",antagonist,P3,1,published_article_type,published_research_candidate,manual_biological_estimand_screen
doi:10.1111/j.1461-0248.2009.01365.x,10.1111/j.1461-0248.2009.01365.x,"How do plants know when other plants are flowering? Resource depletion, pollen limitation and mast-seeding in a perennial wildflower.",2009,"Journal Article,Research Support, U.S. Gov't, Non-P.H.S.",mutualist,P3,1,published_article_type,published_research_candidate,manual_biological_estimand_screen
doi:10.1016/j.scienta.2009.02.028,10.1016/j.scienta.2009.02.028,Investigation of the fertilization biology of some sweet cherry cultivars grown in the Central Northern Anatolian Region of Turkey,2009,article,mutualist,P3,1,published_article_type,published_research_candidate,manual_biological_estimand_screen
titleyear:keragaman efektivitas dan perilaku kunjungan serangga penyerbuk pada tanaman jarak pagar jatropha curcas l euphorbiaceae|2009,,"Keragaman, Efektivitas, dan Perilaku Kunjungan Serangga Penyerbuk pada Tanaman Jarak Pagar (Jatropha curcas L.: Euphorbiaceae)",2009,article,mutualist,P3,1,published_article_type,published_research_candidate,manual_biological_estimand_screen
doi:10.4081/ija.2009.s1.45,10.4081/ija.2009.s1.45,Potenziale impatto dei cambiamenti climatici nell’evoluzione floristica di fitocenosi spontanee in agroecosistemi mediterranei,2009,article,mutualist,P3,1,published_article_type,published_research_candidate,manual_biological_estimand_screen
doi:10.1016/j.biocontrol.2009.01.022,10.1016/j.biocontrol.2009.01.022,Predicting the effects of climate change on natural enemies of agricultural pests,2009,article,antagonist,P3,1,published_article_type,published_research_candidate,manual_biological_estimand_screen
doi:10.1016/j.biocon.2009.03.025,10.1016/j.biocon.2009.03.025,"Reproductive biology and conservation implications of three endangered snapdragon species (Antirrhinum, Plantaginaceae)",2009,article,mutualist,P3,1,published_article_type,published_research_candidate,manual_biological_estimand_screen
doi:10.1111/j.1095-8339.2009.01001.x,10.1111/j.1095-8339.2009.01001.x,Reproductive biology of five native plant species from the Monte Desert of Argentina,2009,article,mutualist,P3,1,published_article_type,published_research_candidate,manual_biological_estimand_screen
doi:10.1016/j.flora.2008.11.005,10.1016/j.flora.2008.11.005,Reproductive biology of two species of Canavalia DC. (Fabaceae)—A non-conventional wild legume,2009,article,mutualist,P3,1,published_article_type,published_research_candidate,manual_biological_estimand_screen
doi:10.1111/j.1759-6831.2009.00019.x,10.1111/j.1759-6831.2009.00019.x,Reproductive traits associated with invasiveness in Conyza sumatrensis,2009,article,mutualist,P3,1,published_article_type,published_research_candidate,manual_biological_estimand_screen
doi:10.1007/s12038-009-0112-5,10.1007/s12038-009-0112-5,Sex expression and breeding strategy in Commelina benghalensis L.,2009,article,mutualist,P3,1,published_article_type,published_research_candidate,manual_biological_estimand_screen
titleyear:studies on the role of ants in reproductive efficiency of three species of phyllanthus l|2009,,Studies on the role of ants in reproductive efficiency of three species of Phyllanthus L.,2009,article,mutualist,P3,1,published_article_type,published_research_candidate,manual_biological_estimand_screen
doi:10.13140/rg.2.2.31599.76961,10.13140/rg.2.2.31599.76961,The Reproductive Biology and Ecology of Johannesteijsmannia lanceolata J. Dransf. (Arecaceae),2009,article,mutualist,P3,1,published_article_type,published_research_candidate,manual_biological_estimand_screen
doi:10.1071/bt09040,10.1071/bt09040,Using hierarchies of cause to inform conservation of a naturally rare but critically endangered shrub Lasiopetalum pterocarpum (Malvaceae s.l.),2009,article,mutualist,P3,1,published_article_type,published_research_candidate,manual_biological_estimand_screen
doi:10.1111/j.1469-8137.2009.03077.x,10.1111/j.1469-8137.2009.03077.x,Weeds of agricultural importance: bridging the gap between evolutionary ecology and crop and weed science,2009,article,antagonist,P3,1,published_article_type,published_research_candidate,manual_biological_estimand_screen
doi:10.1098/rstb.2007.2144,10.1098/rstb.2007.2144,Adapting to the unpredictable: reproductive biology of vertebrates in the Australian wet-dry tropics.,2008,"Journal Article,Research Support, Non-U.S. Gov't",antagonist,P3,1,published_article_type,published_research_candidate,manual_biological_estimand_screen
doi:10.1016/j.eurpsy.2008.01.483,10.1016/j.eurpsy.2008.01.483,Amygdala-Orbitofrontal connectivity and 5-HTT genotype effects in healthy controls and patients with major depression,2008,article,mutualist,P3,1,published_article_type,published_research_candidate,manual_biological_estimand_screen
doi:10.1104/pp.107.113142,10.1104/pp.107.113142,Avoiding Effective Defenses: Strategies Employed by Phloem-Feeding Insects,2008,article,antagonist,P3,1,published_article_type,published_research_candidate,manual_biological_estimand_screen
doi:10.1111/j.1365-2745.2008.01397.x,10.1111/j.1365-2745.2008.01397.x,Biological Flora of the British Isles: Paris quadrifolia L.,2008,article,antagonist;mutualist,P3,1,published_article_type,published_research_candidate,manual_biological_estimand_screen
doi:10.1016/j.foreco.2008.04.031,10.1016/j.foreco.2008.04.031,"Density-dependent selfing and its effects on seed performance in a tropical canopy tree species, Shorea acuminata (Dipterocarpaceae)",2008,article,mutualist,P3,1,published_article_type,published_research_candidate,manual_biological_estimand_screen
doi:10.1104/pp.107.111542,10.1104/pp.107.111542,Ecological Genomics of Plant-Insect Interactions: From Gene to Community,2008,article,antagonist,P3,1,published_article_type,published_research_candidate,manual_biological_estimand_screen
doi:10.1104/pp.107.113472,10.1104/pp.107.113472,Facing the Future of Plant-Insect Interaction Research: Le Retour a la “Raison d'Etre”,2008,article,antagonist,P3,1,published_article_type,published_research_candidate,manual_biological_estimand_screen
doi:10.1071/bt07147,10.1071/bt07147,Floral development and breeding systems of Dryandra sessilis and Grevillea wilsonii (Proteaceae),2008,article,mutualist,P3,1,published_article_type,published_research_candidate,manual_biological_estimand_screen
doi:10.1016/j.ecolmodel.2008.06.027,10.1016/j.ecolmodel.2008.06.027,How do forage availability and climate control sheep reproductive performance?,2008,article,antagonist,P3,1,published_article_type,published_research_candidate,manual_biological_estimand_screen
doi:10.3732/ajb.2007403,10.3732/ajb.2007403,Hybridization and crossability in Caiophora (Loasaceae subfam. Loasoideae): Are interfertile species and inbred populations results of a recent radiation?,2008,article,mutualist,P3,1,published_article_type,published_research_candidate,manual_biological_estimand_screen
doi:10.1016/j.biocontrol.2008.04.001,10.1016/j.biocontrol.2008.04.001,"Impact of the biological control agent Rhinoncomimus latipes (Coleoptera: Curculionidae) on mile-a-minute weed, Persicaria perfoliata, in field cages",2008,article,antagonist,P3,1,published_article_type,published_research_candidate,manual_biological_estimand_screen
doi:10.1093/treephys/28.6.977,10.1093/treephys/28.6.977,Intra-plant variation in cyanogenesis and the continuum of foliar plant defense traits in the rainforest tree Ryparosa kurrangii (Achariaceae).,2008,"Journal Article,Research Support, Non-U.S. Gov't",antagonist,P3,1,published_article_type,published_research_candidate,manual_biological_estimand_screen
doi:10.1093/jhered/esn066,10.1093/jhered/esn066,Mendel's Search for True-Breeding Hybrids,2008,article,mutualist,P3,1,published_article_type,published_research_candidate,manual_biological_estimand_screen
doi:10.1111/j.1442-9993.2007.01792.x,10.1111/j.1442-9993.2007.01792.x,Patterns and mechanisms of masting in the large‐seeded southern hemisphere conifer Araucaria araucana,2008,article,antagonist;mutualist,P3,1,published_article_type,published_research_candidate,manual_biological_estimand_screen
doi:10.1371/journal.pbio.0060075,10.1371/journal.pbio.0060075,Predators Make (Temporary) Escape from Coevolutionary Arms Race,2008,article,mutualist,P3,1,published_article_type,published_research_candidate,manual_biological_estimand_screen
doi:10.5897/ajb07.430,10.5897/ajb07.430,"Reproductive biology in the medicinal plant, Plumbago zeylanica L.",2008,article,mutualist,P3,1,published_article_type,published_research_candidate,manual_biological_estimand_screen
doi:10.4067/s0716-078x2008000300004,10.4067/s0716-078x2008000300004,Reproductive biology of the critically endangered endemic Mediterranean plant Coincya rupestris subsp. rupestris (Spain): the effects of competition and summer drought on seedling establishment,2008,article,mutualist,P3,1,published_article_type,published_research_candidate,manual_biological_estimand_screen
titleyear:reproductive biology of the critically endangered endemic mediterranean plant coincya rupestris subsp rupestris spain the effects of competition and summer drought on seedling establishment biolog a reproductiva de la planta end mica mediterr nea amenazada coincya rupestris subsp rupestris espa a efectos de la competencia y sequ a estival en el establecimiento de pl ntulas|2008,,Reproductive biology of the critically endangered endemic Mediterranean plant Coincya rupestris subsp. rupestris (Spain): the effects of competition and summer drought on seedling establishment Biología reproductiva de la planta endémica mediterránea amenazada Coincya rupestris subsp. rupestris (España): efectos de la competencia y sequía estival en el establecimiento de plántulas,2008,article,mutualist,P3,1,published_article_type,published_research_candidate,manual_biological_estimand_screen
titleyear:reproductive ecology and population genetics of myco heterotrophic plant species in the monotropoideae ericaceae|2008,,Reproductive ecology and population genetics of myco-heterotrophic plant species in the Monotropoideae (Ericaceae),2008,article,antagonist;mutualist,P3,1,published_article_type,published_research_candidate,manual_biological_estimand_screen
doi:10.1016/j.cub.2008.11.017,10.1016/j.cub.2008.11.017,Shade coffee farms promote genetic diversity of native trees,2008,article,mutualist,P3,1,published_article_type,published_research_candidate,manual_biological_estimand_screen
"doi:10.1016/j.cub.2008.11.017""&gt;https://doi.org/10.1016/j.cub.2008.11.017&lt;/a&gt","10.1016/j.cub.2008.11.017""&gt;https://doi.org/10.1016/j.cub.2008.11.017&lt;/a&gt",Shade coffee farms promote genetic diversity of native trees,2008,article,mutualist,P3,1,published_article_type,published_research_candidate,manual_biological_estimand_screen
doi:10.1890/0012-9623(2008)89[485:sanit]2.0.co;2,10.1890/0012-9623(2008)89[485:sanit]2.0.co;2,Symposium 21. A Niche in Time,2008,article,mutualist,P3,1,published_article_type,published_research_candidate,manual_biological_estimand_screen
doi:10.1111/j.1469-8137.2008.02414.x,10.1111/j.1469-8137.2008.02414.x,To the edge: studies of species’ range limits,2008,article,mutualist,P3,1,published_article_type,published_research_candidate,manual_biological_estimand_screen
titleyear:sinocalycanthus chinensis|2008,,濒危植物夏蜡梅(Sinocalycanthus chinensis)的开花物候与传粉成功,2008,article,mutualist,P3,1,published_article_type,published_research_candidate,manual_biological_estimand_screen
doi:10.1111/j.1558-5646.2007.00218.x,10.1111/j.1558-5646.2007.00218.x,A theoretical investigation of sympatric evolution of temporal reproductive isolation as illustrated by marine broadcast spawners.,2007,"Journal Article,Research Support, U.S. Gov't, Non-P.H.S.",mutualist,P3,1,published_article_type,published_research_candidate,manual_biological_estimand_screen
doi:10.1662/0002-7685(2007)69[477:aeamfc]2.0.co;2,10.1662/0002-7685(2007)69[477:aeamfc]2.0.co;2,Arabidopsis Ecotypes:A Model for Course Projects in Organismal Plant Biology & Evolution,2007,article,mutualist,P3,1,published_article_type,published_research_candidate,manual_biological_estimand_screen
doi:10.2307/4125309,10.2307/4125309,Are Fruit Colors Adapted to Consumer Vision and Birds Equally Efficient in Detecting Colorful Signals?,2007,article,mutualist,P3,1,published_article_type,published_research_candidate,manual_biological_estimand_screen
doi:10.1111/j.1365-2745.2007.01265.x,10.1111/j.1365-2745.2007.01265.x,"Biological Flora of the British Isles: Cirsium dissectum (L.) Hill ( Cirsium tuberosum (L.) All. subsp. anglicum (Lam.) Bonnier; Cnicus pratensis (Huds.) Willd., non Lam.; Cirsium anglicum (Lam.) DC.)",2007,article,antagonist,P3,1,published_article_type,published_research_candidate,manual_biological_estimand_screen
doi:10.1111/j.1469-8137.2007.02127.x,10.1111/j.1469-8137.2007.02127.x,Blowin’ in the wind – the transition from ecotype to species,2007,article,mutualist,P3,1,published_article_type,published_research_candidate,manual_biological_estimand_screen
doi:10.1890/0012-9658(2007)88[200:blroan]2.0.co;2,10.1890/0012-9658(2007)88[200:blroan]2.0.co;2,Browsing lawns? Responses of Acacia nigrescens to ungulate browsing in an African savanna.,2007,"Journal Article,Research Support, Non-U.S. Gov't",antagonist,P3,1,published_article_type,published_research_candidate,manual_biological_estimand_screen
doi:10.1111/j.1469-8137.2006.01925.x,10.1111/j.1469-8137.2006.01925.x,Collinsia sparsiflora in serpentine and nonserpentine habitats: using F2 hybrids to detect the potential role of selection in ecotypic differentiation.,2007,"Journal Article,Research Support, Non-U.S. Gov't",mutualist,P3,1,published_article_type,published_research_candidate,manual_biological_estimand_screen
doi:10.3732/ajb.94.2.260,10.3732/ajb.94.2.260,Duodichogamy and androdioecy in the Chinese Phyllanthaceae Bridelia tomentosa.,2007,Journal Article,mutualist,P3,1,published_article_type,published_research_candidate,manual_biological_estimand_screen
doi:10.4081/ija.2007.55,10.4081/ija.2007.55,"Effects of Temperature, Light and Pre-Chilling on Seed Germination of Stevia rebaudiana (Bertoni) Bertoni Accessions",2007,article,mutualist,P3,1,published_article_type,published_research_candidate,manual_biological_estimand_screen
doi:10.26108/bs9v-hq42,10.26108/bs9v-hq42,Factors affecting pollen flow to Honeycrisp trees in a unique apple orchard,2007,article,mutualist,P3,1,published_article_type,published_research_candidate,manual_biological_estimand_screen
doi:10.1111/j.1442-1984.2007.00191.x,10.1111/j.1442-1984.2007.00191.x,"Floral sex allocation in a hermaphrodite herb with 1‐day flowers, Hosta rectifolia (Liliaceae)",2007,article,mutualist,P3,1,published_article_type,published_research_candidate,manual_biological_estimand_screen
doi:10.1007/s00442-007-0793-0,10.1007/s00442-007-0793-0,Foraging behavior by Daphnia in stoichiometric gradients of food quality,2007,article,antagonist,P3,1,published_article_type,published_research_candidate,manual_biological_estimand_screen
doi:10.1007/s11258-007-9269-x,10.1007/s11258-007-9269-x,Fruit abortion in the Chihuahuan-Desert endemic cactus Opuntia microdasys,2007,article,mutualist,P3,1,published_article_type,published_research_candidate,manual_biological_estimand_screen
doi:10.1111/j.1365-2486.2007.01395.x,10.1111/j.1365-2486.2007.01395.x,"Insects in a warmer world: ecological, physiological and life‐history responses of true bugs (Heteroptera) to climate change",2007,article,antagonist,P3,1,published_article_type,published_research_candidate,manual_biological_estimand_screen
doi:10.1371/journal.pone.0000648,10.1371/journal.pone.0000648,Phenotypic diversity and altered environmental plasticity in Arabidopsis thaliana with reduced Hsp90 levels.,2007,"Journal Article,Research Support, Non-U.S. Gov't",antagonist,P3,1,published_article_type,published_research_candidate,manual_biological_estimand_screen
doi:10.1016/j.ympev.2007.06.005,10.1016/j.ympev.2007.06.005,Phylogenetics and phylogeography of the oak treehopper Platycotis vittata indicate three distinct North American lineages and a neotropical origin,2007,article,mutualist,P3,1,published_article_type,published_research_candidate,manual_biological_estimand_screen
doi:10.4161/psb.2.6.4663,10.4161/psb.2.6.4663,Plants under attack: multiple interactions with insects and microbes.,2007,Journal Article,antagonist,P3,1,published_article_type,published_research_candidate,manual_biological_estimand_screen
doi:10.5642/aliso.20072301.23,10.5642/aliso.20072301.23,Plasticity of Chasmogamous and Cleistogamous Reproductive Allocation in Grasses,2007,article,mutualist,P3,1,published_article_type,published_research_candidate,manual_biological_estimand_screen
doi:10.1016/j.actao.2007.01.005,10.1016/j.actao.2007.01.005,Responses of temporal distribution of gastropods to individual and combined effects of elevated CO2 and N deposition in annual grassland,2007,article,antagonist,P3,1,published_article_type,published_research_candidate,manual_biological_estimand_screen
doi:10.1007/s00497-007-0048-6,10.1007/s00497-007-0048-6,Seed abortion in the sexual counterpart of Brachiaria brizantha apomicts (Poaceae),2007,article,mutualist,P3,1,published_article_type,published_research_candidate,manual_biological_estimand_screen
titleyear:study on the sexaul reproductive characteristic of buchloe dactyloides and cloning of dreb transcription factor involved in its drought resistance|2007,,Study on the Sexaul Reproductive Characteristic of Buchloe dactyloides and Cloning of DREB Transcription Factor Involved in Its Drought Resistance,2007,article,mutualist,P3,1,published_article_type,published_research_candidate,manual_biological_estimand_screen
doi:10.1111/j.1365-294x.2007.03240.x,10.1111/j.1365-294x.2007.03240.x,The strength of reproductive isolation in two hybridizing food-deceptive orchid species.,2007,"Journal Article,Research Support, Non-U.S. Gov't",mutualist,P3,1,published_article_type,published_research_candidate,manual_biological_estimand_screen
doi:10.1371/journal.pone.0000182,10.1371/journal.pone.0000182,Vector-virus mutualism accelerates population increase of an invasive whitefly.,2007,"Journal Article,Research Support, Non-U.S. Gov't",antagonist,P3,1,published_article_type,published_research_candidate,manual_biological_estimand_screen
doi:10.24517/00053367,10.24517/00053367,サキシマフヨウとフヨウの繁殖特性,2007,article,mutualist,P3,1,published_article_type,published_research_candidate,manual_biological_estimand_screen
doi:10.35699/2675-5327.2006.22184,10.35699/2675-5327.2006.22184,"A interação entre Cuphea brachiata Koehne (Lythraceae) e seus visitantes florais nas dunas litorâneas de Abaeté, Salvador, Bahia.",2006,article,mutualist,P3,1,published_article_type,published_research_candidate,manual_biological_estimand_screen
doi:10.1086/510097,10.1086/510097,Are Fruit Colors Adapted to Consumer Vision and Birds Equally Efficient in Detecting Colorful Signals?,2006,article,mutualist,P3,1,published_article_type,published_research_candidate,manual_biological_estimand_screen
doi:10.1360/biodiv.050161,10.1360/biodiv.050161,Assessment of function area design in Dinghushan Biosphere Reserve using landscape ecology principles,2006,article,mutualist,P3,1,published_article_type,published_research_candidate,manual_biological_estimand_screen
doi:10.1055/s-2006-923800,10.1055/s-2006-923800,At daybreak--reproductive biology and isolating mechanisms of Cirrhaea dependens (Orchidaceae).,2006,"Journal Article,Research Support, Non-U.S. Gov't",mutualist,P3,1,published_article_type,published_research_candidate,manual_biological_estimand_screen
doi:10.1007/s00442-006-0462-8,10.1007/s00442-006-0462-8,Consequences of nitrogen and phosphorus limitation for the performance of two planthoppers with divergent life-history strategies.,2006,"Comparative Study,Journal Article,Research Support, U.S. Gov't, Non-P.H.S.",antagonist,P3,1,published_article_type,published_research_candidate,manual_biological_estimand_screen
doi:10.1016/s1872-2032(06)60043-7,10.1016/s1872-2032(06)60043-7,Conservation ecology of endangered species Paphiopedilum armeniacum (Orchidaceae),2006,article,mutualist,P3,1,published_article_type,published_research_candidate,manual_biological_estimand_screen
doi:10.1111/j.1466-822x.2005.00210.x,10.1111/j.1466-822x.2005.00210.x,Determinants of local abundance and range size in forest vascular plants,2006,article,mutualist,P3,1,published_article_type,published_research_candidate,manual_biological_estimand_screen
doi:10.1111/j.1466-8238.2005.00210.x,10.1111/j.1466-8238.2005.00210.x,Determinants of local abundance and range size in forest vascular plants,2006,article,mutualist,P3,1,published_article_type,published_research_candidate,manual_biological_estimand_screen
doi:10.1603/0046-225x-35.4.875,10.1603/0046-225x-35.4.875,"Development and Life Table ofAcalymma vittatum(Coleoptera: Chrysomelidae), a Vector ofErwinia tracheiphilain Cucurbits",2006,article,antagonist,P3,1,published_article_type,published_research_candidate,manual_biological_estimand_screen
doi:10.1080/14620316.2006.11512110,10.1080/14620316.2006.11512110,Effects of immaturity on productivity and nut quality in pistachio (Pistacia veraL.),2006,article,mutualist,P3,1,published_article_type,published_research_candidate,manual_biological_estimand_screen
doi:10.3732/ajb.93.4.582,10.3732/ajb.93.4.582,Genetic variation and reproductive system among North American species of Nuttallanthus (Plantaginaceae).,2006,Journal Article,mutualist,P3,1,published_article_type,published_research_candidate,manual_biological_estimand_screen
titleyear:introduction to population ecology|2006,,Introduction to population ecology,2006,article,antagonist,P3,1,published_article_type,published_research_candidate,manual_biological_estimand_screen
doi:10.1644/796.1,10.1644/796.1,Leptonycteris curasoae,2006,article,mutualist,P3,1,published_article_type,published_research_candidate,manual_biological_estimand_screen
doi:10.1644/797.1,10.1644/797.1,Leptonycteris yerbabuenae,2006,article,mutualist,P3,1,published_article_type,published_research_candidate,manual_biological_estimand_screen
doi:10.1111/j.1469-8137.2006.01759.x,10.1111/j.1469-8137.2006.01759.x,Mind the gap: the emerging synthesis of plant ‘eco‐devo’,2006,article,antagonist,P3,1,published_article_type,published_research_candidate,manual_biological_estimand_screen
titleyear:phenotypic selection and population differentiation in platanthera bifolia|2006,,Phenotypic selection and population differentiation in Platanthera bifolia,2006,article,mutualist,P3,1,published_article_type,published_research_candidate,manual_biological_estimand_screen
doi:10.1007/s00442-006-0506-0,10.1007/s00442-006-0506-0,"Pollen and water limitation in Astragalus scaphoides, a plant that flowers in alternate years.",2006,"Comparative Study,Journal Article,Research Support, U.S. Gov't, Non-P.H.S.",mutualist,P3,1,published_article_type,published_research_candidate,manual_biological_estimand_screen
doi:10.1071/bt05094,10.1071/bt05094,Pollen treatment for mutation induction in Eucalyptus globulus ssp. globulus (Myrtaceae),2006,article,mutualist,P3,1,published_article_type,published_research_candidate,manual_biological_estimand_screen
titleyear:review flowering in bamboo an enigma|2006,,REVIEW FLOWERING IN BAMBOO: AN ENIGMA!,2006,article,mutualist,P3,1,published_article_type,published_research_candidate,manual_biological_estimand_screen
doi:10.1086/500960,10.1086/500960,"Reproductive Consequences of Early Flowering in Organ Pipe Cactus, Stenocereus thurberi",2006,article,mutualist,P3,1,published_article_type,published_research_candidate,manual_biological_estimand_screen
doi:10.1007/s10641-006-9076-6,10.1007/s10641-006-9076-6,"Reproductive Ecology and Host Utilization of Four Sympatric Bitterling (Acheilognathinae, Cyprinidae) in a Lowland Reach of the Harai River in Mie, Japan",2006,article,antagonist,P3,1,published_article_type,published_research_candidate,manual_biological_estimand_screen
doi:10.1111/j.1442-1984.2006.00154.x,10.1111/j.1442-1984.2006.00154.x,Reproductive biology of two Cattleya (Orchidaceae) species endemic to north‐eastern Brazil,2006,article,mutualist,P3,1,published_article_type,published_research_candidate,manual_biological_estimand_screen
doi:10.1016/j.biocontrol.2006.04.004,10.1016/j.biocontrol.2006.04.004,Reproductive diapause in Hippodamia convergens (Coleoptera: Coccinellidae) and its life history consequences,2006,article,antagonist,P3,1,published_article_type,published_research_candidate,manual_biological_estimand_screen
titleyear:study on the breeding system of the endangered plant euonymus chloranthoides yang|2006,,Study on the breeding system of the endangered plant Euonymus chloranthoides Yang,2006,article,mutualist,P3,1,published_article_type,published_research_candidate,manual_biological_estimand_screen
doi:10.1111/j.1469-8137.2006.01903.x,10.1111/j.1469-8137.2006.01903.x,The sweet stench of decay,2006,article,antagonist;mutualist,P3,1,published_article_type,published_research_candidate,manual_biological_estimand_screen
doi:10.1603/0046-225x-35.4.856,10.1603/0046-225x-35.4.856,Toxicity and Pharmacokinetics of Spinosad and Methoxyfenozide toSpodoptera littoralis(Lepidoptera: Noctuidae),2006,article,antagonist,P3,1,published_article_type,published_research_candidate,manual_biological_estimand_screen
titleyear:ant plant conflicts and a novel case of castration parasitism in a myrmecophyte|2005,,Ant-plant conflicts and a novel case of castration parasitism in a myrmecophyte,2005,article,antagonist;mutualist,P3,1,published_article_type,published_research_candidate,manual_biological_estimand_screen
titleyear:biology of the malaria vector anopheles gambiae behavioral and reproductive components of sugar feeding|2005,,Biology of the malaria vector Anopheles gambiae: behavioral and reproductive components of sugar feeding,2005,article,antagonist,P3,1,published_article_type,published_research_candidate,manual_biological_estimand_screen
doi:10.1093/aob/mci137,10.1093/aob/mci137,"Breeding system, flower visitors and seedling survival of two endangered species of Helianthemum (Cistaceae).",2005,"Comparative Study,Journal Article,Research Support, Non-U.S. Gov't",mutualist,P3,1,published_article_type,published_research_candidate,manual_biological_estimand_screen
doi:10.1111/j.0013-8703.2005.00233.x,10.1111/j.0013-8703.2005.00233.x,"Effects of temperature on the reproductive life history of the black vine weevil,Otiorhynchus sulcatus",2005,article,antagonist,P3,1,published_article_type,published_research_candidate,manual_biological_estimand_screen
doi:10.1007/s00442-005-0234-x,10.1007/s00442-005-0234-x,Enemy release but no evolutionary loss of defence in a plant invasion: an inter-continental reciprocal transplant experiment.,2005,"Journal Article,Research Support, Non-U.S. Gov't",antagonist,P3,1,published_article_type,published_research_candidate,manual_biological_estimand_screen
doi:10.1104/pp.105.061655,10.1104/pp.105.061655,Evolutionary and Ecological Genomics of Arabidopsis,2005,article,antagonist;mutualist,P3,1,published_article_type,published_research_candidate,manual_biological_estimand_screen
doi:10.1016/j.jaridenv.2004.12.002,10.1016/j.jaridenv.2004.12.002,"Floral demography and reproductive system of Pterocereus gaumeri, a rare columnar cactus endemic to Mexico",2005,article,mutualist,P3,1,published_article_type,published_research_candidate,manual_biological_estimand_screen
doi:10.1105/tpc.104.030353,10.1105/tpc.104.030353,Morphogenesis of Flowers—Our Evolving View,2005,article,mutualist,P3,1,published_article_type,published_research_candidate,manual_biological_estimand_screen
doi:10.1104/pp.105.072447,10.1104/pp.105.072447,Nuclear Actin-Related Proteins as Epigenetic Regulators of Development,2005,article,mutualist,P3,1,published_article_type,published_research_candidate,manual_biological_estimand_screen
doi:10.21273/hortsci.40.3.874c,10.21273/hortsci.40.3.874c,POLLEN DISPERSION IN RABBITEYE BLUEBERRY,2005,article,mutualist,P3,1,published_article_type,published_research_candidate,manual_biological_estimand_screen
doi:10.1016/j.biocon.2005.10.025,10.1016/j.biocon.2005.10.025,"Pollen-limited production of viable seeds in an endemic dwarf birch, Betula apoiensis, and incomplete reproductive barriers to a sympatric congener, B. ermanii",2005,article,mutualist,P3,1,published_article_type,published_research_candidate,manual_biological_estimand_screen
doi:10.1111/j.1095-8339.2005.00349.x,10.1111/j.1095-8339.2005.00349.x,"Reproductive biology of Boswellia serrata, the source of salai guggul, an important gum-resin",2005,article,mutualist,P3,1,published_article_type,published_research_candidate,manual_biological_estimand_screen
doi:10.1079/ejhs.2005/29087,10.1079/ejhs.2005/29087,Reproductive biology of Chinese chestnut ( Castanea mollissima Blume),2005,article,mutualist,P3,1,published_article_type,published_research_candidate,manual_biological_estimand_screen
doi:10.1055/s-2005-837584,10.1055/s-2005-837584,Reproductive biology of the epiphytic bromeliad Werauhia gladioliflora in a premontane tropical forest.,2005,"Journal Article,Research Support, Non-U.S. Gov't",mutualist,P3,1,published_article_type,published_research_candidate,manual_biological_estimand_screen
doi:10.1105/tpc.105.033563,10.1105/tpc.105.033563,"SLOW WALKER1, essential for gametogenesis in Arabidopsis, encodes a WD40 protein involved in 18S ribosomal RNA biogenesis.",2005,"Journal Article,Research Support, Non-U.S. Gov't",mutualist,P3,1,published_article_type,published_research_candidate,manual_biological_estimand_screen
doi:10.1038/sj.hdy.6800655,10.1038/sj.hdy.6800655,Spatial genetic structure of two sympatric neotropical palms with contrasting life histories,2005,article,mutualist,P3,1,published_article_type,published_research_candidate,manual_biological_estimand_screen
doi:10.1007/s10144-005-0235-y,10.1007/s10144-005-0235-y,UV‐B‐induced plant stress as a possible cause of ten‐year hare cycles,2005,article,antagonist,P3,1,published_article_type,published_research_candidate,manual_biological_estimand_screen
titleyear:adaptive population differentiation across europe in the perennial herb lythrum salicaria|2004,,Adaptive population differentiation across Europe in the perennial herb Lythrum salicaria.,2004,article,mutualist,P3,1,published_article_type,published_research_candidate,manual_biological_estimand_screen
doi:10.1111/j.1365-2338.2004.00729.x,10.1111/j.1365-2338.2004.00729.x,Bemisia tabaci,2004,article,antagonist,P3,1,published_article_type,published_research_candidate,manual_biological_estimand_screen
doi:10.1614/0890-037x(2004)018[1216:bopfiw]2.0.co;2,10.1614/0890-037x(2004)018[1216:bopfiw]2.0.co;2,Biology of Pathways for Invasive Weeds1,2004,article,antagonist,P3,1,published_article_type,published_research_candidate,manual_biological_estimand_screen
titleyear:biolog a reproductiva de convolvulus chilensis convolvulaceae en una poblaci n de auc centro norte de chile reproductive biology of convolvulus chilensis convolvulaceae in a population of auc north central chile|2004,,Biología reproductiva de Convolvulus chilensis (Convolvulaceae) en una población de Aucó (centro-norte de Chile) Reproductive biology of Convolvulus chilensis (Convolvulaceae) in a population of Aucó (north-central Chile),2004,article,mutualist,P3,1,published_article_type,published_research_candidate,manual_biological_estimand_screen
doi:10.1007/s00606-003-0095-x,10.1007/s00606-003-0095-x,"Floral sexuality and breeding system in gum karaya tree, Sterculia urens",2004,article,mutualist,P3,1,published_article_type,published_research_candidate,manual_biological_estimand_screen
doi:10.1016/j.ecolmodel.2004.06.044,10.1016/j.ecolmodel.2004.06.044,Modelling the abundance of mosquito vectors versus flooding dynamics,2004,article,antagonist,P3,1,published_article_type,published_research_candidate,manual_biological_estimand_screen
doi:10.1111/j.1469-8137.2003.01017.x,10.1111/j.1469-8137.2003.01017.x,One down and thousands to go – dissecting polyploid speciation,2004,article,mutualist,P3,1,published_article_type,published_research_candidate,manual_biological_estimand_screen
doi:10.1111/j.1365-2745.2004.00858.x,10.1111/j.1365-2745.2004.00858.x,Orchis ustulata L.,2004,article,mutualist,P3,1,published_article_type,published_research_candidate,manual_biological_estimand_screen
doi:10.1111/j.1469-8137.2004.01266.x,10.1111/j.1469-8137.2004.01266.x,Plant evolutionary ecology,2004,article,antagonist,P3,1,published_article_type,published_research_candidate,manual_biological_estimand_screen
doi:10.1111/j.1440-1703.2003.00629.x,10.1111/j.1440-1703.2003.00629.x,Plant reproductive interval and population density in aseasonal tropics,2004,article,mutualist,P3,1,published_article_type,published_research_candidate,manual_biological_estimand_screen
doi:10.1023/b:bioc.0000014458.16767.d4,10.1023/b:bioc.0000014458.16767.d4,Recovery directions for monoecious and endangered Bertya ingramii using autecology and comparisons with common B. rosmarinifolia (Euphorbiaceae),2004,article,antagonist,P3,1,published_article_type,published_research_candidate,manual_biological_estimand_screen
doi:10.1080/14620316.2004.11511741,10.1080/14620316.2004.11511741,"Seasonal effects of foliar application of phosphonate on phosphonate translocation, in vitro pollen viability and pollen germination in `Hass' avocado (Persea americanaMill.)",2004,article,mutualist,P3,1,published_article_type,published_research_candidate,manual_biological_estimand_screen
doi:10.1111/j.1440-6055.2003.00393.x,10.1111/j.1440-6055.2003.00393.x,"Taxonomy and biology of Leptocybe invasa gen. & sp. n. (Hymenoptera: Eulophidae), an invasive gall inducer on Eucalyptus",2004,article,antagonist,P3,1,published_article_type,published_research_candidate,manual_biological_estimand_screen
doi:10.1017/s0266467403001172,10.1017/s0266467403001172,Temporal partitioning of reproductive activity in a neotropical anuran community,2004,article,antagonist,P3,1,published_article_type,published_research_candidate,manual_biological_estimand_screen
doi:10.1105/tpc.104.161220,10.1105/tpc.104.161220,The Ubiquitin-Proteasome Pathway and Plant Development,2004,article,mutualist,P3,1,published_article_type,published_research_candidate,manual_biological_estimand_screen
doi:10.3732/ajb.91.5.656,10.3732/ajb.91.5.656,"The potential for genetic assimilation of a native dandelion species, Taraxacum ceratophorum (Asteraceae), by the exotic congener T. officinale.",2004,Journal Article,mutualist,P3,1,published_article_type,published_research_candidate,manual_biological_estimand_screen
doi:10.3732/ajb.91.2.198,10.3732/ajb.91.2.198,"The reproductive biology of Sophora fernandeziana (Leguminosae), a vulnerable endemic species from Isla Robinson Crusoe.",2004,Journal Article,mutualist,P3,1,published_article_type,published_research_candidate,manual_biological_estimand_screen
doi:10.1590/s0100-84042003000400013,10.1590/s0100-84042003000400013,Biologia reprodutiva de Pseudolaelia corcovadensis (Orchidaceae): melitofilia e autocompatibilidade em uma Laeliinae basal,2003,article,mutualist,P3,1,published_article_type,published_research_candidate,manual_biological_estimand_screen
doi:10.1046/j.1442-9993.2003.01291.x,10.1046/j.1442-9993.2003.01291.x,Comparison of a common and rare species of Mimosa (Mimosaceae) in Central Brazil,2003,article,antagonist,P3,1,published_article_type,published_research_candidate,manual_biological_estimand_screen
doi:10.1016/s0305-1978(03)00087-5,10.1016/s0305-1978(03)00087-5,Convergence in defense syndromes of young leaves in tropical rainforests,2003,article,antagonist,P3,1,published_article_type,published_research_candidate,manual_biological_estimand_screen
doi:10.1071/bt02088,10.1071/bt02088,Eucalyptus camaldulensis × globulus hybrids,2003,article,mutualist,P3,1,published_article_type,published_research_candidate,manual_biological_estimand_screen
doi:10.1554/03-076,10.1554/03-076,GEOGRAPHIC AND GENETIC VARIATION IN FEEDING PREFERENCE FOR CHEMICALLY DEFENDED SEAWEEDS,2003,article,antagonist,P3,1,published_article_type,published_research_candidate,manual_biological_estimand_screen
doi:10.1111/j.0014-3820.2003.tb00238.x,10.1111/j.0014-3820.2003.tb00238.x,Geographic and genetic variation in feeding preference for chemically defended seaweeds.,2003,"Comparative Study,Journal Article,Research Support, Non-U.S. Gov't,Research Support, U.S. Gov't, Non-P.H.S.",antagonist,P3,1,published_article_type,published_research_candidate,manual_biological_estimand_screen
doi:10.1086/368233,10.1086/368233,Inheritance and Natural Selection on Functional Traits,2003,article,antagonist,P3,1,published_article_type,published_research_candidate,manual_biological_estimand_screen
doi:10.1038/sj.hdy.6800242,10.1038/sj.hdy.6800242,"Outcrossing rate and inbreeding depression in the herbaceous autotetraploid, Campanula americana.",2003,"Comparative Study,Journal Article,Research Support, Non-U.S. Gov't,Research Support, U.S. Gov't, Non-P.H.S.",mutualist,P3,1,published_article_type,published_research_candidate,manual_biological_estimand_screen
doi:10.3732/ajb.90.6.960,10.3732/ajb.90.6.960,Plant ecology textbooks: a new contender,2003,article,antagonist;mutualist,P3,1,published_article_type,published_research_candidate,manual_biological_estimand_screen
doi:10.1080/14620316.2003.11511707,10.1080/14620316.2003.11511707,Pollen tube growth in styles of apple and almond flowers after spraying with pesticides,2003,article,mutualist,P3,1,published_article_type,published_research_candidate,manual_biological_estimand_screen
doi:10.1055/s-2003-37980,10.1055/s-2003-37980,Reproductive Biology of the Andean Shrub Discaria nana (Rhamnaceae),2003,article,mutualist,P3,1,published_article_type,published_research_candidate,manual_biological_estimand_screen
doi:10.1093/aob/mcg193,10.1093/aob/mcg193,Reproductive biology of Butea monosperma (Fabaceae).,2003,"Journal Article,Research Support, Non-U.S. Gov't",mutualist,P3,1,published_article_type,published_research_candidate,manual_biological_estimand_screen
doi:10.2307/3647453,10.2307/3647453,Reproductive biology of Deeringothamnus rugelii and D. pulchellus (Annonaceae),2003,article,mutualist,P3,1,published_article_type,published_research_candidate,manual_biological_estimand_screen
doi:10.1071/bt02054,10.1071/bt02054,Self-compatibility and floral biology in subdioecious Wurmbea dioica (Colchicaceae),2003,article,mutualist,P3,1,published_article_type,published_research_candidate,manual_biological_estimand_screen
doi:10.1139/a04-002,10.1139/a04-002,"The embarrassment of riches: agricultural food subsidies, high goose numbers, and loss of Arctic wetlands a continuing saga",2003,article,antagonist,P3,1,published_article_type,published_research_candidate,manual_biological_estimand_screen
doi:10.1046/j.1472-4642.2002.00141_2.x,10.1046/j.1472-4642.2002.00141_2.x,A thorough treatment of an underexploited tree,2002,article,mutualist,P3,1,published_article_type,published_research_candidate,manual_biological_estimand_screen
titleyear:comparative studies on floral dynamics and breeding system between eleutherococcus senticosus and e sessiliflorus|2002,,Comparative Studies on Floral Dynamics and Breeding System Between Eleutherococcus senticosus and E.sessiliflorus,2002,article,mutualist,P3,1,published_article_type,published_research_candidate,manual_biological_estimand_screen
doi:10.1046/j.1365-2311.2002.00438.x,10.1046/j.1365-2311.2002.00438.x,Flowers at the front line of invasion?,2002,article,antagonist;mutualist,P3,1,published_article_type,published_research_candidate,manual_biological_estimand_screen
titleyear:importancia de la heterogeneidad ambiental en la ecolog a de plantas carn voras mediterr neas implicaciones para la conservaci n environmental heterogeneity and the ecology of carnivorous plants implications for conservation|2002,,Importancia de la heterogeneidad ambiental en la ecología de plantas carnívoras mediterráneas: implicaciones para la conservación Environmental heterogeneity and the ecology of carnivorous plants: implications for conservation,2002,article,mutualist,P3,1,published_article_type,published_research_candidate,manual_biological_estimand_screen
doi:10.1186/1475-2875-1-19,10.1186/1475-2875-1-19,MalariaSphere: A greenhouse-enclosed simulation of a natural Anopheles gambiae (Diptera: Culicidae) ecosystem in western Kenya,2002,article,antagonist,P3,1,published_article_type,published_research_candidate,manual_biological_estimand_screen
doi:10.3732/ajb.89.1.67,10.3732/ajb.89.1.67,"Many to flower, few to fruit: the reproductive biology of Hamamelis virginiana (Hamamelidaceae).",2002,Journal Article,mutualist,P3,1,published_article_type,published_research_candidate,manual_biological_estimand_screen
doi:10.1105/tpc.141360,10.1105/tpc.141360,Plant Cell Signal Transduction,2002,article,antagonist,P3,1,published_article_type,published_research_candidate,manual_biological_estimand_screen
doi:10.1007/bf03543386,10.1007/bf03543386,Production of triticale (X Triticosecale Wittm.) hybrid seeds using the sterilizing cytoplasm of Triticum timopheevi,2002,article,mutualist,P3,1,published_article_type,published_research_candidate,manual_biological_estimand_screen
doi:10.1071/bt02001,10.1071/bt02001,Reproductive ecology of the Australian herb Trachymene incisa subsp. incisa (Apiaceae),2002,article,mutualist,P3,1,published_article_type,published_research_candidate,manual_biological_estimand_screen
doi:10.5154/r.rchsh.2002.01.007,10.5154/r.rchsh.2002.01.007,SELECCIÓN DE POLINIZADORES PARA MANZANO ‘AGUA NUEVA II’,2002,article,mutualist,P3,1,published_article_type,published_research_candidate,manual_biological_estimand_screen
doi:10.1086/340603,10.1086/340603,"Snow Tussocks, Chaos, and the Evolution of Mast Seeding",2002,article,antagonist,P3,1,published_article_type,published_research_candidate,manual_biological_estimand_screen
doi:10.2307/3078997,10.2307/3078997,"Snow Tussocks, Chaos, and the Evolution of Mast Seeding",2002,article,antagonist,P3,1,published_article_type,published_research_candidate,manual_biological_estimand_screen
doi:10.1890/0012-9658(2002)083[3073:trbcai]2.0.co;2,10.1890/0012-9658(2002)083[3073:trbcai]2.0.co;2,THERMAL RELATIONSHIPS BETWEEN CALENDULA ARVENSIS INFLORESCENCES AND USIA AURATA BOMBYLIID FLIES,2002,article,mutualist,P3,1,published_article_type,published_research_candidate,manual_biological_estimand_screen
doi:10.1104/pp.900042,10.1104/pp.900042,The Hot and the Classic,2002,article,antagonist;mutualist,P3,1,published_article_type,published_research_candidate,manual_biological_estimand_screen
doi:10.2307/3071843,10.2307/3071843,Thermal Relationships between Calendula arvensis Inflorescences and Usia aurata Bombyliid Flies,2002,article,mutualist,P3,1,published_article_type,published_research_candidate,manual_biological_estimand_screen
doi:10.1046/j.1365-2745.2002.00644.x,10.1046/j.1365-2745.2002.00644.x,Trientalis europaea L.,2002,article,antagonist,P3,1,published_article_type,published_research_candidate,manual_biological_estimand_screen
doi:10.1007/s00606-002-0200-6,10.1007/s00606-002-0200-6,,2002,article,mutualist,P3,1,published_article_type,published_research_candidate,manual_biological_estimand_screen
doi:10.1104/pp.127.4.1325,10.1104/pp.127.4.1325,Celebrating Plant Diversity,2001,article,antagonist,P3,1,published_article_type,published_research_candidate,manual_biological_estimand_screen
doi:10.1641/0006-3568(2001)051[0015:foe]2.0.co;2,10.1641/0006-3568(2001)051[0015:foe]2.0.co;2,Frontiers of Ecology,2001,article,antagonist,P3,1,published_article_type,published_research_candidate,manual_biological_estimand_screen
doi:10.1105/tpc.13.6.1249,10.1105/tpc.13.6.1249,Functional Evolutionary Genetics and Plant Adaptation,2001,article,antagonist,P3,1,published_article_type,published_research_candidate,manual_biological_estimand_screen
titleyear:global seagrass research methods|2001,,Global seagrass research methods,2001,article,antagonist,P3,1,published_article_type,published_research_candidate,manual_biological_estimand_screen
doi:10.1104/pp.010752,10.1104/pp.010752,Learning from the Arabidopsis Experience. The Next Gene Search Paradigm,2001,article,mutualist,P3,1,published_article_type,published_research_candidate,manual_biological_estimand_screen
doi:10.3724/issn1000-3207-2001-5-439-g,10.3724/issn1000-3207-2001-5-439-g,PRIMARY STUDIES ON THE REPRODUCTIVE CHARACTERISTICS OF POTANOGETON MAACKIANUS,2001,article,mutualist,P3,1,published_article_type,published_research_candidate,manual_biological_estimand_screen
titleyear:primary studies on the reproductive characteristics of potanogeton maackianus|2001,,PRIMARY STUDIES ON THE REPRODUCTIVE CHARACTERISTICS OF POTANOGETON MAACKIANUS,2001,article,mutualist,P3,1,published_article_type,published_research_candidate,manual_biological_estimand_screen
doi:10.2503/jjshs.70.60,10.2503/jjshs.70.60,Relationship between Anthesis and Harvest Date in Highbush Blueberry.,2001,article,mutualist,P3,1,published_article_type,published_research_candidate,manual_biological_estimand_screen
doi:10.2307/3088654,10.2307/3088654,"Reproductive Biology of Eryngium yuccifolium (Apiaceae), a Prairie Species",2001,article,mutualist,P3,1,published_article_type,published_research_candidate,manual_biological_estimand_screen
doi:10.2307/3558350,10.2307/3558350,Reproductive biology and natural hybridization between two endemic species of Pitcairnia (Bromeliaceae),2001,article,mutualist,P3,1,published_article_type,published_research_candidate,manual_biological_estimand_screen
doi:10.1641/0006-3568(2000)050[0783:aorecb]2.0.co;2,10.1641/0006-3568(2000)050[0783:aorecb]2.0.co;2,Alterations of Riparian Ecosystems Caused by River Regulation,2000,article,antagonist,P3,1,published_article_type,published_research_candidate,manual_biological_estimand_screen
doi:10.1046/j.1365-294x.2000.01090.x,10.1046/j.1365-294x.2000.01090.x,Anderson’s paradigm: Louisiana Irises and the study of evolutionary phenomena,2000,article,mutualist,P3,1,published_article_type,published_research_candidate,manual_biological_estimand_screen
doi:10.1071/ea99038,10.1071/ea99038,"Anthesis, anther dehiscence, pistil receptivity and fruit development in the Longum group of Capsicum annuum",2000,article,mutualist,P3,1,published_article_type,published_research_candidate,manual_biological_estimand_screen
doi:10.31421/ijhs/6/3/99,10.31421/ijhs/6/3/99,Association of varieties in stone fruit plantations,2000,article,mutualist,P3,1,published_article_type,published_research_candidate,manual_biological_estimand_screen
titleyear:biologia floral de serjania erecta radik sapindaceae um caso de dioicia temporal|2000,,BIOLOGIA FLORAL DE Serjania erecta Radik. (SAPINDACEAE): UM CASO DE DIOICIA TEMPORAL,2000,article,mutualist,P3,1,published_article_type,published_research_candidate,manual_biological_estimand_screen
doi:10.1046/j.1365-2745.2000.00477.x,10.1046/j.1365-2745.2000.00477.x,Coincya wrightii (O.E. Schulz) Stace (Rhynchosinapis wrightii (O.E. Schulz) Dandy ex A.R. Clapham),2000,article,mutualist,P3,1,published_article_type,published_research_candidate,manual_biological_estimand_screen
doi:10.1046/j.1365-2540.2000.00739.x,10.1046/j.1365-2540.2000.00739.x,F1 hybrid inviability in eucalyptus: the case of E. ovata x E. globulus.,2000,"Journal Article,Research Support, Non-U.S. Gov't",mutualist,P3,1,published_article_type,published_research_candidate,manual_biological_estimand_screen
doi:10.1046/j.1365-2656.2000.00445.x,10.1046/j.1365-2656.2000.00445.x,Host–parasitoid population dynamics*,2000,article,antagonist,P3,1,published_article_type,published_research_candidate,manual_biological_estimand_screen
doi:10.1641/0006-3568(2000)050[1049:ibaabb]2.0.co;2,10.1641/0006-3568(2000)050[1049:ibaabb]2.0.co;2,"Interactions between Aboveground and Belowground Biodiversity in Terrestrial Ecosystems: Patterns, Mechanisms, and Feedbacks",2000,article,antagonist,P3,1,published_article_type,published_research_candidate,manual_biological_estimand_screen
doi:10.1046/j.1365-2435.2000.00449.x,10.1046/j.1365-2435.2000.00449.x,"Patterns and consequences of stigma height variation in a natural population of a distylous plant, Primula sieboldii",2000,article,mutualist,P3,1,published_article_type,published_research_candidate,manual_biological_estimand_screen
doi:10.2307/2656596,10.2307/2656596,Pollen competition in a natural population of Cucurbita foetidissima (Cucurbitaceae),2000,article,mutualist,P3,1,published_article_type,published_research_candidate,manual_biological_estimand_screen
titleyear:pollen competition in a natural population of cucurbita foetidissima cucurbitaceae|2000,,Pollen competition in a natural population of Cucurbita foetidissima (Cucurbitaceae).,2000,Journal Article,mutualist,P3,1,published_article_type,published_research_candidate,manual_biological_estimand_screen
doi:10.1007/bf00985330,10.1007/bf00985330,Reproductive biology ofWahlenbergia (Campanulaceae) endemic to Robinson Crusoe Island (Chile),2000,article,mutualist,P3,1,published_article_type,published_research_candidate,manual_biological_estimand_screen
doi:10.1080/11263500012331350515,10.1080/11263500012331350515,Reproductive cycle of Pistacia lentiscus ( Anacardiaceae) in Southern Italy,2000,article,mutualist,P3,1,published_article_type,published_research_candidate,manual_biological_estimand_screen
doi:10.1071/bt98039,10.1071/bt98039,Reproductive ecology and breeding system of Lomatia silaifolia (Proteaceae) following a fire,2000,article,mutualist,P3,1,published_article_type,published_research_candidate,manual_biological_estimand_screen
doi:10.1515/bot.2000.054,10.1515/bot.2000.054,"Temporal Dynamics of Zostera marina L. off the Lagoon of Grado (Northern Adriatic Sea, Italy)",2000,article,mutualist,P3,1,published_article_type,published_research_candidate,manual_biological_estimand_screen
doi:10.1641/0006-3568(2000)050[0979:teopet]2.0.co;2,10.1641/0006-3568(2000)050[0979:teopet]2.0.co;2,The Evolution of Plant Ecophysiological Traits: Recent Advances and Future Directions,2000,article,antagonist,P3,1,published_article_type,published_research_candidate,manual_biological_estimand_screen
doi:10.1127/lr/11/1999/311,10.1127/lr/11/1999/311,Antagonistic and cumulative effects of connectivity: a predictive model based on aquatic vegetation in riverine wetlands,1999,article,antagonist,P3,1,published_article_type,published_research_candidate,manual_biological_estimand_screen
doi:10.31421/ijhs/5/1-2/15,10.31421/ijhs/5/1-2/15,Association of European plum varieties in the orchards,1999,article,mutualist,P3,1,published_article_type,published_research_candidate,manual_biological_estimand_screen
doi:10.1046/j.1365-2745.1999.00415.x,10.1046/j.1365-2745.1999.00415.x,Cornus suecicaL. (Chamaepericlymenum suecicum(L.) Ascherson & Graebner),1999,article,mutualist,P3,1,published_article_type,published_research_candidate,manual_biological_estimand_screen
titleyear:echinacea angustifolia dc variation of agronomic and morphological traits in a common garden|1999,,Echinacea angustifolia DC: Variation of Agronomic and Morphological Traits in a Common Garden,1999,article,mutualist,P3,1,published_article_type,published_research_candidate,manual_biological_estimand_screen
doi:10.1111/j.1756-1051.1999.tb01904.x,10.1111/j.1756-1051.1999.tb01904.x,"Flower morphology and biology of Myrsine laetevirens, structural and evolutionary implications of anemophily in Myrsinaceae",1999,article,mutualist,P3,1,published_article_type,published_research_candidate,manual_biological_estimand_screen
titleyear:impact of enhanced ultraviolet b radiation on flower pollen and nectar production|1999,,"Impact of enhanced ultraviolet-B radiation on flower, pollen, and nectar production.",1999,Journal Article,mutualist,P3,1,published_article_type,published_research_candidate,manual_biological_estimand_screen
doi:10.2307/2656959,10.2307/2656959,"Impact of enhanced ultraviolet‐B radiation on flower, pollen, and nectar production",1999,article,mutualist,P3,1,published_article_type,published_research_candidate,manual_biological_estimand_screen
doi:10.1080/00785326.1999.10409393,10.1080/00785326.1999.10409393,"Life cycle of the pea crabpinnotheres halingisp. Nov., an obligate symbiont of the sea cucumberholothuria scabrajaeger",1999,article,antagonist,P3,1,published_article_type,published_research_candidate,manual_biological_estimand_screen
doi:10.1046/j.1523-1739.1999.97435.x,10.1046/j.1523-1739.1999.97435.x,Mechanisms of Reduced Trillium Recruitment along Edges of Old‐Growth Forest Fragments,1999,article,antagonist;mutualist,P3,1,published_article_type,published_research_candidate,manual_biological_estimand_screen
doi:10.1007/bf01089232,10.1007/bf01089232,Reproductive biology of the Andean-disjunct genusRetanilla (Rhamnaceae),1999,article,mutualist,P3,1,published_article_type,published_research_candidate,manual_biological_estimand_screen
doi:10.1111/j.1600-0587.1999.tb00506.x,10.1111/j.1600-0587.1999.tb00506.x,Sexual reproductive ecology of Carex bigelowii an arctic‐alpine sedge,1999,article,mutualist,P3,1,published_article_type,published_research_candidate,manual_biological_estimand_screen
doi:10.2307/1313439,10.2307/1313439,Why Do Flowers Vary?,1999,article,antagonist;mutualist,P3,1,published_article_type,published_research_candidate,manual_biological_estimand_screen
doi:10.1071/bt97035,10.1071/bt97035,Breeding System of Dryandra quercifolia and D. formosa (Proteaceae),1998,article,mutualist,P3,1,published_article_type,published_research_candidate,manual_biological_estimand_screen
doi:10.1007/s004420050578,10.1007/s004420050578,Delayed induced changes in the biochemical composition of host plant leaves during an insect outbreak.,1998,Journal Article,antagonist,P3,1,published_article_type,published_research_candidate,manual_biological_estimand_screen
doi:10.1007/bf00988909,10.1007/bf00988909,Floral biology and reproductive ecology ofClusia nemorosa (Clusiaceae) in northeastern Brazil,1998,article,mutualist,P3,1,published_article_type,published_research_candidate,manual_biological_estimand_screen
doi:10.1111/j.1439-0418.1998.tb01531.x,10.1111/j.1439-0418.1998.tb01531.x,"Inter‐specific difference in budburst time and its consequences on egg hatch time and survival of the gall‐making adelgid Adelges japonicus (Monzen) (Hom., Adelgidae)",1998,article,antagonist,P3,1,published_article_type,published_research_candidate,manual_biological_estimand_screen
doi:10.1111/j.1744-7429.1998.tb00101.x,10.1111/j.1744-7429.1998.tb00101.x,"Observations on the Reproductive Biology of Miconia calvescens DC (Melastomataceae), an Alien Invasive Tree on the Island of Tahiti (South Pacific Ocean) 1",1998,article,mutualist,P3,1,published_article_type,published_research_candidate,manual_biological_estimand_screen
doi:10.1111/j.1095-8339.1998.tb02526.x,10.1111/j.1095-8339.1998.tb02526.x,Reproductive biology of the andromonoecious shrub Trevoa quinquenervia (Rhamnaceae),1998,article,mutualist,P3,1,published_article_type,published_research_candidate,manual_biological_estimand_screen
doi:10.1006/bojl.1997.0132,10.1006/bojl.1997.0132,Reproductive biology of the andromonoecious shrubTrevoa quinquenervia(Rhamnaceae),1998,article,mutualist,P3,1,published_article_type,published_research_candidate,manual_biological_estimand_screen
titleyear:sex differential nectar secretion in protandrous alstroemeria aurea alstroemeriaceae is production altered by pollen removal and receipt|1998,,Sex differential nectar secretion in protandrous Alstroemeria aurea (Alstroemeriaceae): is production altered by pollen removal and receipt?,1998,Journal Article,mutualist,P3,1,published_article_type,published_research_candidate,manual_biological_estimand_screen
doi:10.1105/tpc.10.12.1973,10.1105/tpc.10.12.1973,The Transition to Flowering,1998,article,mutualist,P3,1,published_article_type,published_research_candidate,manual_biological_estimand_screen
doi:10.1051/gse:19970305,10.1051/gse:19970305,Breeding structure of Drosophila buzzatii in relation to competition in prickly pears (Opuntia ficus-indica),1997,article,antagonist,P3,1,published_article_type,published_research_candidate,manual_biological_estimand_screen
doi:10.1186/1297-9686-29-3-367,10.1186/1297-9686-29-3-367,Breeding structure of Drosophila buzzatii in relation to competition in prickly pears (Opuntia ficus-indica),1997,article,antagonist,P3,1,published_article_type,published_research_candidate,manual_biological_estimand_screen
titleyear:evidence of an unbalanced mating pattern in a seed orchard composed of two larch species|1997,,Evidence of an unbalanced mating pattern in a seed orchard composed of two larch species,1997,article,mutualist,P3,1,published_article_type,published_research_candidate,manual_biological_estimand_screen
doi:10.1162/artl.1997.3.147,10.1162/artl.1997.3.147,Gecko: A Continuous 2D World for Ecological Modeling,1997,article,antagonist,P3,1,published_article_type,published_research_candidate,manual_biological_estimand_screen
doi:10.1162/artl.1997.3.3.147,10.1162/artl.1997.3.3.147,Gecko: a continuous 2D world for ecological modeling.,1997,"Journal Article,Research Support, Non-U.S. Gov't,Research Support, U.S. Gov't, Non-P.H.S.",antagonist,P3,1,published_article_type,published_research_candidate,manual_biological_estimand_screen
doi:10.1007/bf00984391,10.1007/bf00984391,Hybridization ofSaxifraga oppositifolia andS. biflora (Saxifragaceae) in a mixed alpine population,1997,article,mutualist,P3,1,published_article_type,published_research_candidate,manual_biological_estimand_screen
doi:10.1007/bf00984387,10.1007/bf00984387,"Pollen limitation in three sympatric species ofVaccinium (Ericaceae) in the Upper Ardennes, Belgium",1997,article,mutualist,P3,1,published_article_type,published_research_candidate,manual_biological_estimand_screen
doi:10.1111/j.1442-9993.1997.tb00676.x,10.1111/j.1442-9993.1997.tb00676.x,Reproductive biology of the rare and endangered Banksia brownii Baxter ex R. Br. (Proteaceae),1997,article,mutualist,P3,1,published_article_type,published_research_candidate,manual_biological_estimand_screen
doi:10.1111/j.1365-2486.1997.gcb144.x,10.1111/j.1365-2486.1997.gcb144.x,Response of Saxifraga oppositifolia L. to simulated climate change at three contrasting latitudes,1997,article,mutualist,P3,1,published_article_type,published_research_candidate,manual_biological_estimand_screen
doi:10.21273/hortsci.31.4.684d,10.21273/hortsci.31.4.684d,Abnormal Anther and Pollen Development in Sweet Cherry Cultivars Resulting from Lack of Winter Chilling,1996,article,mutualist,P3,1,published_article_type,published_research_candidate,manual_biological_estimand_screen
doi:10.1086/297382,10.1086/297382,Experimental Confirmation of Preferential Outcrossing in Banksia,1996,article,mutualist,P3,1,published_article_type,published_research_candidate,manual_biological_estimand_screen
doi:10.1038/hdy.1996.127,10.1038/hdy.1996.127,"Floral variation in Saxifraga granulata: phenotypic selection, quantitative genetics and predicted response to selection",1996,article,mutualist,P3,1,published_article_type,published_research_candidate,manual_biological_estimand_screen
doi:10.2307/2446200,10.2307/2446200,Heterospecific Pollen Transfer Between Sympatric Species in a Midsuccessional Old-Field Community,1996,article,mutualist,P3,1,published_article_type,published_research_candidate,manual_biological_estimand_screen
doi:10.1002/j.1537-2197.1996.tb13897.x,10.1002/j.1537-2197.1996.tb13897.x,Heterospecific pollen transfer between sympatric species in a midsuccessional old‐field community,1996,article,mutualist,P3,1,published_article_type,published_research_candidate,manual_biological_estimand_screen
doi:10.1139/b96-239,10.1139/b96-239,"Nectar secretion pattern, removal effects, and breeding system ofLigaria cuneifolia(Loranthaceae)",1996,article,mutualist,P3,1,published_article_type,published_research_candidate,manual_biological_estimand_screen
doi:10.2307/2426731,10.2307/2426731,"Reproductive Biology of Caulophyllum thalictroides (Berberidaceae), an Early Flowering Perennial of Eastern North America",1996,article,mutualist,P3,1,published_article_type,published_research_candidate,manual_biological_estimand_screen
doi:10.1111/j.1558-5646.1996.tb02350.x,10.1111/j.1558-5646.1996.tb02350.x,SEX‐SPECIFIC COSTS OF RESISTANCE TO THE FUNGAL PATHOGEN USTILAGO VIOLACEA ( MICROBOTRYUM VIOLACEUM ) IN SILENE ALBA,1996,article,mutualist,P3,1,published_article_type,published_research_candidate,manual_biological_estimand_screen
doi:10.1016/s0367-2530(17)30744-2,10.1016/s0367-2530(17)30744-2,Seedling recruitment in the perennial herb Lathyrus vernus,1996,article,antagonist,P3,1,published_article_type,published_research_candidate,manual_biological_estimand_screen
doi:10.2307/2410650,10.2307/2410650,Sex-Specific Costs of Resistance to the Fungal Pathogen Ustilago violacea (Microbotryum violaceum) in Silene alba,1996,article,mutualist,P3,1,published_article_type,published_research_candidate,manual_biological_estimand_screen
doi:10.1007/bf00328902,10.1007/bf00328902,"An exception to Darwin's syndrome: floral position, protogyny, and insect visitation in Besseya bullii (Scrophulariaceae).",1995,Journal Article,mutualist,P3,1,published_article_type,published_research_candidate,manual_biological_estimand_screen
doi:10.2307/1940645,10.2307/1940645,Effect of Inflorescence‐Feeding Insects on the Demography and Lifetime of a Native Plant,1995,article,antagonist;mutualist,P3,1,published_article_type,published_research_candidate,manual_biological_estimand_screen
doi:10.1126/science.267.5198.617,10.1126/science.267.5198.617,"For a successful supernova, mix well, then explode.",1995,article,mutualist,P3,1,published_article_type,published_research_candidate,manual_biological_estimand_screen
doi:10.1051/forest:19950303,10.1051/forest:19950303,Mating system in a clonal Douglas fir (Pseudotsuga menziesii (Mirb) Franco) seed orchard. II. Effective pollen dispersal,1995,article,mutualist,P3,1,published_article_type,published_research_candidate,manual_biological_estimand_screen
doi:10.5169/seals-402578,10.5169/seals-402578,"Phänologie und Abundanz der Heuschrecken in der alpinen Stufe am Muottas Muragl, Engadin (Orthoptera : Acrididae)",1995,article,antagonist,P3,1,published_article_type,published_research_candidate,manual_biological_estimand_screen
doi:10.1086/297227,10.1086/297227,Reproductive Biology of Viscum cruciatum (Viscaceae) in Southern Spain,1995,article,mutualist,P3,1,published_article_type,published_research_candidate,manual_biological_estimand_screen
doi:10.1139/b95-213,10.1139/b95-213,Within and among flower sex-phase distribution in Alstroemeria aurea (Alstroemeriaceae),1995,article,mutualist,P3,1,published_article_type,published_research_candidate,manual_biological_estimand_screen
doi:10.2307/3546182,10.2307/3546182,Cumulative Effects on the Reproductive Output of Pistacia terebinthus (Anacardiaceae),1994,article,antagonist,P3,1,published_article_type,published_research_candidate,manual_biological_estimand_screen
titleyear:patterns among host plants of potato leafhopper empoasca fabae homoptera cicadellidae|1994,,"Patterns among host plants of potato leafhopper, Empoasca fabae (Homoptera: Cicadellidae).",1994,article,antagonist,P3,1,published_article_type,published_research_candidate,manual_biological_estimand_screen
doi:10.2307/1564677,10.2307/1564677,Reproductive Ecology of the Puerto Rican Frog Eleutherodactylus coqui,1994,article,antagonist,P3,1,published_article_type,published_research_candidate,manual_biological_estimand_screen
doi:10.1007/bf00983549,10.1007/bf00983549,Reproductive biology ofFrangula alnus (Rhamnaceae) in southern Spain,1994,article,mutualist,P3,1,published_article_type,published_research_candidate,manual_biological_estimand_screen
doi:10.2307/2445627,10.2307/2445627,The Biosystematics and Evolution of the Polyalthia hypoleuca Species Complex (Annonaceae) of Malesia. III. Floral Ontogeny and Breeding Systems,1994,article,mutualist,P3,1,published_article_type,published_research_candidate,manual_biological_estimand_screen
doi:10.2307/2445458,10.2307/2445458,The Reproductive Biology of Anemone canadensis (Ranunculaceae): Breeding System and Facilitation of Sexual Selection,1994,article,mutualist,P3,1,published_article_type,published_research_candidate,manual_biological_estimand_screen
doi:10.1002/j.1537-2197.1994.tb15423.x,10.1002/j.1537-2197.1994.tb15423.x,The biosystematics and evolution of the Polyalthia hypoleuca species complex (Annonaceae) of Malesia. III. Floral ontogeny and breeding systems,1994,article,mutualist,P3,1,published_article_type,published_research_candidate,manual_biological_estimand_screen
doi:10.1016/0169-5347(94)90310-7,10.1016/0169-5347(94)90310-7,The evolutionary ecology of mast seeding.,1994,Journal Article,mutualist,P3,1,published_article_type,published_research_candidate,manual_biological_estimand_screen
doi:10.1002/j.1537-2197.1994.tb15449.x,10.1002/j.1537-2197.1994.tb15449.x,The reproductive biology of Anemone canadensis (Ranunculaceae): breeding system and facilitation of sexual selection,1994,article,mutualist,P3,1,published_article_type,published_research_candidate,manual_biological_estimand_screen
doi:10.1007/bf00318036,10.1007/bf00318036,Apparent vs. effective mating in an experimental population of Raphanus sativus.,1993,Journal Article,antagonist;mutualist,P3,1,published_article_type,published_research_candidate,manual_biological_estimand_screen
doi:10.1080/0028825x.1993.10419492,10.1080/0028825x.1993.10419492,"Breeding system and maternal success of a perennial hermaphrodite, Discaria americana (Rhamnaceae)",1993,article,mutualist,P3,1,published_article_type,published_research_candidate,manual_biological_estimand_screen
titleyear:comportamiento reproductivo de colletia paradoxa rhamnaceae|1993,,Comportamiento reproductivo de Colletia paradoxa (Rhamnaceae),1993,article,mutualist,P3,1,published_article_type,published_research_candidate,manual_biological_estimand_screen
doi:10.1111/j.1469-8137.1993.tb03821.x,10.1111/j.1469-8137.1993.tb03821.x,Flowering characteristics and fertility of interploidy progeny from normal and 2n gametes in Dactylis glomerata L.,1993,article,mutualist,P3,1,published_article_type,published_research_candidate,manual_biological_estimand_screen
doi:10.1007/bf00341326,10.1007/bf00341326,Mast-seeding in the cycad genus Encephalartos: a test of the predator satiation hypothesis.,1993,Journal Article,antagonist,P3,1,published_article_type,published_research_candidate,manual_biological_estimand_screen
doi:10.1002/j.1537-2197.1993.tb13818.x,10.1002/j.1537-2197.1993.tb13818.x,"PROTANDRY, INCOMPATIBILITY, AND SECONDARY POLLEN PRESENTATION IN CEPHALANTHUS OCCIDENTALS (RUBIACEAE)",1993,article,mutualist,P3,1,published_article_type,published_research_candidate,manual_biological_estimand_screen
doi:10.2307/2445386,10.2307/2445386,"Protandry, Incompatibility, and Secondary Pollen Presentation in Cephalanthus occidentalis (Rubiaceae)",1993,article,mutualist,P3,1,published_article_type,published_research_candidate,manual_biological_estimand_screen
doi:10.1007/bf00940792,10.1007/bf00940792,Reproductive biology ofCistus ladanifer (Cistaceae),1993,article,mutualist,P3,1,published_article_type,published_research_candidate,manual_biological_estimand_screen
doi:10.1111/j.1756-1051.1993.tb00025.x,10.1111/j.1756-1051.1993.tb00025.x,Reproductive ecology of the three Nordic Pinguicula species (Lentibulariaceae),1993,article,mutualist,P3,1,published_article_type,published_research_candidate,manual_biological_estimand_screen
doi:10.1007/bf00328966,10.1007/bf00328966,Selective fruit and seed maturation in Asphodelus albus Miller (Liliaceae).,1993,Journal Article,mutualist,P3,1,published_article_type,published_research_candidate,manual_biological_estimand_screen
titleyear:studies on development of reproductive organs in orchidaceae with special reference to the genus calanthe|1993,,Studies on development of reproductive organs in Orchidaceae with special reference to the genus Calanthe,1993,article,mutualist,P3,1,published_article_type,published_research_candidate,manual_biological_estimand_screen
doi:10.1071/zo9930441,10.1071/zo9930441,"The Life-History of Badumna-Candida (Araneae, Amaurobioidea)",1993,article,antagonist,P3,1,published_article_type,published_research_candidate,manual_biological_estimand_screen
doi:10.1071/bt9930591,10.1071/bt9930591,"The Reproductive Ecology of Canavalia rosea (Fabaceae) on Anak Krakatau, Indonesia",1993,article,mutualist,P3,1,published_article_type,published_research_candidate,manual_biological_estimand_screen
doi:10.2307/1938727,10.2307/1938727,A Bite is a Bite is a Bite? Constraints on Response to Folivory in Piper Arieianum (Piperaceae),1992,article,mutualist,P3,1,published_article_type,published_research_candidate,manual_biological_estimand_screen
doi:10.2307/2996913,10.2307/2996913,Reproductive Biology of Asimina parviflora (Annonaceae),1992,article,mutualist,P3,1,published_article_type,published_research_candidate,manual_biological_estimand_screen
doi:10.1086/297040,10.1086/297040,Self- and Cross-Fertilization in Plants. I. Functional Dimensions,1992,article,mutualist,P3,1,published_article_type,published_research_candidate,manual_biological_estimand_screen
doi:10.1002/j.1537-2197.1991.tb15748.x,10.1002/j.1537-2197.1991.tb15748.x,AN EXPERIMENTAL TEST FOR REPRODUCTIVE INTERACTIONS BETWEEN TWO SEQUENTIALLY BLOOMING SAXIFRAGA SPECIES (SAXIFRAGACEAE),1991,article,mutualist,P3,1,published_article_type,published_research_candidate,manual_biological_estimand_screen
doi:10.2307/2445244,10.2307/2445244,An Experimental Test for Reproductive Interactions between Two Sequentially Blooming Saxifraga Species (Saxifragaceae),1991,article,mutualist,P3,1,published_article_type,published_research_candidate,manual_biological_estimand_screen
doi:10.1002/j.1537-2197.1991.tb12611.x,10.1002/j.1537-2197.1991.tb12611.x,EXPERIMENTAL ASSESSMENT OF REPRODUCTIVE INTERACTIONS BETWEEN SYMPATRIC ASTER AND ERIGERON (ASTERACEAE) IN INTERIOR ALASKA,1991,article,mutualist,P3,1,published_article_type,published_research_candidate,manual_biological_estimand_screen
doi:10.11501/3059222,10.11501/3059222,Effects of snow-melt timing on plant life in an alpine snow-bed,1991,article,mutualist,P3,1,published_article_type,published_research_candidate,manual_biological_estimand_screen
doi:10.2307/2445283,10.2307/2445283,Experimental Assessment of Reproductive Interactions Between Sympatric Aster and Erigeron (Asteraceae) in Interior Alaska,1991,article,mutualist,P3,1,published_article_type,published_research_candidate,manual_biological_estimand_screen
doi:10.1007/bf00025995,10.1007/bf00025995,"Factors affecting contributions of the tadpole shrimp, Lepidurus packardi, to its oversummering egg reserves",1991,article,antagonist,P3,1,published_article_type,published_research_candidate,manual_biological_estimand_screen
doi:10.1111/j.1558-5646.1991.tb04413.x,10.1111/j.1558-5646.1991.tb04413.x,GENE FLOW IN CHAMAECRISTA FASCICULATA (LEGUMINOSAE) I. GENE DISPERSAL.,1991,Journal Article,mutualist,P3,1,published_article_type,published_research_candidate,manual_biological_estimand_screen
doi:10.1086/285142,10.1086/285142,Habitat Selection in Plants,1991,article,antagonist;mutualist,P3,1,published_article_type,published_research_candidate,manual_biological_estimand_screen
doi:10.1080/01140671.1991.10422871,10.1080/01140671.1991.10422871,Observations on self‐fertile clones of kiwifruit,1991,article,mutualist,P3,1,published_article_type,published_research_candidate,manual_biological_estimand_screen
doi:10.1111/j.1600-0587.1991.tb00660.x,10.1111/j.1600-0587.1991.tb00660.x,Operation of dichogamy and herkogamy in five taxa of Pulsatilla,1991,article,mutualist,P3,1,published_article_type,published_research_candidate,manual_biological_estimand_screen
doi:10.2307/2404590,10.2307/2404590,Population Biology. Ecological and Evolutionary Viewpoints.,1991,article,antagonist,P3,1,published_article_type,published_research_candidate,manual_biological_estimand_screen
doi:10.2307/2388683,10.2307/2388683,Reproductive Biology of the Palm Acrocomia aculeata in Central Brazil,1991,article,mutualist,P3,1,published_article_type,published_research_candidate,manual_biological_estimand_screen
doi:10.1111/j.1095-8339.1991.tb02289.x,10.1111/j.1095-8339.1991.tb02289.x,"The reproductive biology of a riparian Mediterranean shrub, Nerium oleander L. (Apocynaceae)",1991,article,mutualist,P3,1,published_article_type,published_research_candidate,manual_biological_estimand_screen
doi:10.7146/mogbiosci.v34.142448,10.7146/mogbiosci.v34.142448,"A quantitative approach to the sexual reproductive biology and population structure in some arctic flowering plants: Dryas integrifolia, Silene acaulis and Ranunculus nivalis",1990,article,mutualist,P3,1,published_article_type,published_research_candidate,manual_biological_estimand_screen
doi:10.1017/s0021859600070970,10.1017/s0021859600070970,Effects of applied plant growth substances on pod set in broad beans (Vicia faba var. major),1990,article,mutualist,P3,1,published_article_type,published_research_candidate,manual_biological_estimand_screen
doi:10.2307/2260965,10.2307/2260965,Plant Reproductive Ecology: Patterns and Strategies.,1990,article,mutualist,P3,1,published_article_type,published_research_candidate,manual_biological_estimand_screen
doi:10.1002/j.1537-2197.1990.tb11378.x,10.1002/j.1537-2197.1990.tb11378.x,REPRODUCTIVE BIOLOGY OF A TROPICAL PALM SWAMP COMMUNITY IN THE VENEZUELAN LLANOS,1990,article,mutualist,P3,1,published_article_type,published_research_candidate,manual_biological_estimand_screen
doi:10.2307/2444587,10.2307/2444587,Reproductive Biology of a Tropical Palm Swamp Community in the Venezuelan Llanos,1990,article,mutualist,P3,1,published_article_type,published_research_candidate,manual_biological_estimand_screen
doi:10.1007/bf00937707,10.1007/bf00937707,Reproductive biology ofPolyalthia littoralis (Annonaceae),1990,article,mutualist,P3,1,published_article_type,published_research_candidate,manual_biological_estimand_screen
doi:10.1071/bt9900217,10.1071/bt9900217,The Breeding Systems of Stylidium graminifolium and Stylidium productum (Stylidiaceae),1990,article,mutualist,P3,1,published_article_type,published_research_candidate,manual_biological_estimand_screen
doi:10.4039/ent121193-2,10.4039/ent121193-2,"ANALYSIS OF A SIMULATION MODEL OF NORTHERN CORN ROOTWORM, DIABROTICA BARBERI SMITH AND LAWRENCE (COLEOPTERA: CHRYSOMELIDAE), DYNAMICS IN FIELD CORN, WITH IMPLICATIONS FOR POPULATION MANAGEMENT",1989,article,antagonist,P3,1,published_article_type,published_research_candidate,manual_biological_estimand_screen
doi:10.1002/j.1537-2197.1989.tb15086.x,10.1002/j.1537-2197.1989.tb15086.x,"SEX EXPRESSION, BREEDING SYSTEM, AND POLLEN BIOLOGY OF RICINOCARPOS PINIFOLIUS: A CASE OF ANDRODIOECY?",1989,article,antagonist;mutualist,P3,1,published_article_type,published_research_candidate,manual_biological_estimand_screen
doi:10.1139/z89-337,10.1139/z89-337,"Seasonal biology of Winthemia fumiferanae Toth. (Diptera: Tachinidae), a larval–pupal parasitoid of the spruce budworm (Lepidoptera: Tortricidae)",1989,article,antagonist,P3,1,published_article_type,published_research_candidate,manual_biological_estimand_screen
doi:10.2307/2444527,10.2307/2444527,"Sex Expression, Breeding System, and Pollen Biology of Ricinocarpos pinifolius: A Case of Androdioecy?",1989,article,antagonist;mutualist,P3,1,published_article_type,published_research_candidate,manual_biological_estimand_screen
doi:10.1007/bf00377160,10.1007/bf00377160,"Temporal mechanisms influencing gender expression and pollen flow within a self-incompatible perennial, Amianthium muscaetoxicum (Liliaceae).",1989,Journal Article,mutualist,P3,1,published_article_type,published_research_candidate,manual_biological_estimand_screen
doi:10.1093/aesa/81.1.54,10.1093/aesa/81.1.54,"Contrasts in Reproductive Ecology Between Temperate and Tropical Populations of Jadera haematoloma, a Mate-Guarding Hemipteran (Rhopalidae)",1988,article,antagonist,P3,1,published_article_type,published_research_candidate,manual_biological_estimand_screen
doi:10.1111/j.1469-8137.1988.tb03708.x,10.1111/j.1469-8137.1988.tb03708.x,The sensitivity of pollen from various coniferous and broad–leaved trees to combinations of acidity and trace metals,1988,article,mutualist,P3,1,published_article_type,published_research_candidate,manual_biological_estimand_screen
doi:10.1016/s0367-2530(17)30370-5,10.1016/s0367-2530(17)30370-5,Zur Bestäubungsstrategie von Pulsatilla vulgaris Mill11Gefördert von der Deutschen Forschungsgemeinschaft.,1988,article,mutualist,P3,1,published_article_type,published_research_candidate,manual_biological_estimand_screen
doi:10.1111/j.1095-8339.1987.tb01058.x,10.1111/j.1095-8339.1987.tb01058.x,"Floral biology of a primary rain forest palm, Astrocaryum mexicanum Liebm.",1987,article,antagonist;mutualist,P3,1,published_article_type,published_research_candidate,manual_biological_estimand_screen
doi:10.1038/hdy.1987.16,10.1038/hdy.1987.16,"Pollen success, functional gender and assortative mating in an experimental plant population",1987,article,mutualist,P3,1,published_article_type,published_research_candidate,manual_biological_estimand_screen
doi:10.2307/1445672,10.2307/1445672,"Reproductive Ecology of Female Dusky Salamanders, Desmognathus fuscus (Plethodontidae), in the Southern Appalachians",1987,article,antagonist,P3,1,published_article_type,published_research_candidate,manual_biological_estimand_screen
doi:10.1007/bf00939181,10.1007/bf00939181,Reproductive biology of the genusDamasonium (Alismataceae),1987,article,mutualist,P3,1,published_article_type,published_research_candidate,manual_biological_estimand_screen
doi:10.2307/2260419,10.2307/2260419,Seed Bank Dynamics of Four Co-Occurring Banksia Species,1987,article,antagonist,P3,1,published_article_type,published_research_candidate,manual_biological_estimand_screen
doi:10.1111/j.1558-5646.1987.tb05869.x,10.1111/j.1558-5646.1987.tb05869.x,THE EFFECT OF INVESTMENT IN ATTRACTIVE STRUCTURES ON ALLOCATION TO MALE AND FEMALE FUNCTIONS IN PLANTS.,1987,Journal Article,mutualist,P3,1,published_article_type,published_research_candidate,manual_biological_estimand_screen
doi:10.1111/j.1095-8339.1987.tb01831.x,10.1111/j.1095-8339.1987.tb01831.x,"The reproductive biology of a distylous tree, Sarcotheca celebica (Oxalidaceae) in Sulawesi, Indonesia",1987,article,mutualist,P3,1,published_article_type,published_research_candidate,manual_biological_estimand_screen
doi:10.2307/2388484,10.2307/2388484,A Negative Correlation Between Growth and Rainfall in a Tropical Liana,1986,article,antagonist,P3,1,published_article_type,published_research_candidate,manual_biological_estimand_screen
doi:10.1139/x86-230,10.1139/x86-230,"Megagametogenesis, fertilization, and embryo development in Larixdecidua",1986,article,mutualist,P3,1,published_article_type,published_research_candidate,manual_biological_estimand_screen
doi:10.1007/bf02861000,10.1007/bf02861000,Sex allocation in functionally hermaphroditic plants: A review and critique,1986,article,mutualist,P3,1,published_article_type,published_research_candidate,manual_biological_estimand_screen
doi:10.1071/bt9850543,10.1071/bt9850543,Analysis of a Hybrid Swarm Between Eucalyptus risdonii Hook. F. And E. amygdalina Labill,1985,article,mutualist,P3,1,published_article_type,published_research_candidate,manual_biological_estimand_screen
doi:10.1093/icb/25.4.1009,10.1093/icb/25.4.1009,Behavioral and Morphological Adaptations by Galapagos Land Iguanas (Conolophus subcristatus) to Water and Energy Requirements of Eggs and Neonates,1985,article,antagonist,P3,1,published_article_type,published_research_candidate,manual_biological_estimand_screen
doi:10.2307/1940530,10.2307/1940530,Coexistence of Five Sympatric Piper (Piperaceae) Species in a Tropical Dry Forest,1985,article,mutualist,P3,1,published_article_type,published_research_candidate,manual_biological_estimand_screen
doi:10.1086/284348,10.1086/284348,The Intrusion of Clonal Growth Patterns on Plant Breeding Systems,1985,article,mutualist,P3,1,published_article_type,published_research_candidate,manual_biological_estimand_screen
doi:10.1111/j.1439-0418.1984.tb02715.x,10.1111/j.1439-0418.1984.tb02715.x,"Distribution, host plants, and reproductive biology of the Sitona humeralis Stephens group of species (Coleoptera, Curculionidae)",1984,article,antagonist,P3,1,published_article_type,published_research_candidate,manual_biological_estimand_screen
doi:10.1111/j.1469-7998.1984.tb04288.x,10.1111/j.1469-7998.1984.tb04288.x,"The feeding ecology of a selective browser, the giraffe (Giraffa camelopardalis tippelskirchi)",1984,article,antagonist,P3,1,published_article_type,published_research_candidate,manual_biological_estimand_screen
doi:10.2307/2399071,10.2307/2399071,Variation in Floral Sexuality of Diclinous Aralia (Araliaceae),1984,article,mutualist,P3,1,published_article_type,published_research_candidate,manual_biological_estimand_screen
doi:10.5962/p.355005,10.5962/p.355005,"An ecological study of Cypripedium passerinum Rich. (Sparrow's Egg Lady-shpper, Orchidaceae) on the north shore of Lake Superior",1983,article,mutualist,P3,1,published_article_type,published_research_candidate,manual_biological_estimand_screen
doi:10.1002/j.1537-2197.1983.tb06431.x,10.1002/j.1537-2197.1983.tb06431.x,COMPARATIVE REPRODUCTIVE BIOLOGY OF ACER PENSYLVANICUM AND A. SPICATUM (ACERACEAE),1983,article,mutualist,P3,1,published_article_type,published_research_candidate,manual_biological_estimand_screen
doi:10.2307/2442945,10.2307/2442945,Comparative Reproductive Biology of Acer pensylvanicum and A. spicatum (Aceraceae),1983,article,mutualist,P3,1,published_article_type,published_research_candidate,manual_biological_estimand_screen
doi:10.2307/3808051,10.2307/3808051,Effects of Supplemental Iodine and Season on Thyroid Activity of White-Tailed Deer,1983,article,antagonist,P3,1,published_article_type,published_research_candidate,manual_biological_estimand_screen
doi:10.1038/hdy.1983.5,10.1038/hdy.1983.5,Self-incompatibility in ryegrass,1983,article,mutualist,P3,1,published_article_type,published_research_candidate,manual_biological_estimand_screen
titleyear:stabilizing selection on seed size in astragalus leguminosae due to differential predation and differential germination|1983,,Stabilizing selection on seed size in Astragalus (Leguminosae) due to differential predation and differential germination.,1983,article,antagonist,P3,1,published_article_type,published_research_candidate,manual_biological_estimand_screen
doi:10.1007/bf00384486,10.1007/bf00384486,"Inflorescence spiders: A cost/benefit analysis for the host plant, Haplopappus venetus Blake (Asteraceae).",1982,Journal Article,antagonist;mutualist,P3,1,published_article_type,published_research_candidate,manual_biological_estimand_screen
doi:10.1111/j.1095-8312.1982.tb02026.x,10.1111/j.1095-8312.1982.tb02026.x,The comparative distribution and population dynamics in Trinidad of Sceliphron fistularium (Dahlbom) and S. asiaticum (L.) (Hymenoptera: Sphecidae),1982,article,antagonist,P3,1,published_article_type,published_research_candidate,manual_biological_estimand_screen
doi:10.2307/2388070,10.2307/2388070,"Asclepias, Lantana, and Epidendrum: A Floral Mimicry Complex?",1981,article,mutualist,P3,1,published_article_type,published_research_candidate,manual_biological_estimand_screen
doi:10.1111/j.1469-8137.1981.tb01732.x,10.1111/j.1469-8137.1981.tb01732.x,THE REPRODUCTIVE BIOLOGY OF ASCLEPIAS TUBEROSA,1981,article,mutualist,P3,1,published_article_type,published_research_candidate,manual_biological_estimand_screen
doi:10.1086/283544,10.1086/283544,On Reconciling Patchy Microspatial Distributions with Competition Models,1980,article,antagonist,P3,1,published_article_type,published_research_candidate,manual_biological_estimand_screen
doi:10.1139/b80-010,10.1139/b80-010,Variation in seed characters in populations of Vaccinium § Cyanococcus (the Blueberries) in relation to latitude,1980,article,mutualist,P3,1,published_article_type,published_research_candidate,manual_biological_estimand_screen
doi:10.1111/j.1096-3642.1979.tb01911.x,10.1111/j.1096-3642.1979.tb01911.x,A contribution to the study of species relations within the chrysomelid genus Altica Müller in Britain,1979,article,antagonist,P3,1,published_article_type,published_research_candidate,manual_biological_estimand_screen
doi:10.2307/4190,10.2307/4190,"An Analysis of the Generation-Mean Life Table of the Mosquito, Culex tritaeniorhynchus summorosus, with Particular Reference to Population Regulation",1979,article,antagonist,P3,1,published_article_type,published_research_candidate,manual_biological_estimand_screen
doi:10.1007/bf00344833,10.1007/bf00344833,Maintenance of species integrity in sympatrically occurring Rhinanthus minor and R. serotinus in The Netherlands.,1979,Journal Article,mutualist,P3,1,published_article_type,published_research_candidate,manual_biological_estimand_screen
doi:10.1080/00221589.1979.11514850,10.1080/00221589.1979.11514850,Pollen application by mechanical dusting in English Apple Orchards,1979,article,mutualist,P3,1,published_article_type,published_research_candidate,manual_biological_estimand_screen
doi:10.1007/bf00263049,10.1007/bf00263049,Reproductive system and pattern of genetic variation in two Limnanthes species.,1979,Journal Article,mutualist,P3,1,published_article_type,published_research_candidate,manual_biological_estimand_screen
titleyear:the reproductive biology of cyrtandra grandiflora gesneriaceae on oahu|1979,,The Reproductive Biology of Cyrtandra grandiflora (Gesneriaceae) on Oahu,1979,article,mutualist,P3,1,published_article_type,published_research_candidate,manual_biological_estimand_screen
doi:10.2307/1936379,10.2307/1936379,Flowering Ecology of Some Spring Woodland Herbs,1978,article,mutualist,P3,1,published_article_type,published_research_candidate,manual_biological_estimand_screen
doi:10.1007/bf00349811,10.1007/bf00349811,Interspecific pollen transfer and competition between co-occurring plant species.,1978,Journal Article,mutualist,P3,1,published_article_type,published_research_candidate,manual_biological_estimand_screen
doi:10.1007/bf00281917,10.1007/bf00281917,Genetic and biosystematic studies on two new sibling species of Lycopersicon from interandean Perú.,1976,Journal Article,mutualist,P3,1,published_article_type,published_research_candidate,manual_biological_estimand_screen
doi:10.1080/21686351.1976.12278573,10.1080/21686351.1976.12278573,Les Diptères des Savanes Tropicales Préforestières de Lamto (Cote-d'Ivoire) II. — Peuplement de Bombyliidae et Description de Quatre Espèces Nouvelles,1976,article,antagonist,P3,1,published_article_type,published_research_candidate,manual_biological_estimand_screen
doi:10.1007/bf00582894,10.1007/bf00582894,"Natural food requirements of the large milkweed bug,Oncopeltus fasciatus (Hemiptera: Lygaeidae), and their relation to gregariousness and host plant morphology.",1976,Journal Article,antagonist,P3,1,published_article_type,published_research_candidate,manual_biological_estimand_screen
doi:10.1007/bf02371658,10.1007/bf02371658,Biologie du prédateur aphidiphageEumicromus angulatus [Neur.: Hemerobiidae]: Études au laboratoire et observations dans le sud-ouest de la France,1975,article,antagonist,P3,1,published_article_type,published_research_candidate,manual_biological_estimand_screen
doi:10.1086/336792,10.1086/336792,Introgression between Agropyron dasystachyum and A. trachycaulum,1975,article,mutualist,P3,1,published_article_type,published_research_candidate,manual_biological_estimand_screen
doi:10.2307/2989798,10.2307/2989798,Sugar Concentrations in Nectars from Hummingbird Flowers,1975,article,mutualist,P3,1,published_article_type,published_research_candidate,manual_biological_estimand_screen
titleyear:effects of alar on almonds delayed flowering shorter shoots|1970,,Effects of Alar on almonds… delayed flowering… shorter shoots,1970,article,mutualist,P3,1,published_article_type,published_research_candidate,manual_biological_estimand_screen
doi:10.1038/hdy.1970.66,10.1038/hdy.1970.66,Genotype-environment interaction and developmental regulation in Arabidopsis thaliana I. Inbred lines; description,1970,article,mutualist,P3,1,published_article_type,published_research_candidate,manual_biological_estimand_screen
doi:10.1139/z68-059,10.1139/z68-059,Cytological changes in the developing ovary of the house fly fed milk and other diets,1968,article,antagonist,P3,1,published_article_type,published_research_candidate,manual_biological_estimand_screen
doi:10.2307/1934487,10.2307/1934487,The Effects of an Acute Insecticide Stress on a Semi‐Enclosed Grassland Ecosystem,1968,article,antagonist,P3,1,published_article_type,published_research_candidate,manual_biological_estimand_screen
doi:10.1093/aesa/60.3.496,10.1093/aesa/60.3.496,"Biology of Graminella nigrifrons (Homoptera: Cicadellidae), a Vector of Corn (Maize) Stunt Virus1",1967,article,antagonist,P3,1,published_article_type,published_research_candidate,manual_biological_estimand_screen
doi:10.1007/bf00710615,10.1007/bf00710615,Some aspects of fruit genetics in Britain,1962,article,mutualist,P3,1,published_article_type,published_research_candidate,manual_biological_estimand_screen
doi:10.1086/282173,10.1086/282173,Experimental Sympatric Populations of Clarkia,1961,article,mutualist,P3,1,published_article_type,published_research_candidate,manual_biological_estimand_screen
titleyear:an analysis of reproductive behavior in the mouthbreeding cichlid fish tilapia macrocephala bleeker|1949,,"An analysis of reproductive behavior in the mouthbreeding cichlid fish, Tilapia macrocephala (Bleeker).",1949,Journal Article,antagonist,P3,1,published_article_type,published_research_candidate,manual_biological_estimand_screen
doi:10.1079/9781800627628.0009,10.1079/9781800627628.0009,"Flowering, Pollination and Fruit Set",2025,book-chapter,mutualist,P3,4,identified_partner_title;final_reproduction_title;nonprimary_source_type,other_source_type,manual_source_type_and_biological_screen
doi:10.21273/hortsci12852-18,10.21273/hortsci12852-18,Supplemental and Synchronized Pollination May Increase Yield in Cacao,2019,supplementary-materials,mutualist,P3,4,timing_title;identified_partner_title,other_source_type,manual_source_type_and_biological_screen
doi:10.1201/9780203740071-17,10.1201/9780203740071-17,Pollinators and Seed Production,2017,book-chapter,mutualist,P3,4,identified_partner_title;final_reproduction_title;nonprimary_source_type,other_source_type,manual_source_type_and_biological_screen
doi:10.1201/9781315365084-11,10.1201/9781315365084-11,Plant Responses to Elevated Temperatures: A Field Study on Phenological Sensitivity and Fitness Responses to Simulated Climate Warming,2016,book-chapter,mutualist,P3,4,timing_title;final_reproduction_title;nonprimary_source_type,other_source_type,manual_source_type_and_biological_screen
doi:10.1007/978-1-4612-2240-8_8,10.1007/978-1-4612-2240-8_8,Phenology and Reproductive Success in Arctic Plants: Susceptibility to Climate Change,1997,book-chapter,mutualist,P3,4,timing_title;final_reproduction_title;nonprimary_source_type,other_source_type,manual_source_type_and_biological_screen
doi:10.6084/m9.figshare.c.4955039.v1,10.6084/m9.figshare.c.4955039.v1,"Supplementary material from ""Frequency-dependent fitness and reproductive dynamics contribute to habitat segregation in sympatric Jewelflowers""",2020,supplementary-materials,mutualist,P3,3,final_reproduction_title,other_source_type,manual_source_type_and_biological_screen
doi:10.1007/978-4-431-55954-2_3,10.1007/978-4-431-55954-2_3,Landscape Structure of Flowering Phenology in Alpine Ecosystems: Significance of Plant–Pollinator Interactions and Evolutionary Aspects,2016,book-chapter,mutualist,P3,3,timing_title;identified_partner_title;nonprimary_source_type,other_source_type,manual_source_type_and_biological_screen
doi:10.1201/b18713-16,10.1201/b18713-16,Urbanization Affects Plant Flowering Phenology And Pollinator Community: Effects Of Water Availability And Land Cover,2015,book-chapter,mutualist,P3,3,timing_title;identified_partner_title;nonprimary_source_type,other_source_type,manual_source_type_and_biological_screen
doi:10.1017/cbo9781139048170.013,10.1017/cbo9781139048170.013,Roles of pollinator attraction and environmental fluctuation in inducing flowering synchrony,2013,book-chapter,mutualist,P3,3,timing_title;identified_partner_title;nonprimary_source_type,other_source_type,manual_source_type_and_biological_screen
doi:10.1007/s11258-010-9882-y,10.1007/s11258-010-9882-y,Plant–pollinator interactions between an invasive and native plant vary between sites with different flowering phenology,2010,book-chapter,mutualist,P3,3,timing_title;identified_partner_title;nonprimary_source_type,other_source_type,manual_source_type_and_biological_screen
doi:10.1525/california/9780520223097.003.0002,10.1525/california/9780520223097.003.0002,Flowering Phenology and Pollination Systems Diversity in the Seasonal Dry Forest,2004,book-chapter,mutualist,P3,3,timing_title;identified_partner_title;nonprimary_source_type,other_source_type,manual_source_type_and_biological_screen
doi:10.1093/oso/9780195063943.003.0008,10.1093/oso/9780195063943.003.0008,"Nectar Production, Flowering Phenology, and Strategies for Pollination",1990,book-chapter,mutualist,P3,3,timing_title;identified_partner_title;nonprimary_source_type,other_source_type,manual_source_type_and_biological_screen
doi:10.5281/zenodo.14284297,10.5281/zenodo.14284297,Data and code from: Environmental drivers of metapopulation dynamics throughout the full annual cycle in a declining Arctic-nesting migratory herbivore,2026,software,antagonist,P3,2,identified_partner_title,other_source_type,manual_source_type_and_biological_screen
doi:10.5281/zenodo.14284298,10.5281/zenodo.14284298,Data and code from: Environmental drivers of metapopulation dynamics throughout the full annual cycle in a declining Arctic-nesting migratory herbivore,2026,software,antagonist,P3,2,identified_partner_title,other_source_type,manual_source_type_and_biological_screen
doi:10.1007/978-3-032-29477-7_2,10.1007/978-3-032-29477-7_2,Impact of Variation in Temperature on Plant Reproduction and Growth,2026,book-chapter,mutualist,P3,2,final_reproduction_title;nonprimary_source_type,other_source_type,manual_source_type_and_biological_screen
titleyear:simultaneous warming disrupts plant pollinator mutualisms|2023,,Simultaneous warming disrupts plant-pollinator mutualisms,2023,other,mutualist,P3,2,identified_partner_title,other_source_type,manual_source_type_and_biological_screen
doi:10.1093/oso/9780198835141.003.0006,10.1093/oso/9780198835141.003.0006,Plant reproduction,2020,book-chapter,mutualist,P3,2,final_reproduction_title;nonprimary_source_type,other_source_type,manual_source_type_and_biological_screen
doi:10.6084/m9.figshare.c.5036333,10.6084/m9.figshare.c.5036333,"Supplementary material from ""Community-level reorganizations following migratory pollinator dynamics along a latitudinal gradient""",2020,supplementary-materials,mutualist,P3,2,identified_partner_title,other_source_type,manual_source_type_and_biological_screen
doi:10.7490/f1000research.1114840.1,10.7490/f1000research.1114840.1,Pollinator-mediated interactions in experimental arrays vary with neighbor identity,2017,other,mutualist,P3,2,identified_partner_title,other_source_type,manual_source_type_and_biological_screen
doi:10.1093/acprof:oso/9780199639656.003.0005,10.1093/acprof:oso/9780199639656.003.0005,Reproduction and Population Genetics,2016,book-chapter,mutualist,P3,2,final_reproduction_title;nonprimary_source_type,other_source_type,manual_source_type_and_biological_screen
doi:10.6084/m9.figshare.c.3469893.v1,10.6084/m9.figshare.c.3469893.v1,"Supplementary material from ""One fly to rule them all—muscid flies are the key pollinators in the Arctic""",2016,supplementary-materials,mutualist,P3,2,identified_partner_title,other_source_type,manual_source_type_and_biological_screen
doi:10.1016/b978-0-12-405942-9.00002-5,10.1016/b978-0-12-405942-9.00002-5,Impacts of Changing Climate and Climate Variability on Seed Production and Seed Industry,2012,book-chapter,mutualist,P3,2,final_reproduction_title;nonprimary_source_type,other_source_type,manual_source_type_and_biological_screen
titleyear:comparing insect herbivory between native and invasive senecio species in ne spain a test for the host switching hypothesis|2011,,Comparing insect herbivory between native and invasive Senecio species in NE Spain: a test for the Host Switching hypothesis,2011,other,antagonist,P3,2,identified_partner_title,other_source_type,manual_source_type_and_biological_screen
doi:10.1007/978-94-007-0632-3_27,10.1007/978-94-007-0632-3_27,Timing of Reproduction in Large Mammals,2003,book-chapter,antagonist,P3,2,final_reproduction_title;nonprimary_source_type,other_source_type,manual_source_type_and_biological_screen
doi:10.5281/zenodo.20055535,10.5281/zenodo.20055535,Ecological Consequences of Climate Change on Beneficial (Bumblebees) and Pest Insects (Fruit fly),2026,book-chapter,mutualist,P3,1,identified_partner_title;nonprimary_source_type,other_source_type,manual_source_type_and_biological_screen
doi:10.5281/zenodo.20055536,10.5281/zenodo.20055536,Ecological Consequences of Climate Change on Beneficial (Bumblebees) and Pest Insects (Fruit fly),2026,book-chapter,mutualist,P3,1,identified_partner_title;nonprimary_source_type,other_source_type,manual_source_type_and_biological_screen
doi:10.1007/978-981-92-0096-2_5,10.1007/978-981-92-0096-2_5,Pollination Ecology and Conservation Perspectives on Orchid Species in the Western Himalayan Landscape,2026,book-chapter,mutualist,P3,1,identified_partner_title;nonprimary_source_type,other_source_type,manual_source_type_and_biological_screen
doi:10.9734/bpi/ahrtsd/v2/8012,10.9734/bpi/ahrtsd/v2/8012,"Pollination Under Climate Change: Reproductive Resilience, Floral Traits and Precision Pollination Technologies in Fruit and Vegetable Crops",2026,book-chapter,mutualist,P3,1,identified_partner_title;nonprimary_source_type,other_source_type,manual_source_type_and_biological_screen
doi:10.1007/978-981-95-3592-7_9,10.1007/978-981-95-3592-7_9,The Pulse of Pollination: Bees and Their Role in Plant Reproductive Rhythms,2026,book-chapter,mutualist,P3,1,identified_partner_title;nonprimary_source_type,other_source_type,manual_source_type_and_biological_screen
doi:10.1007/978-981-95-0359-9_5,10.1007/978-981-95-0359-9_5,Climate Change and Threat to Pollinators,2025,book-chapter,mutualist,P3,1,identified_partner_title;nonprimary_source_type,other_source_type,manual_source_type_and_biological_screen
doi:10.1201/9781003516538-9,10.1201/9781003516538-9,Threats to Pollinators and Agricultural Systems,2025,book-chapter,mutualist,P3,1,identified_partner_title;nonprimary_source_type,other_source_type,manual_source_type_and_biological_screen
doi:10.1093/oso/9780192864161.003.0013,10.1093/oso/9780192864161.003.0013,Impacts of climate change on insect pollinators and consequences for their ecological function,2024,book-chapter,mutualist,P3,1,identified_partner_title;nonprimary_source_type,other_source_type,manual_source_type_and_biological_screen
doi:10.1201/9781003382089-11,10.1201/9781003382089-11,Effect of Climate Change on Insect Pollinator,2023,book-chapter,mutualist,P3,1,identified_partner_title;nonprimary_source_type,other_source_type,manual_source_type_and_biological_screen
doi:10.1007/978-981-15-8920-1_3,10.1007/978-981-15-8920-1_3,Pollination Management in Stone Fruit Crops,2021,book-chapter,mutualist,P3,1,identified_partner_title;nonprimary_source_type,other_source_type,manual_source_type_and_biological_screen
doi:10.1007/978-3-030-83375-6_14,10.1007/978-3-030-83375-6_14,Temporal Patterns of Pollination and Seed Dispersal in Capões of the Southern Pantanal,2021,book-chapter,mutualist,P3,1,identified_partner_title;nonprimary_source_type,other_source_type,manual_source_type_and_biological_screen
doi:10.1007/978-3-030-05165-5_3,10.1007/978-3-030-05165-5_3,Recognition of Plant Odor Information in Moths,2019,book-chapter,antagonist,P3,1,identified_partner_title;nonprimary_source_type,other_source_type,manual_source_type_and_biological_screen
doi:10.1007/s11252-019-0825-7,10.1007/s11252-019-0825-7,Short-distance pollen dispersal by bats in an urban setting: monitoring the movement of a vertebrate pollinator through fluorescent dyes,2019,book-chapter,mutualist,P3,1,identified_partner_title;nonprimary_source_type,other_source_type,manual_source_type_and_biological_screen
doi:10.23943/princeton/9780691182353.003.0008,10.23943/princeton/9780691182353.003.0008,Use of Time in the Phenology of Vertical Species Interactions,2019,book-chapter,antagonist,P3,1,timing_title;nonprimary_source_type,other_source_type,manual_source_type_and_biological_screen
doi:10.1007/978-3-030-13947-6_4,10.1007/978-3-030-13947-6_4,Welfare of Managed Honey Bees,2019,book-chapter,mutualist,P3,1,identified_partner_title;nonprimary_source_type,other_source_type,manual_source_type_and_biological_screen
doi:10.4160/9789290604761-2,10.4160/9789290604761-2,"Guatemalan potato tuber moth, Tecia solanivora (Povolny 1973)",2017,book,antagonist,P3,1,identified_partner_title;nonprimary_source_type,other_source_type,manual_source_type_and_biological_screen
doi:10.1007/s11258-016-0608-7,10.1007/s11258-016-0608-7,The diverse effects of habitat fragmentation on plant–pollinator interactions,2016,book-chapter,mutualist,P3,1,identified_partner_title;nonprimary_source_type,other_source_type,manual_source_type_and_biological_screen
doi:10.1093/acprof:oso/9780199674237.003.0008,10.1093/acprof:oso/9780199674237.003.0008,Cross-pollination of plants and animals: wild quantitative genetics and plant evolutionary genetics,2014,book-chapter,mutualist,P3,1,identified_partner_title;nonprimary_source_type,other_source_type,manual_source_type_and_biological_screen
doi:10.1007/978-81-322-2003-9_7,10.1007/978-81-322-2003-9_7,Pollination Ecology,2014,book-chapter,mutualist,P3,1,identified_partner_title;nonprimary_source_type,other_source_type,manual_source_type_and_biological_screen
doi:10.1201/b16453-10,10.1201/b16453-10,Simulation of Solitary (Non-Apis) Bees Competing for Pollen,2014,book-chapter,mutualist,P3,1,identified_partner_title;nonprimary_source_type,other_source_type,manual_source_type_and_biological_screen
doi:10.1201/b15417-10,10.1201/b15417-10,Phenological Patterns of Tropical Dry Forests along Latitudinal and Successional Gradients in the Neotropics,2013,book-chapter,mutualist,P3,1,timing_title;nonprimary_source_type,other_source_type,manual_source_type_and_biological_screen
doi:10.5772/23068,10.5772/23068,Bee Diversity in Thailand and the Applications of Bee Products,2011,book-chapter,mutualist,P3,1,identified_partner_title;nonprimary_source_type,other_source_type,manual_source_type_and_biological_screen
doi:10.1017/cbo9781139014113.015,10.1017/cbo9781139014113.015,Pollinators as drivers of plant distribution and assemblage into communities,2011,book-chapter,mutualist,P3,1,identified_partner_title;nonprimary_source_type,other_source_type,manual_source_type_and_biological_screen
doi:10.1007/978-4-431-53901-8_6,10.1007/978-4-431-53901-8_6,Can Tiny Thrips Provide Sufficient Pollination Service During a General Flowering Period in Tropical Rainforest?,2010,book-chapter,mutualist,P3,1,identified_partner_title;nonprimary_source_type,other_source_type,manual_source_type_and_biological_screen
doi:10.1007/978-81-8489-992-4_14,10.1007/978-81-8489-992-4_14,The saga of pollination biology,2010,book-chapter,mutualist,P3,1,identified_partner_title;nonprimary_source_type,other_source_type,manual_source_type_and_biological_screen
doi:10.1016/s0065-2504(09)00405-x,10.1016/s0065-2504(09)00405-x,Chapter 5 Empirical Evidence of Density‐Dependence in Populations of Large Herbivores,2009,book-chapter,antagonist,P3,1,identified_partner_title;nonprimary_source_type,other_source_type,manual_source_type_and_biological_screen
doi:10.1007/978-1-4020-9602-0_6,10.1007/978-1-4020-9602-0_6,Pollination and Fertilization,2009,book-chapter,mutualist,P3,1,identified_partner_title;nonprimary_source_type,other_source_type,manual_source_type_and_biological_screen
doi:10.1079/9781845934583.0093,10.1079/9781845934583.0093,"Flowering, pollination, fertilization and fruiting.",2008,book-chapter,mutualist,P3,1,identified_partner_title;nonprimary_source_type,other_source_type,manual_source_type_and_biological_screen
doi:10.1093/obo/9780199830060-0242,10.1093/obo/9780199830060-0242,Phenotypic Plasticity,2023,reference-entry,antagonist,P3,0,,other_source_type,manual_source_type_and_biological_screen
doi:10.1079/cpc.27317.20210102792,10.1079/cpc.27317.20210102792,Hylocereus undatus (dragon fruit).,2021,other,mutualist,P3,0,,other_source_type,manual_source_type_and_biological_screen
doi:10.6084/m9.figshare.c.5127031.v1,10.6084/m9.figshare.c.5127031.v1,"Supplementary material from ""Multivariate phenotypic divergence along an urbanization gradient""",2020,supplementary-materials,mutualist,P3,0,,other_source_type,manual_source_type_and_biological_screen
titleyear:impact of environmental variables on tundra vegetation onset of flowering explained by survival modelling|2019,,Impact of environmental variables on tundra vegetation onset of flowering explained by survival modelling,2019,other,mutualist,P3,0,,other_source_type,manual_source_type_and_biological_screen
doi:10.6084/m9.figshare.c.3666703.v1,10.6084/m9.figshare.c.3666703.v1,"Supplementary material from ""Trade-offs in mutualistic investment in a tripartite symbiosis""",2017,supplementary-materials,antagonist,P3,0,,other_source_type,manual_source_type_and_biological_screen
doi:10.1093/obo/9780199830060-0006,10.1093/obo/9780199830060-0006,Mutualisms and Symbioses,2012,reference-entry,mutualist,P3,0,,other_source_type,manual_source_type_and_biological_screen
titleyear:raccoon dogs in norway potential expansion rate distribution area and management implications|2007,,"Raccoon dogs in Norway - potential expansion rate, distribution area and management implications",2007,report,antagonist,P3,0,,other_source_type,manual_source_type_and_biological_screen
doi:10.1007/0-306-48380-7_2641,10.1007/0-306-48380-7_2641,Methods for Measuring Crop Losses by Insects,2006,reference-entry,antagonist,P3,0,,other_source_type,manual_source_type_and_biological_screen
titleyear:observations of allium tricoccum at select locations in northern michigan including a small scale study of growth patterns and underground parts|1997,,Observations of Allium tricoccum at select locations in northern Michigan including a small scale study of growth patterns and underground parts.,1997,report,mutualist,P3,0,,other_source_type,manual_source_type_and_biological_screen
titleyear:intra umbel geitonogamy and umbel size in a natural population of common milkweek asclepias syriaca|1994,,Intra-umbel geitonogamy and umbel size in a natural population of Common Milkweek (Asclepias syriaca).,1994,report,mutualist,P3,0,,other_source_type,manual_source_type_and_biological_screen
doi:10.54612/a.3p86ficcnl,10.54612/a.3p86ficcnl,Arctic biotic plant-associated networks unhinged,2026,book,mutualist,P3,-1,nonprimary_source_type,other_source_type,manual_source_type_and_biological_screen
titleyear:chapter 5 land nature and food|2026,,"Chapter 5: Land, Nature, and Food",2026,book-chapter,mutualist,P3,-1,nonprimary_source_type,other_source_type,manual_source_type_and_biological_screen
doi:10.5772/intechopen.1014876,10.5772/intechopen.1014876,Diversity and Bionomics of Agriculturally Important Diptera in the Afrotropical and Mediterranean Regions; Case Studies from Kenya and Türkiye,2026,book-chapter,mutualist,P3,-1,nonprimary_source_type,other_source_type,manual_source_type_and_biological_screen
doi:10.1201/9781779641397-3,10.1201/9781779641397-3,Environmental Stress Mitigation and Adaptability Enhanced by Multitrophic Interaction,2026,book-chapter,mutualist,P3,-1,nonprimary_source_type,other_source_type,manual_source_type_and_biological_screen
doi:10.1007/978-981-96-9459-4_21,10.1007/978-981-96-9459-4_21,Reproductive Biology and Breeding Strategies for the Indian Rosewood: Dalbergia sissoo Roxb. ex DC,2025,book-chapter,mutualist,P3,-1,nonprimary_source_type,other_source_type,manual_source_type_and_biological_screen
doi:10.1016/b978-0-443-13961-1.00005-8,10.1016/b978-0-443-13961-1.00005-8,Temperature influences,2025,book-chapter,antagonist,P3,-1,nonprimary_source_type,other_source_type,manual_source_type_and_biological_screen
doi:10.1007/978-3-031-87035-4_7,10.1007/978-3-031-87035-4_7,Understanding the Physiology of Mango Trees in the Context of Climate Change,2025,book-chapter,mutualist,P3,-1,nonprimary_source_type,other_source_type,manual_source_type_and_biological_screen
doi:10.11647/obp.0402.10,10.11647/obp.0402.10,10. Are mountain and plains zebra hybridising in north-west Namibia?,2024,book-chapter,antagonist,P3,-1,nonprimary_source_type,other_source_type,manual_source_type_and_biological_screen
doi:10.1007/978-3-031-56011-8_10,10.1007/978-3-031-56011-8_10,Climate Change Poses Threat to Helicoverpa zea Boddie (Lepidoptera: Noctuidae),2024,book-chapter,antagonist,P3,-1,nonprimary_source_type,other_source_type,manual_source_type_and_biological_screen
doi:10.1007/978-981-97-0331-9_11,10.1007/978-981-97-0331-9_11,Sweet Corn-Bell Pepper System,2024,book-chapter,mutualist,P3,-1,nonprimary_source_type,other_source_type,manual_source_type_and_biological_screen
doi:10.1007/978-3-031-73687-2_11,10.1007/978-3-031-73687-2_11,"Taxonomy, Demography and Status of Threatened Phlomoides superba (Royle ex Benth.) Kamelin & Makhm.",2024,book-chapter,mutualist,P3,-1,nonprimary_source_type,other_source_type,manual_source_type_and_biological_screen
doi:10.1201/9781003305033-3,10.1201/9781003305033-3,Durian,2023,book-chapter,mutualist,P3,-1,nonprimary_source_type,other_source_type,manual_source_type_and_biological_screen
doi:10.5871/bacad/9780197267554.003.0001,10.5871/bacad/9780197267554.003.0001,Introduction,2023,book-chapter,mutualist,P3,-1,nonprimary_source_type,other_source_type,manual_source_type_and_biological_screen
doi:10.4324/9781003351054-4,10.4324/9781003351054-4,Pollen,2023,book-chapter,mutualist,P3,-1,nonprimary_source_type,other_source_type,manual_source_type_and_biological_screen
doi:10.3920/978-90-8686-932-9_7,10.3920/978-90-8686-932-9_7,Chapter 7: Behavioural ecology of plant-mosquito relations,2022,book-chapter,mutualist,P3,-1,nonprimary_source_type,other_source_type,manual_source_type_and_biological_screen
doi:10.1201/9781003260097-1,10.1201/9781003260097-1,Introduction,2022,book-chapter,mutualist,P3,-1,nonprimary_source_type,other_source_type,manual_source_type_and_biological_screen
doi:10.5772/intechopen.98203,10.5772/intechopen.98203,Climate Change and Its Potential Impacts on Insect-Plant Interactions,2021,book-chapter,mutualist,P3,-1,nonprimary_source_type,other_source_type,manual_source_type_and_biological_screen
doi:10.1007/978-3-030-44963-6_12,10.1007/978-3-030-44963-6_12,Reproductive Biology and Conservation of the Living Rock Ariocarpus fissuratus,2020,book-chapter,mutualist,P3,-1,nonprimary_source_type,other_source_type,manual_source_type_and_biological_screen
doi:10.1007/978-981-15-4210-7_1,10.1007/978-981-15-4210-7_1,Reproductive Ecology of Flowering Plants: An Introduction,2020,book-chapter,mutualist,P3,-1,nonprimary_source_type,other_source_type,manual_source_type_and_biological_screen
doi:10.1079/9781786393777.0244,10.1079/9781786393777.0244,The cucurbits.,2020,book-chapter,mutualist,P3,-1,nonprimary_source_type,other_source_type,manual_source_type_and_biological_screen
doi:10.1007/978-981-13-7627-6_7,10.1007/978-981-13-7627-6_7,Reproductive Biology,2019,book-chapter,mutualist,P3,-1,nonprimary_source_type,other_source_type,manual_source_type_and_biological_screen
doi:10.1007/978-3-030-30746-2_2,10.1007/978-3-030-30746-2_2,The ‘Sixth Mass Extinction Crisis’ and Its Impact on Flowering Plants,2019,book-chapter,mutualist,P3,-1,nonprimary_source_type,other_source_type,manual_source_type_and_biological_screen
doi:10.1007/978-3-319-73969-4_7,10.1007/978-3-319-73969-4_7,Conclusion,2018,book-chapter,mutualist,P3,-1,nonprimary_source_type,other_source_type,manual_source_type_and_biological_screen
doi:10.4160/9789290604761-12,10.4160/9789290604761-12,"Greenhouse whitefly, Trialeurodes vaporariorum (Westwood 1956)",2016,book,antagonist,P3,-1,nonprimary_source_type,other_source_type,manual_source_type_and_biological_screen
doi:10.1007/978-3-319-42096-7_46,10.1007/978-3-319-42096-7_46,Leaf Color Variability,2016,book-chapter,antagonist,P3,-1,nonprimary_source_type,other_source_type,manual_source_type_and_biological_screen
doi:10.4160/9789290604761-9,10.4160/9789290604761-9,"Serpentine leafminer fly, Liriomyza huidobrensis (Blanchard 1926)",2016,book,antagonist,P3,-1,nonprimary_source_type,other_source_type,manual_source_type_and_biological_screen
doi:10.1007/978-1-4939-3727-1_2,10.1007/978-1-4939-3727-1_2,The Science of Gene Flow in Agriculture and Its Role in Coexistence,2016,book-chapter,mutualist,P3,-1,nonprimary_source_type,other_source_type,manual_source_type_and_biological_screen
doi:10.1007/978-81-322-2003-9,10.1007/978-81-322-2003-9,Reproductive Ecology of Flowering Plants: A Manual,2014,book,mutualist,P3,-1,nonprimary_source_type,other_source_type,manual_source_type_and_biological_screen
doi:10.1017/cbo9781139048170.017,10.1017/cbo9781139048170.017,Application to specific questions,2013,book-chapter,antagonist,P3,-1,nonprimary_source_type,other_source_type,manual_source_type_and_biological_screen
doi:10.1002/9781118409589.index,10.1002/9781118409589.index,Index,2013,paratext,antagonist,P3,-1,nonprimary_source_type,other_source_type,manual_source_type_and_biological_screen
doi:10.1079/9781845934897.0097,10.1079/9781845934897.0097,Reproductive physiology.,2009,book-chapter,mutualist,P3,-1,nonprimary_source_type,other_source_type,manual_source_type_and_biological_screen
doi:10.1201/9781420046786-9,10.1201/9781420046786-9,Primary and Secondary Metabolites and Their Biological Activity,2008,book-chapter,mutualist,P3,-1,nonprimary_source_type,other_source_type,manual_source_type_and_biological_screen
doi:10.1201/9781482294408-6,10.1201/9781482294408-6,Clutch Size Plasticity in the Lepidoptera,2005,book-chapter,antagonist,P3,-1,nonprimary_source_type,other_source_type,manual_source_type_and_biological_screen
doi:10.1016/b978-012088386-8/50003-x,10.1016/b978-012088386-8/50003-x,It Never Rains but then it Pours,2005,book-chapter,mutualist,P3,-1,nonprimary_source_type,other_source_type,manual_source_type_and_biological_screen
doi:10.1016/b978-0-12-088386-8.x5000-5,10.1016/b978-0-12-088386-8.x5000-5,Reproductive Allocation in Plants,2005,book,mutualist,P3,-1,nonprimary_source_type,other_source_type,manual_source_type_and_biological_screen
doi:10.1007/978-4-431-67008-7_13,10.1007/978-4-431-67008-7_13,Comparative Biology of Tropical Trees: a Perspective from Pasoh,2003,book-chapter,antagonist;mutualist,P3,-1,nonprimary_source_type,other_source_type,manual_source_type_and_biological_screen
doi:10.1007/s006060200043,10.1007/s006060200043,Selfing facilitates reproductive isolation among three sympatric species of Pitcairnia (Bromeliaceae),2002,book-chapter,mutualist,P3,-1,nonprimary_source_type,other_source_type,manual_source_type_and_biological_screen
doi:10.1007/978-94-015-9821-7_14,10.1007/978-94-015-9821-7_14,"Habitat Selection, Ambient Light and Colour Patterns in Some Lek-Displaying Birds",2001,book-chapter,mutualist,P3,-1,nonprimary_source_type,other_source_type,manual_source_type_and_biological_screen
doi:10.1007/978-1-4612-1234-8_8,10.1007/978-1-4612-1234-8_8,Formation of Floral Organs,2000,book-chapter,mutualist,P3,-1,nonprimary_source_type,other_source_type,manual_source_type_and_biological_screen
titleyear:alpine plant life|1999,,Alpine plant life,1999,book,antagonist;mutualist,P3,-1,nonprimary_source_type,other_source_type,manual_source_type_and_biological_screen
doi:10.1007/978-3-662-03908-3_8,10.1007/978-3-662-03908-3_8,Sexual Dimorphism and Biotic Interactions,1999,book-chapter,antagonist,P3,-1,nonprimary_source_type,other_source_type,manual_source_type_and_biological_screen
doi:10.1007/978-1-4615-5727-2_4,10.1007/978-1-4615-5727-2_4,Life History Parameters,1998,book-chapter,antagonist,P3,-1,nonprimary_source_type,other_source_type,manual_source_type_and_biological_screen
doi:10.1093/oso/9780198546504.003.0009,10.1093/oso/9780198546504.003.0009,Cannibalism and trophic eggs in subsocial and eusocial insects,1992,book-chapter,antagonist,P3,-1,nonprimary_source_type,other_source_type,manual_source_type_and_biological_screen
doi:10.1017/cbo9780511897658.016,10.1017/cbo9780511897658.016,Seasonality of climbers: a review and example from Costa Rican dry forest,1992,book-chapter,mutualist,P3,-1,nonprimary_source_type,other_source_type,manual_source_type_and_biological_screen
doi:10.1007/978-94-011-3366-1_16,10.1007/978-94-011-3366-1_16,"Factors affecting contributions of the tadpole shrimp, Lepidurus packardi, to its oversummering egg reserves",1991,book-chapter,antagonist,P3,-1,nonprimary_source_type,other_source_type,manual_source_type_and_biological_screen
doi:10.1086/an.1991.137.issue-6,10.1086/an.1991.137.issue-6,,1991,paratext,antagonist;mutualist,P3,-1,nonprimary_source_type,other_source_type,manual_source_type_and_biological_screen
doi:10.1007/978-3-642-70874-9_11,10.1007/978-3-642-70874-9_11,The Response of Plant Reproductive Processes to Acidic Rain and Other Air Pollutants,1987,book-chapter,mutualist,P3,-1,nonprimary_source_type,other_source_type,manual_source_type_and_biological_screen
doi:10.1016/b978-0-444-42703-8.50012-9,10.1016/b978-0-444-42703-8.50012-9,Gametophytic Selection as a Factor of Crop Plant Evolution,1986,book-chapter,mutualist,P3,-1,nonprimary_source_type,other_source_type,manual_source_type_and_biological_screen
doi:10.1007/978-94-009-7994-9_6,10.1007/978-94-009-7994-9_6,Ant-plant interactions in the Darling Botanical District of Western Australia,1982,book-chapter,antagonist,P3,-1,nonprimary_source_type,other_source_type,manual_source_type_and_biological_screen
doi:10.1086/an.1980.115.issue-1,10.1086/an.1980.115.issue-1,,1980,paratext,antagonist,P3,-1,nonprimary_source_type,other_source_type,manual_source_type_and_biological_screen
doi:10.1086/an.1961.95.issue-882,10.1086/an.1961.95.issue-882,,1961,paratext,mutualist,P3,-1,nonprimary_source_type,other_source_type,manual_source_type_and_biological_screen
doi:10.6073/pasta/78e6d376bdafd9a8d827aca3eb3469e5,10.6073/pasta/78e6d376bdafd9a8d827aca3eb3469e5,Oviposition and Performance of the Aspen Leaf Miner in Relation to Tree Height: IV - Phenological State,2026,dataset,antagonist,P3,4,timing_title;identified_partner_title,dataset_or_repository,identify_corresponding_formally_published_research_article
doi:10.5061/dryad.jq2bvq8p1,10.5061/dryad.jq2bvq8p1,Contrasting impacts of climbing plants on host tree reproduction in a drought-stressed forest,2025,dataset,mutualist,P3,3,final_reproduction_title,dataset_or_repository,identify_corresponding_formally_published_research_article
doi:10.5281/zenodo.19688993,10.5281/zenodo.19688993,"Data and code for: ""Meteorological drivers of three sequential honeybee pollination behaviors in gold kiwifruit: species-level thresholds, prediction hierarchy, and cross-site generalizability""",2026,dataset,mutualist,P3,2,identified_partner_title,dataset_or_repository,identify_corresponding_formally_published_research_article
doi:10.5281/zenodo.19689531,10.5281/zenodo.19689531,"Data and code for: ""Meteorological drivers of three sequential honeybee pollination behaviors in gold kiwifruit: species-level thresholds, prediction hierarchy, and cross-site generalizability""",2026,dataset,mutualist,P3,2,identified_partner_title,dataset_or_repository,identify_corresponding_formally_published_research_article
doi:10.5061/dryad.sqv9s4nd7,10.5061/dryad.sqv9s4nd7,Data and code from: Environmental drivers of metapopulation dynamics throughout the full annual cycle in a declining Arctic-nesting migratory herbivore,2026,dataset,antagonist,P3,2,identified_partner_title,dataset_or_repository,identify_corresponding_formally_published_research_article
doi:10.5061/dryad.66t1g1kfr,10.5061/dryad.66t1g1kfr,Data from: Assessment of pollination ecology of two understudied native mustards and the potential for interference from invasive garlic mustard,2026,dataset,mutualist,P3,2,identified_partner_title,dataset_or_repository,identify_corresponding_formally_published_research_article
doi:10.5281/zenodo.18376299,10.5281/zenodo.18376299,"Direct and indirect effects of local habitat quality, landscape use intensity and honeybees on plant-pollinator network functioning and robustness across Europe",2026,dataset,mutualist,P3,2,identified_partner_title,dataset_or_repository,identify_corresponding_formally_published_research_article
doi:10.5281/zenodo.18376300,10.5281/zenodo.18376300,"Direct and indirect effects of local habitat quality, landscape use intensity and honeybees on plant-pollinator network functioning and robustness across Europe",2026,dataset,mutualist,P3,2,identified_partner_title,dataset_or_repository,identify_corresponding_formally_published_research_article
doi:10.5281/zenodo.20284225,10.5281/zenodo.20284225,"Direct and indirect effects of local habitat quality, landscape use intensity and honeybees on plant-pollinator network functioning and robustness across Europe",2026,dataset,mutualist,P3,2,identified_partner_title,dataset_or_repository,identify_corresponding_formally_published_research_article
doi:10.5281/zenodo.18834072,10.5281/zenodo.18834072,Fire modulates the structural drivers and functioning of individual-based plant-pollinator networks,2026,dataset,mutualist,P3,2,identified_partner_title,dataset_or_repository,identify_corresponding_formally_published_research_article
doi:10.5281/zenodo.19683529,10.5281/zenodo.19683529,"Multi-Modal Actinidia chinensis Phenology Dataset (Portugal, 2023-2024)",2026,dataset,mutualist,P3,2,timing_title,dataset_or_repository,identify_corresponding_formally_published_research_article
doi:10.5281/zenodo.18428506,10.5281/zenodo.18428506,Temperature overrides nutritional cues for optimal oviposition decision in a polyphagous invasive insect,2026,dataset,antagonist,P3,2,identified_partner_title,dataset_or_repository,identify_corresponding_formally_published_research_article
doi:10.5281/zenodo.17874477,10.5281/zenodo.17874477,Temperature overrides nutritional cues for optimal oviposition decision in a polyphagous invasive insect,2025,dataset,antagonist,P3,2,identified_partner_title,dataset_or_repository,identify_corresponding_formally_published_research_article
doi:10.5281/zenodo.18013058,10.5281/zenodo.18013058,Temperature overrides nutritional cues for optimal oviposition decision in a polyphagous invasive insect,2025,dataset,antagonist,P3,2,identified_partner_title,dataset_or_repository,identify_corresponding_formally_published_research_article
doi:10.5256/f1000research.4382.d29313,10.5256/f1000research.4382.d29313,The reproductive effects of reduced pollen deposition via exclosures and hand pollination on the cushion plant Silene acaulis,2025,dataset,mutualist,P3,2,identified_partner_title,dataset_or_repository,identify_corresponding_formally_published_research_article
doi:10.5281/zenodo.7755559,10.5281/zenodo.7755559,Spring temperature drives phenotypic selection on plasticity of flowering time,2023,dataset,antagonist,P3,2,timing_title,dataset_or_repository,identify_corresponding_formally_published_research_article
doi:10.5281/zenodo.7755560,10.5281/zenodo.7755560,Spring temperature drives phenotypic selection on plasticity of flowering time,2023,dataset,antagonist,P3,2,timing_title,dataset_or_repository,identify_corresponding_formally_published_research_article
doi:10.5281/zenodo.8289610,10.5281/zenodo.8289610,Subtle ecophysiological divergences in a deceptive strategy to attract pollinators in two sympatric Arum,2023,dataset,mutualist,P3,2,identified_partner_title,dataset_or_repository,identify_corresponding_formally_published_research_article
doi:10.5281/zenodo.8289611,10.5281/zenodo.8289611,Subtle ecophysiological divergences in a deceptive strategy to attract pollinators in two sympatric Arum,2023,dataset,mutualist,P3,2,identified_partner_title,dataset_or_repository,identify_corresponding_formally_published_research_article
doi:10.5281/zenodo.7032147,10.5281/zenodo.7032147,"Data from: Continuous inbreeding affects genetic variation, phenology and reproductive strategy in ex situ cultivated Digitalis lutea",2022,dataset,mutualist,P3,2,timing_title,dataset_or_repository,identify_corresponding_formally_published_research_article
doi:10.5281/zenodo.7032148,10.5281/zenodo.7032148,"Data from: Continuous inbreeding affects genetic variation, phenology and reproductive strategy in ex situ cultivated Digitalis lutea",2022,dataset,mutualist,P3,2,timing_title,dataset_or_repository,identify_corresponding_formally_published_research_article
doi:10.6084/m9.figshare.20043151,10.6084/m9.figshare.20043151,Floral traits as potential indicators of pollination vs. theft,2022,dataset,mutualist,P3,2,identified_partner_title,dataset_or_repository,identify_corresponding_formally_published_research_article
doi:10.5061/dryad.d2547d816,10.5061/dryad.d2547d816,Data from: Fungal volatiles influence plant defence against aboveground and belowground herbivory,2020,dataset,antagonist,P3,2,identified_partner_title,dataset_or_repository,identify_corresponding_formally_published_research_article
doi:10.6084/m9.figshare.9599543,10.6084/m9.figshare.9599543,"Floral phenology, seed germination and hybrid plants of the Amerindian yam (Dioscorea trifida)",2019,dataset,mutualist,P3,2,timing_title,dataset_or_repository,identify_corresponding_formally_published_research_article
doi:10.6084/m9.figshare.7101311,10.6084/m9.figshare.7101311,Pollination biology of melittophilous legume tree species in the Atlantic Forest in Southeast Brazil,2018,dataset,mutualist,P3,2,identified_partner_title,dataset_or_repository,identify_corresponding_formally_published_research_article
doi:10.5281/zenodo.4748426,10.5281/zenodo.4748426,Invasive Australian acacias: reproductive biology and effects on native plant-pollinator communities in Cape fynbos,2012,dataset,mutualist,P3,2,identified_partner_title,dataset_or_repository,identify_corresponding_formally_published_research_article
doi:10.5281/zenodo.4748427,10.5281/zenodo.4748427,Invasive Australian acacias: reproductive biology and effects on native plant-pollinator communities in Cape fynbos,2012,dataset,mutualist,P3,2,identified_partner_title,dataset_or_repository,identify_corresponding_formally_published_research_article
doi:10.5061/dryad.3xsj3txt9,10.5061/dryad.3xsj3txt9,Developing together: The elementome and biogeochemical niche of the mutualistic occupants of a fig microcosm,2026,dataset,mutualist,P3,0,,dataset_or_repository,identify_corresponding_formally_published_research_article
doi:10.6084/m9.figshare.31804534,10.6084/m9.figshare.31804534,Dual evolutionary life history strategies of phenotypic plasticity and bet-hedging demonstrated by Anastatus orientalis,2026,dataset,antagonist,P3,0,,dataset_or_repository,identify_corresponding_formally_published_research_article
doi:10.6084/m9.figshare.31804534.v1,10.6084/m9.figshare.31804534.v1,Dual evolutionary life history strategies of phenotypic plasticity and bet-hedging demonstrated by Anastatus orientalis,2026,dataset,antagonist,P3,0,,dataset_or_repository,identify_corresponding_formally_published_research_article
doi:10.17632/k56z7nft57,10.17632/k56z7nft57,Effects of temperature on the developmental biology of Thaumatotibia batrachopa,2026,dataset,antagonist,P3,0,,dataset_or_repository,identify_corresponding_formally_published_research_article
doi:10.17632/k56z7nft57.1,10.17632/k56z7nft57.1,Effects of temperature on the developmental biology of Thaumatotibia batrachopa,2026,dataset,antagonist,P3,0,,dataset_or_repository,identify_corresponding_formally_published_research_article
doi:10.5061/dryad.j3tx95xr0,10.5061/dryad.j3tx95xr0,Parental effects in Fall webworm,2026,dataset,antagonist,P3,0,,dataset_or_repository,identify_corresponding_formally_published_research_article
doi:10.6084/m9.figshare.24142443,10.6084/m9.figshare.24142443,Data for Anstett 2023,2023,dataset,antagonist,P3,0,,dataset_or_repository,identify_corresponding_formally_published_research_article
doi:10.6084/m9.figshare.19969583,10.6084/m9.figshare.19969583,"Intraspecific variability of nectar attracts different bats: the case of Pseudalcantarea viridiflora, a bromeliad with crepuscular anthesis",2022,dataset,mutualist,P3,0,,dataset_or_repository,identify_corresponding_formally_published_research_article
doi:10.6084/m9.figshare.20216705,10.6084/m9.figshare.20216705,Seed mix selection model,2022,dataset,mutualist,P3,0,,dataset_or_repository,identify_corresponding_formally_published_research_article
doi:10.6084/m9.figshare.16304922,10.6084/m9.figshare.16304922,SELECTIVE FORCES ON THE MAINTENANCE OF OUTCROSSING IN AN ALMOST EXCLUSIVELY CLEISTOGAMOUS VIOLET SPECIES,2021,dataset,mutualist,P3,0,,dataset_or_repository,identify_corresponding_formally_published_research_article
doi:10.6084/m9.figshare.12171549,10.6084/m9.figshare.12171549,"Acnistus arborescens (Solanaceae): an important food resource for birds in an Atlantic Forest site, Southeastern Brazil",2020,dataset,mutualist,P3,0,,dataset_or_repository,identify_corresponding_formally_published_research_article
doi:10.6084/m9.figshare.13088930,10.6084/m9.figshare.13088930,longandata.csv,2020,dataset,mutualist,P3,0,,dataset_or_repository,identify_corresponding_formally_published_research_article
doi:10.26207/zmrd-hr29,10.26207/zmrd-hr29,Data from Boyle et al 2019,2019,dataset,mutualist,P3,0,,dataset_or_repository,identify_corresponding_formally_published_research_article
doi:10.21223/p3/p1vsco,10.21223/p3/p1vsco,"Replication data for: American serpentine leafminer, Liriomyza trifolii (Burgess 1880)",2017,dataset,antagonist,P3,0,,dataset_or_repository,identify_corresponding_formally_published_research_article
doi:10.1594/pangaea.880370,10.1594/pangaea.880370,Thermal reaction of single life stages of Ceratitis rosa and Ceratitis quilicii,2017,dataset,antagonist,P3,0,,dataset_or_repository,identify_corresponding_formally_published_research_article
doi:10.6084/m9.figshare.1189051,10.6084/m9.figshare.1189051,Myrmecophily on Leucas chinensis (Lamiaceae),2014,dataset,mutualist,P3,0,,dataset_or_repository,identify_corresponding_formally_published_research_article
doi:10.6084/m9.figshare.1134244,10.6084/m9.figshare.1134244,Non-performance responses from stem-meta-analysis,2014,dataset,antagonist,P3,0,,dataset_or_repository,identify_corresponding_formally_published_research_article
doi:10.6084/m9.figshare.1134243,10.6084/m9.figshare.1134243,Performance responses from stem-meta-analysis,2014,dataset,antagonist,P3,0,,dataset_or_repository,identify_corresponding_formally_published_research_article
doi:10.22541/authorea.15003093/v1,10.22541/authorea.15003093/v1,"‘One ibex does a spring make’ – Vegetation phenology and individual traits shape herbivore spatial behaviour, with implications for brucellosis dynamics",2026,preprint,antagonist,P3,4,timing_title;identified_partner_title,preprint,identify_peer_reviewed_or_formally_published_version
doi:10.20944/preprints202509.2305.v1,10.20944/preprints202509.2305.v1,"“If You Plant It, Will They Come? Flowering Phenology, Breeding System, and Pollination Ecology of the Threatened Texas Endemic Hibiscus dasycalyx in Natural and Experimental Populations”",2025,preprint,mutualist,P3,4,timing_title;identified_partner_title,preprint,identify_peer_reviewed_or_formally_published_version
doi:10.1101/2024.02.14.580222,10.1101/2024.02.14.580222,Genetic Mechanisms underlying Preference-Performance Mismatches: Insights from a Specialized Native Herbivore on an Invasive Toxic Plant,2024,preprint,antagonist,P3,4,timing_title;identified_partner_title,preprint,identify_peer_reviewed_or_formally_published_version
doi:10.1101/2024.02.14.580274,10.1101/2024.02.14.580274,Selection for later flowering time in an orchid through frost damage and pollinator activity,2024,preprint,mutualist,P3,4,timing_title;identified_partner_title,preprint,identify_peer_reviewed_or_formally_published_version
doi:10.22541/au.173833057.73477181/v1,10.22541/au.173833057.73477181/v1,Do pollen donors limit the reproductive success of a self-incompatible cactus?,2025,preprint,mutualist,P3,3,final_reproduction_title,preprint,identify_peer_reviewed_or_formally_published_version
doi:10.1101/2025.01.28.635244,10.1101/2025.01.28.635244,"Fine-scale variation in pollen availability influences Bombus terrestris colony behaviour, development and fitness",2025,preprint,mutualist,P3,3,final_reproduction_title,preprint,identify_peer_reviewed_or_formally_published_version
doi:10.1101/2024.05.08.593106,10.1101/2024.05.08.593106,Mismatch between pollen and pistil size causes asymmetric mechanical reproductive isolation across Phlox species.,2024,"Preprint,Journal Article",mutualist,P3,3,timing_title;published_article_type,preprint,identify_peer_reviewed_or_formally_published_version
doi:10.1101/2020.07.05.184267,10.1101/2020.07.05.184267,Self-incompatibility limits sexual reproduction rather than environmental conditions in an invasive aquatic plant,2020,preprint,mutualist,P3,3,final_reproduction_title,preprint,identify_peer_reviewed_or_formally_published_version
doi:10.64898/2026.06.17.732448,10.64898/2026.06.17.732448,Conserved herbivore-induced volatile signalling despite divergent VOC–life-history associations in two locally adapted Arabidopsis thaliana populations,2026,preprint,antagonist,P3,2,identified_partner_title,preprint,identify_peer_reviewed_or_formally_published_version
doi:10.64898/2026.08.28.747010,10.64898/2026.08.28.747010,Experimental flowering order shapes priority effects in plant–pollinator interactions,2026,preprint,mutualist,P3,2,identified_partner_title,preprint,identify_peer_reviewed_or_formally_published_version
doi:10.2139/ssrn.6578011,10.2139/ssrn.6578011,"Fecal eDNA metabarcoding reveals diet overlap in three sympatric large vertebrates: red deer, brown bear and capercaillie",2026,preprint,antagonist,P3,2,timing_title,preprint,identify_peer_reviewed_or_formally_published_version
doi:10.21203/rs.3.rs-10352176/v1,10.21203/rs.3.rs-10352176/v1,Phenology and Reproductive Biology of Aconitum violaceum - A Threatened Endemic Medicinal Herb of the Northwestern Himalaya,2026,preprint,mutualist,P3,2,timing_title,preprint,identify_peer_reviewed_or_formally_published_version
doi:10.64898/2026.01.23.701299,10.64898/2026.01.23.701299,Phenotypic evolutionary response to temporally limited pollinator access in Brassica rapa,2026,preprint,mutualist,P3,2,identified_partner_title,preprint,identify_peer_reviewed_or_formally_published_version
doi:10.2139/ssrn.6318374,10.2139/ssrn.6318374,Stoplight models that allow developmental synchronization between individuals,2026,preprint,mutualist,P3,2,timing_title,preprint,identify_peer_reviewed_or_formally_published_version
doi:10.5281/zenodo.21718668,10.5281/zenodo.21718668,"The Cicada City: An Oriarchenological Theory of Temporal Synchrony, Spatial Boundaries, and Biological Agglomeration in Periodical Cicadas",2026,preprint,antagonist,P3,2,timing_title,preprint,identify_peer_reviewed_or_formally_published_version
doi:10.64898/2026.08.05.743098,10.64898/2026.08.05.743098,Warming and precipitation change alter flowering phenology and coflowering networks in California serpentine grasslands,2026,preprint,mutualist,P3,2,timing_title,preprint,identify_peer_reviewed_or_formally_published_version
doi:10.1101/2025.06.30.662479,10.1101/2025.06.30.662479,Pollinate to Suppress: Sterile Pollen and Certation Effects in Palmer amaranth ( Amaranthus palmeri ),2025,preprint,mutualist,P3,2,identified_partner_title,preprint,identify_peer_reviewed_or_formally_published_version
doi:10.1101/2025.03.20.644302,10.1101/2025.03.20.644302,Pollinator-relevant floral traits impact bidirectional hybridisation in the orchid genus Gymnadenia,2025,preprint,mutualist,P3,2,identified_partner_title,preprint,identify_peer_reviewed_or_formally_published_version
doi:10.22541/au.175855518.85697848/v1,10.22541/au.175855518.85697848/v1,Temperature overrides nutritional cues for optimal oviposition decision in a polyphagous invasive insect,2025,preprint,antagonist,P3,2,identified_partner_title,preprint,identify_peer_reviewed_or_formally_published_version
doi:10.1101/2025.10.10.681743,10.1101/2025.10.10.681743,leafing phenology and insect seasonality in an ever-wet tropical forest,2025,preprint,antagonist,P3,2,timing_title,preprint,identify_peer_reviewed_or_formally_published_version
doi:10.1101/2024.03.24.585819,10.1101/2024.03.24.585819,Changes in quantity and timing of foliar and reproductive phenology of tropical dry-forest trees under a warming and drying climate,2024,preprint,mutualist,P3,2,timing_title,preprint,identify_peer_reviewed_or_formally_published_version
doi:10.2139/ssrn.4797284,10.2139/ssrn.4797284,Climate Change Alters Flowering and Pollination Patterns of Timothy Grass (Phleum Pratense) and Meadow Foxtail (Alopecurus Pratensis),2024,preprint,mutualist,P3,2,identified_partner_title,preprint,identify_peer_reviewed_or_formally_published_version
doi:10.21203/rs.3.rs-3998530/v1,10.21203/rs.3.rs-3998530/v1,Detection of reproductive interference between closely related Salvia species with small-scale separated distributions by multifaceted pollination and molecular analyses,2024,preprint,mutualist,P3,2,identified_partner_title,preprint,identify_peer_reviewed_or_formally_published_version
doi:10.21203/rs.3.rs-4758257/v1,10.21203/rs.3.rs-4758257/v1,Honey bee pollination improves the yield gaps of Guizotia abyssinica (Asterales: Asteraceae) in Ethiopia,2024,preprint,mutualist,P3,2,identified_partner_title,preprint,identify_peer_reviewed_or_formally_published_version
doi:10.1101/2024.05.30.596697,10.1101/2024.05.30.596697,Latitudinal clines in the phenology of floral display associated with adaptive evolution during a biological invasion,2024,preprint,antagonist;mutualist,P3,2,timing_title,preprint,identify_peer_reviewed_or_formally_published_version
doi:10.1101/2024.12.17.628750,10.1101/2024.12.17.628750,Mapping of suitable release areas for the parasitoid Dolichogenidea gelechiidivoris (Marsh) for the classical biocontrol of Tuta absoluta (Meyrick) using temperature-dependent phenology models,2024,preprint,antagonist,P3,2,timing_title,preprint,identify_peer_reviewed_or_formally_published_version
doi:10.2139/ssrn.4569056,10.2139/ssrn.4569056,"Apricot Trees Affect the Distribution of Bees in Korla Fragrant Pear (Pyrus Sinkiangensis) at the Orchard Level, But Not at the Landscape Level",2023,preprint,mutualist,P3,2,identified_partner_title,preprint,identify_peer_reviewed_or_formally_published_version
doi:10.2139/ssrn.4587980,10.2139/ssrn.4587980,Bat or Bee Pollination? Floral Biology of Two Sympatric Species of Cayaponia (Cucurbitaceae) in South-Eastern Brazil,2023,preprint,mutualist,P3,2,identified_partner_title,preprint,identify_peer_reviewed_or_formally_published_version
doi:10.22541/au.168442744.43861534/v1,10.22541/au.168442744.43861534/v1,Cymbidium kanran can deceptively attract Apis cerana for free pollination by releasing specialized volatile compounds,2023,preprint,mutualist,P3,2,identified_partner_title,preprint,identify_peer_reviewed_or_formally_published_version
doi:10.1101/2022.12.11.519667,10.1101/2022.12.11.519667,"Artificial light at night alters morphology, phenology, and reproductive capacity in an annual herb",2022,preprint,mutualist,P3,2,timing_title,preprint,identify_peer_reviewed_or_formally_published_version
doi:10.21203/rs.3.rs-1739437/v1,10.21203/rs.3.rs-1739437/v1,Journal of Insect Conservation Survival of eggs to third instar of late-summer and fall-breeding monarch butterflies (Danaus plexippus) and queen butterflies (Danaus gilippus) in north Texas,2022,preprint,antagonist,P3,2,identified_partner_title,preprint,identify_peer_reviewed_or_formally_published_version
doi:10.1101/2022.07.12.499711,10.1101/2022.07.12.499711,Macroscopic and microscopic study on floral biology and pollination of Cinnamomum verum Blume (Sri Lankan),2022,preprint,mutualist,P3,2,identified_partner_title,preprint,identify_peer_reviewed_or_formally_published_version
doi:10.22541/au.166939385.55232019/v1,10.22541/au.166939385.55232019/v1,Phenological evolution on a cyclical Earth: towards first principles and null expectations,2022,preprint,antagonist;mutualist,P3,2,timing_title,preprint,identify_peer_reviewed_or_formally_published_version
doi:10.22541/au.166939385.55232019/v2,10.22541/au.166939385.55232019/v2,Phenological evolution on a cyclical Earth: towards first principles and null expectations,2022,preprint,antagonist;mutualist,P3,2,timing_title,preprint,identify_peer_reviewed_or_formally_published_version
doi:10.1101/2022.07.04.498476,10.1101/2022.07.04.498476,Pollinator mosaics mirror floral trait divergence within and between species of Castilleja,2022,preprint,mutualist,P3,2,identified_partner_title,preprint,identify_peer_reviewed_or_formally_published_version
doi:10.1101/2020.02.04.934760,10.1101/2020.02.04.934760,Increased variation in sex organ positions can increase reciprocity and pollination success in heterostylous plant populations,2020,preprint,mutualist,P3,2,identified_partner_title,preprint,identify_peer_reviewed_or_formally_published_version
doi:10.20944/preprints202012.0449.v1,10.20944/preprints202012.0449.v1,"Interactive Effects of Temperature, Water, and Nitrogen Availability on the Growth, Floral Traits, and Pollination of White Mustard, Sinapis alba",2020,preprint,mutualist,P3,2,identified_partner_title,preprint,identify_peer_reviewed_or_formally_published_version
doi:10.22541/au.158145123.33439946,10.22541/au.158145123.33439946,More niche partitioning than necessary for coexistence in mammal herbivore communities,2020,preprint,antagonist,P3,2,identified_partner_title,preprint,identify_peer_reviewed_or_formally_published_version
doi:10.1101/2020.08.04.236935,10.1101/2020.08.04.236935,Phenological displacement is uncommon among sympatric angiosperms,2020,preprint,mutualist,P3,2,timing_title,preprint,identify_peer_reviewed_or_formally_published_version
doi:10.5281/zenodo.3606062,10.5281/zenodo.3606062,Urbanization drives an early spring for plants but not for pollinators,2020,preprint,mutualist,P3,2,identified_partner_title,preprint,identify_peer_reviewed_or_formally_published_version
doi:10.1101/2020.02.11.944439,10.1101/2020.02.11.944439,"Varying thermal exposure, host-plant traits and oviposition behaviour across vegetation ecotones",2020,preprint,antagonist,P3,2,identified_partner_title,preprint,identify_peer_reviewed_or_formally_published_version
doi:10.1101/2020.12.18.423279,10.1101/2020.12.18.423279,"Water stress and nitrogen supply affect floral traits and pollination in the white mustard, Sinapis alba (Brassicaceae)",2020,preprint,mutualist,P3,2,identified_partner_title,preprint,identify_peer_reviewed_or_formally_published_version
doi:10.1101/370700,10.1101/370700,Conflict of evolutionary interests between plants and pollinators revealed through functional exploration of flower morphospace,2018,preprint,mutualist,P3,2,identified_partner_title,preprint,identify_peer_reviewed_or_formally_published_version
doi:10.1101/502146,10.1101/502146,Seed masting causes fluctuations in optimum litter size and lag load in a seed predator,2018,preprint,antagonist,P3,2,identified_partner_title,preprint,identify_peer_reviewed_or_formally_published_version
doi:10.1101/210765,10.1101/210765,Heritable plant phenotypes track light and herbivory levels at fine spatial scales,2017,preprint,antagonist,P3,2,identified_partner_title,preprint,identify_peer_reviewed_or_formally_published_version
doi:10.1101/022533,10.1101/022533,Floral resource-landscapes and pollinator-mediated interactions in plant communities,2015,preprint,mutualist,P3,2,identified_partner_title,preprint,identify_peer_reviewed_or_formally_published_version
doi:10.1101/2025.06.26.661617,10.1101/2025.06.26.661617,An allelic resolution gene atlas for tetraploid potato provides insights into tuberization and stress resilience.,2025,"Journal Article,Preprint",antagonist,P3,1,published_article_type,preprint,identify_peer_reviewed_or_formally_published_version
doi:10.5281/zenodo.20740603,10.5281/zenodo.20740603,A HYPOTHESIS ON THE EXTINCTION OF ANCIENT TERRESTRIAL ANIMALS AND DINOSAURS INFERRED FROM MODERN NATURAL PHENOMENA,2026,preprint,antagonist,P3,0,,preprint,identify_peer_reviewed_or_formally_published_version
doi:10.5281/zenodo.20740604,10.5281/zenodo.20740604,A HYPOTHESIS ON THE EXTINCTION OF ANCIENT TERRESTRIAL ANIMALS AND DINOSAURS INFERRED FROM MODERN NATURAL PHENOMENA,2026,preprint,antagonist,P3,0,,preprint,identify_peer_reviewed_or_formally_published_version
doi:10.21203/rs.3.rs-9085796/v1,10.21203/rs.3.rs-9085796/v1,Gardeners’ Contributions to Urban Biodiversity: A Multi-Taxa Assessment of α- and β-Functional and Taxonomic Diversity in a Densifying City,2026,preprint,antagonist;mutualist,P3,0,,preprint,identify_peer_reviewed_or_formally_published_version
doi:10.21203/rs.3.rs-10642356/v1,10.21203/rs.3.rs-10642356/v1,Reproductive Biology Observations and Pollen Viability Study of Crescentia alata,2026,preprint,mutualist,P3,0,,preprint,identify_peer_reviewed_or_formally_published_version
doi:10.2139/ssrn.7287104,10.2139/ssrn.7287104,Targeted Micro- and Nanobubble Injection Mitigates Rhizosphere Hypoxia and Optimizes Eco-Physiological Performance in Subsurface Drip-Irrigated Tomato,2026,preprint,mutualist,P3,0,,preprint,identify_peer_reviewed_or_formally_published_version
doi:10.22541/au.176780737.77860385/v1,10.22541/au.176780737.77860385/v1,Temperature-Dependent Life Histories in Drosophila melanogaster : Reconciling Individual Benefits with Long-Term Population Consequences,2026,preprint,antagonist,P3,0,,preprint,identify_peer_reviewed_or_formally_published_version
doi:10.64898/2026.02.23.707326,10.64898/2026.02.23.707326,The importance of postzygotic barriers at the early stages of speciation in trees,2026,preprint,mutualist,P3,0,,preprint,identify_peer_reviewed_or_formally_published_version
doi:10.21203/rs.3.rs-9370342/v1,10.21203/rs.3.rs-9370342/v1,The secret in their spines: could the prickly pear cactus (Opuntia sulphurea) serve as host for fruit pest Drosophila suzukii?,2026,preprint,antagonist,P3,0,,preprint,identify_peer_reviewed_or_formally_published_version
doi:10.17605/osf.io/5nszu,10.17605/osf.io/5nszu,Tracking the Spring: Effects of Annual Spring Timing and Diet on the Breeding Success of a Sub-Alpine Bird,2026,preprint,antagonist,P3,0,,preprint,identify_peer_reviewed_or_formally_published_version
doi:10.21203/rs.3.rs-7225705/v1,10.21203/rs.3.rs-7225705/v1,"AI-Enhanced CRISPR Solutions to Climate-Resilient Pest Management of Spodoptera frugiperda, Bactrocera dorsalis, and Maruca vitrata in the Nigerian Guinea Savannah",2025,preprint,antagonist,P3,0,,preprint,identify_peer_reviewed_or_formally_published_version
doi:10.1101/2025.02.12.637993,10.1101/2025.02.12.637993,Contribution of floral transmission to the assembly and health impact of bacterial communities in watermelon seeds,2025,preprint,mutualist,P3,0,,preprint,identify_peer_reviewed_or_formally_published_version
doi:10.1101/2024.02.26.582019,10.1101/2024.02.26.582019,An angiosperm-wide perspective on reproductive strategies and floral traits,2024,preprint,mutualist,P3,0,,preprint,identify_peer_reviewed_or_formally_published_version
doi:10.32942/x2h31p,10.32942/x2h31p,Community-wide masting improves predator satiation in North American oaks,2024,preprint,antagonist,P3,0,,preprint,identify_peer_reviewed_or_formally_published_version
doi:10.1101/2024.02.20.581287,10.1101/2024.02.20.581287,Testing the evolutionary potential of an alpine plant: Phenotypic plasticity in response to growth temperature far outweighs parental environmental effects and other genetic causes of variation,2024,preprint,mutualist,P3,0,,preprint,identify_peer_reviewed_or_formally_published_version
doi:10.2139/ssrn.5006421,10.2139/ssrn.5006421,"The Optimal Workflow for Interspecific Hybridization between Magnolia Liliiflora Desr. And Michelia Figo (Lour.) Spreng., Two Medicinal And Aromatic Species Endemic to China",2024,preprint,mutualist,P3,0,,preprint,identify_peer_reviewed_or_formally_published_version
doi:10.22541/au.168076481.17287007/v1,10.22541/au.168076481.17287007/v1,"Altitude, latitude, and climate zone as determinants of mountain hare ( Lepus timidus ) coat colour change",2023,preprint,antagonist,P3,0,,preprint,identify_peer_reviewed_or_formally_published_version
doi:10.22541/au.170005327.72161186/v1,10.22541/au.170005327.72161186/v1,Could hybridization increase establishment success of the biological control agent Aphalara itadori (Hemiptera: Aphalaridae) against invasive knotweeds?,2023,preprint,antagonist,P3,0,,preprint,identify_peer_reviewed_or_formally_published_version
doi:10.1101/2023.01.20.524742,10.1101/2023.01.20.524742,Effects of assisted gene flow on the flowering onset of the annual legume Lupinus angustifolius L.: from phenotype to genotype,2023,preprint,mutualist,P3,0,,preprint,identify_peer_reviewed_or_formally_published_version
doi:10.3897/arphapreprints.e89390,10.3897/arphapreprints.e89390,The reproductive traits that contribute to the invasive success of Mediterranean onionweed (Asphodelus fistulosus),2022,preprint,mutualist,P3,0,,preprint,identify_peer_reviewed_or_formally_published_version
doi:10.20944/preprints202110.0123.v1,10.20944/preprints202110.0123.v1,"Adaptive strategies of Rice Leaf Roller, Cnaphalocrocis medinalis in Response to Different Rearing Temperatures",2021,preprint,antagonist,P3,0,,preprint,identify_peer_reviewed_or_formally_published_version
doi:10.1101/2021.05.23.445304,10.1101/2021.05.23.445304,Study of compatibility and determination of the suitable pollinizer for Argane tree ( Argania spinosa L.),2021,preprint,mutualist,P3,0,,preprint,identify_peer_reviewed_or_formally_published_version
doi:10.1101/2020.11.06.371989,10.1101/2020.11.06.371989,Costly induction of defense reduces plant growth and alters reproductive traits in mixed-mating Datura stramonium,2020,preprint,antagonist;mutualist,P3,0,,preprint,identify_peer_reviewed_or_formally_published_version
doi:10.1101/2020.03.11.987453,10.1101/2020.03.11.987453,Lipids as currency in ecological interactions: Competition and facilitation between two lipid scavenging parasitoids,2020,preprint,antagonist,P3,0,,preprint,identify_peer_reviewed_or_formally_published_version
doi:10.1101/2020.07.09.195131,10.1101/2020.07.09.195131,Several complementary methods of plant establishment are required for effective restoration of banksia woodland,2020,preprint,mutualist,P3,0,,preprint,identify_peer_reviewed_or_formally_published_version
doi:10.1101/091538,10.1101/091538,Differential Adaptation to a Harsh Granite Outcrop Habitat between Sympatric Mimulus Species,2016,preprint,antagonist,P3,0,,preprint,identify_peer_reviewed_or_formally_published_version
titleyear:allocation to male function and its effect on fitness returns in the wind pollinated herb ambrosia artemisiifolia ragweed|2019,,"Allocation to male function and its effect on fitness returns in the wind pollinated herb, Ambrosia artemisiifolia (Ragweed)",2019,dissertation,mutualist,P3,4,identified_partner_title;final_reproduction_title;nonprimary_source_type,thesis_or_dissertation,identify_corresponding_eligible_published_article
doi:10.71889/5fylantbak.29863133,10.71889/5fylantbak.29863133,"The Effect Of Flowering Synchrony And Floral Display On The Reproduction Of A Gynodioecious Alpine Cushion Plant, Silene Acaulis (Caryophyllaceae)",2018,dissertation,mutualist,P3,4,timing_title;final_reproduction_title;nonprimary_source_type,thesis_or_dissertation,identify_corresponding_eligible_published_article
doi:10.20381/ruor-3867,10.20381/ruor-3867,"The Impact of Two Introduced Herbivores on the Population Ecology of Lythrum Salicaria: Implications for Plant Performance, Reproduction and Community Diversity",2014,dissertation,antagonist,P3,4,identified_partner_title;final_reproduction_title;nonprimary_source_type,thesis_or_dissertation,identify_corresponding_eligible_published_article
titleyear:the nature of selection on flowering time integrating fitness contributions through male and female function|2014,,The Nature of Selection on Flowering Time: Integrating Fitness Contributions through Male and Female Function,2014,dissertation,antagonist;mutualist,P3,4,timing_title;final_reproduction_title;nonprimary_source_type,thesis_or_dissertation,identify_corresponding_eligible_published_article
titleyear:pollination and comparative reproductive success of lady s slipper orchids cypripedium candidum c parviflorum and their hybrids in southern manitoba|2013,,"Pollination and comparative reproductive success of lady's slipper orchids Cypripedium candidum, C. parviflorum, and their hybrids in southern Manitoba",2013,dissertation,mutualist,P3,4,identified_partner_title;final_reproduction_title;nonprimary_source_type,thesis_or_dissertation,identify_corresponding_eligible_published_article
titleyear:effects of environment on pollen silk synchronisation in maize hybrid seed production|2012,,Effects of environment on pollen-silk synchronisation in maize hybrid seed production,2012,dissertation,mutualist,P3,4,timing_title;final_reproduction_title;nonprimary_source_type,thesis_or_dissertation,identify_corresponding_eligible_published_article
doi:10.31274/etd-180810-1986,10.31274/etd-180810-1986,The effects of emergence timing and herbicide resistance on the ecological fitness and adaptation of common waterhemp (Amaranthus tuberculatus (Moq) Sauer) to agricultural systems,2012,dissertation,mutualist,P3,4,timing_title;final_reproduction_title;nonprimary_source_type,thesis_or_dissertation,identify_corresponding_eligible_published_article
titleyear:from pollination to variation reproduction in arctic clonal plants and the effects of simulated climate change|2000,,From pollination to variation - reproduction in Arctic clonal plants and the effects of simulated climate change,2000,dissertation,mutualist,P3,4,identified_partner_title;final_reproduction_title;nonprimary_source_type,thesis_or_dissertation,identify_corresponding_eligible_published_article
titleyear:the effects of resource quality on reproductive success in a harem polygynous bark beetle pityophthorus lautus|1981,,"The Effects of Resource Quality on Reproductive Success in a Harem Polygynous Bark Beetle, Pityophthorus Lautus.",1981,dissertation,antagonist,P3,4,identified_partner_title;final_reproduction_title;nonprimary_source_type,thesis_or_dissertation,identify_corresponding_eligible_published_article
doi:10.7302/22966,10.7302/22966,Floral Evolution Beyond Phenology: Adaptive Dynamics in Plant-Pollinator Interactions Under Global Change,2024,dissertation,mutualist,P3,3,timing_title;identified_partner_title;nonprimary_source_type,thesis_or_dissertation,identify_corresponding_eligible_published_article
titleyear:floral biology of montane plants and its change with elevation and phenology effect of pollination stochasticity and other factors on the number of ovules|2023,,"Floral biology of montane plants and its change with elevation and phenology, effect of pollination stochasticity and other factors on the number of ovules",2023,dissertation,mutualist,P3,3,timing_title;identified_partner_title;nonprimary_source_type,thesis_or_dissertation,identify_corresponding_eligible_published_article
doi:10.25972/opus-31328,10.25972/opus-31328,"Interactive effects of climate and land use on diversity, trophic interactions, and phenology of pollinator communities",2023,dissertation,mutualist,P3,3,timing_title;identified_partner_title;nonprimary_source_type,thesis_or_dissertation,identify_corresponding_eligible_published_article
doi:10.25972/opus-21393,10.25972/opus-21393,Effects of climate warming on the timing of flowering and emergence in a tritrophic relationship: plants - bees - parasitoids,2020,dissertation,mutualist,P3,3,timing_title;identified_partner_title;nonprimary_source_type,thesis_or_dissertation,identify_corresponding_eligible_published_article
doi:10.20381/ruor-22552,10.20381/ruor-22552,Temporal Synchrony between Ground-Nesting Bees and Spring Ephemerals in an Eastern Hardwood Forest Ecosystem,2018,dissertation,mutualist,P3,3,timing_title;identified_partner_title;nonprimary_source_type,thesis_or_dissertation,identify_corresponding_eligible_published_article
titleyear:plant pollinator interactions and environmental change effects of experimental changes in phenology and water availability on a montane wildflower|2017,,Plant-pollinator interactions and environmental change: effects of experimental changes in phenology and water availability on a montane wildflower,2017,dissertation,mutualist,P3,3,timing_title;identified_partner_title;nonprimary_source_type,thesis_or_dissertation,identify_corresponding_eligible_published_article
titleyear:synchrony of winter moth operophtera brumata larval eclosion with bud break of different tree species in new england and its effect on defoliation|2017,,Synchrony of Winter Moth (Operophtera Brumata) Larval Eclosion With Bud-Break of Different Tree Species in New England and Its Effect on Defoliation,2017,dissertation,antagonist,P3,3,timing_title;identified_partner_title;nonprimary_source_type,thesis_or_dissertation,identify_corresponding_eligible_published_article
titleyear:spring phenology of butterflies the role of seasonal variation in life cycle regulation|2016,,Spring Phenology of Butterflies : The role of seasonal variation in life-cycle regulation,2016,dissertation,antagonist,P3,3,timing_title;identified_partner_title;nonprimary_source_type,thesis_or_dissertation,identify_corresponding_eligible_published_article
titleyear:a temperature dependent development model for willow beetle species coleoptera chrysomelidae in ireland simulation of phenology voltinism in response to climate change|2015,,A Temperature-Dependent Development Model for Willow Beetle Species (Coleoptera: Chrysomelidae) in Ireland: Simulation of Phenology/Voltinism in Response to Climate Change,2015,dissertation,antagonist,P3,3,timing_title;identified_partner_title;nonprimary_source_type,thesis_or_dissertation,identify_corresponding_eligible_published_article
titleyear:bees in a changing world how land surface phenology bee community distributions and pollinator plant interactions are impacted by urbanization and agriculture|2014,,"Bees in a Changing World: How land surface phenology, bee community distributions, and pollinator-plant interactions are impacted by urbanization and agriculture",2014,dissertation,mutualist,P3,3,timing_title;identified_partner_title;nonprimary_source_type,thesis_or_dissertation,identify_corresponding_eligible_published_article
titleyear:herbivores pollinators and selection on flowering time in tetraploid and octoploid cardamine pratensis|2013,,"Herbivores, pollinators and selection on flowering time in tetraploid and octoploid Cardamine pratensis",2013,dissertation,antagonist;mutualist,P3,3,timing_title;identified_partner_title;nonprimary_source_type,thesis_or_dissertation,identify_corresponding_eligible_published_article
doi:10.18725/oparu-1149,10.18725/oparu-1149,"Floral biology, flowering phenology and floral visitors of five insect-pollinated tree species in a tropical lowland rainforest remnant of Pernambuco, Brazil",2008,dissertation,antagonist;mutualist,P3,3,timing_title;identified_partner_title;nonprimary_source_type,thesis_or_dissertation,identify_corresponding_eligible_published_article
titleyear:an ecological study of two dung beetles coleoptera scarabaeninae with contrasting phenologies|1985,,"An ecological study of two dung beetles (Coleoptera, Scarabaeninae) with contrasting phenologies",1985,dissertation,antagonist,P3,3,timing_title;identified_partner_title;nonprimary_source_type,thesis_or_dissertation,identify_corresponding_eligible_published_article
titleyear:fonctions des interactions plantes pollinisateurs diff rentes chelles cologiques implications pour la reproduction des plantes sauvages en contexte agricole|2023,,Fonctions des interactions plantes-pollinisateurs à différentes échelles écologiques : implications pour la reproduction des plantes sauvages en contexte agricole,2023,dissertation,mutualist,P3,2,final_reproduction_title;nonprimary_source_type,thesis_or_dissertation,identify_corresponding_eligible_published_article
titleyear:causes of limitation of plant reproduction by pollen and resource availability|2022,,Causes of limitation of plant reproduction by pollen and resource availability,2022,dissertation,mutualist,P3,2,final_reproduction_title;nonprimary_source_type,thesis_or_dissertation,identify_corresponding_eligible_published_article
titleyear:d limitation taxonomique et tude de la biologie de la reproduction du genre africain cyrtorchis schltr orchidaceae|2021,,Délimitation taxonomique et étude de la biologie de la reproduction du genre africain Cyrtorchis Schltr. (Orchidaceae),2021,dissertation,mutualist,P3,2,final_reproduction_title;nonprimary_source_type,thesis_or_dissertation,identify_corresponding_eligible_published_article
titleyear:influence of chronic anthropogenic disturbances and climate change on tacinga palmadora cactaceae in the caatinga dry forest effects on pollen traits reproductive success and habitat suitability|2021,,"Influence of chronic anthropogenic disturbances and climate change on Tacinga palmadora (Cactaceae) in the caatinga dry Forest: effects on pollen traits, reproductive success and habitat suitability",2021,dissertation,mutualist,P3,2,final_reproduction_title;nonprimary_source_type,thesis_or_dissertation,identify_corresponding_eligible_published_article
titleyear:do species with strong apical dominance incur a cost in terms of suppressed potential fecundity or biomass|2020,,Do Species with Strong Apical Dominance Incur a Cost in Terms of Suppressed Potential Fecundity or Biomass,2020,dissertation,antagonist,P3,2,final_reproduction_title;nonprimary_source_type,thesis_or_dissertation,identify_corresponding_eligible_published_article
titleyear:functional integration of floral plant traits shape and symmetry optical signal reward and reproduction in the angiosperm flower|2020,,"Functional Integration of Floral Plant Traits: Shape and Symmetry, Optical Signal, Reward and Reproduction in the Angiosperm Flower",2020,dissertation,mutualist,P3,2,final_reproduction_title;nonprimary_source_type,thesis_or_dissertation,identify_corresponding_eligible_published_article
doi:10.25394/pgs.8956487.v1,10.25394/pgs.8956487.v1,Female Control of Reproductive Success in Arabidopsis thaliana,2019,dissertation,mutualist,P3,2,final_reproduction_title;nonprimary_source_type,thesis_or_dissertation,identify_corresponding_eligible_published_article
titleyear:effect of short duration high temperature stress on bambara groundnut vigna subterranea l verdc plant reproduction|2018,,Effect of short duration high temperature stress on bambara groundnut (Vigna subterranea (L.) Verdc.) plant reproduction,2018,dissertation,mutualist,P3,2,final_reproduction_title;nonprimary_source_type,thesis_or_dissertation,identify_corresponding_eligible_published_article
titleyear:zeitliche abstimmung des bienenschlupfes mechanismen und fitnesskonsequenzen|2018,,Zeitliche Abstimmung des Bienenschlupfes: Mechanismen und Fitnesskonsequenzen,2018,dissertation,mutualist,P3,2,final_reproduction_title;nonprimary_source_type,thesis_or_dissertation,identify_corresponding_eligible_published_article
titleyear:effect of heat stress on pollen development and seed set in field pea pisum sativum l|2016,,Effect of heat stress on pollen development and seed set in field pea (Pisum sativum L.),2016,dissertation,mutualist,P3,2,final_reproduction_title;nonprimary_source_type,thesis_or_dissertation,identify_corresponding_eligible_published_article
doi:10.11575/prism/26188,10.11575/prism/26188,Floral Anthesis Rate and Pollen Limitation in Delphinium glaucum and their Consequences for Female Fitness,2016,dissertation,mutualist,P3,2,final_reproduction_title;nonprimary_source_type,thesis_or_dissertation,identify_corresponding_eligible_published_article
titleyear:histoire biog ographique et syst me de reproduction de rhododendron ferrugineum dans les pyr n es|2014,,Histoire biogéographique et système de reproduction de Rhododendron ferrugineum dans les Pyrénées,2014,dissertation,mutualist,P3,2,final_reproduction_title;nonprimary_source_type,thesis_or_dissertation,identify_corresponding_eligible_published_article
titleyear:sexual reproduction of common juniper juniperus communis in the face of global change|2014,,Sexual reproduction of common juniper (Juniperus communis) in the face of global change,2014,dissertation,mutualist,P3,2,final_reproduction_title;nonprimary_source_type,thesis_or_dissertation,identify_corresponding_eligible_published_article
titleyear:the ecology of reproduction in a rare plant tetratheca juncea|2013,,The ecology of reproduction in a rare plant - Tetratheca juncea,2013,dissertation,mutualist,P3,2,final_reproduction_title;nonprimary_source_type,thesis_or_dissertation,identify_corresponding_eligible_published_article
titleyear:does individual flower density and patch level conspecific neighbor density affect reproductive success in a golden banner legume fabaceae|2012,,Does Individual Flower Density and Patch Level Conspecific Neighbor Density Affect Reproductive Success in a 'Golden Banner' Legume (FABACEAE)?,2012,dissertation,mutualist,P3,2,final_reproduction_title;nonprimary_source_type,thesis_or_dissertation,identify_corresponding_eligible_published_article
doi:10.14288/1.0072010,10.14288/1.0072010,Studies investigating evolutionary transitions in plant reproduction,2011,dissertation,mutualist,P3,2,final_reproduction_title;nonprimary_source_type,thesis_or_dissertation,identify_corresponding_eligible_published_article
titleyear:grazing regimes and plant reproduction in semi natural grasslands|2006,,Grazing regimes and plant reproduction in semi-natural grasslands,2006,dissertation,mutualist,P3,2,final_reproduction_title;nonprimary_source_type,thesis_or_dissertation,identify_corresponding_eligible_published_article
titleyear:reproduction and adaptation in eastern pacific eelgrass populations|2006,,Reproduction and adaptation in Eastern Pacific eelgrass populations,2006,dissertation,mutualist,P3,2,final_reproduction_title;nonprimary_source_type,thesis_or_dissertation,identify_corresponding_eligible_published_article
titleyear:microhabitat use and reproductive success of the california red legged frog rana aurora draytonii and bullfrog rana catesbeiana in an ephemeral marsh|1997,,Microhabitat Use and Reproductive Success of the California Red-legged Frog (Rana Aurora Draytonii) and Bullfrog (Rana Catesbeiana) in an Ephemeral Marsh,1997,dissertation,antagonist,P3,2,final_reproduction_title;nonprimary_source_type,thesis_or_dissertation,identify_corresponding_eligible_published_article
titleyear:a study of herbage and seed production of lucerne medicago sativa l under different plant spacing and cutting treatments a thesis presented in partial fulfilment of the requirements for the degree of master of agricultural science at massey university|1978,,A study of herbage and seed production of lucerne (Medicago sativa L.) under different plant spacing and cutting treatments : a thesis presented in partial fulfilment of the requirements for the degree of Master of Agricultural Science at Massey University,1978,dissertation,mutualist,P3,2,final_reproduction_title;nonprimary_source_type,thesis_or_dissertation,identify_corresponding_eligible_published_article
doi:10.5167/uzh-292943,10.5167/uzh-292943,Adaptive Response of $\textit{Brassica rapa}$ to Limited Access to Natural Pollinator Community,2026,dissertation,mutualist,P3,1,identified_partner_title;nonprimary_source_type,thesis_or_dissertation,identify_corresponding_eligible_published_article
titleyear:american elderberry s next top pollinator evaluating the role of arthropods in pollination|2026,,American Elderberry's Next Top Pollinator: Evaluating the Role of Arthropods in Pollination,2026,dissertation,mutualist,P3,1,identified_partner_title;nonprimary_source_type,thesis_or_dissertation,identify_corresponding_eligible_published_article
doi:10.53846/goediss-12237,10.53846/goediss-12237,Effects of combined agri-environmental measures and landscape structure on wild bees,2026,dissertation,mutualist,P3,1,identified_partner_title;nonprimary_source_type,thesis_or_dissertation,identify_corresponding_eligible_published_article
doi:10.25972/opus-39125,10.25972/opus-39125,Consequences of land use for solitary bee microbiota composition and function,2025,dissertation,mutualist,P3,1,identified_partner_title;nonprimary_source_type,thesis_or_dissertation,identify_corresponding_eligible_published_article
titleyear:effect of abiotic factors on plant pollinator interactions|2025,,Effect of abiotic factors on plant-pollinator interactions,2025,dissertation,mutualist,P3,1,identified_partner_title;nonprimary_source_type,thesis_or_dissertation,identify_corresponding_eligible_published_article
doi:10.26092/elib/4823,10.26092/elib/4823,"Shaping offspring success – Microbial transmission during oviposition, aggregation, and mutualistic interactions as evolutionary precursors to maternal care in Drosophila melanogaster",2025,dissertation,antagonist,P3,1,identified_partner_title;nonprimary_source_type,thesis_or_dissertation,identify_corresponding_eligible_published_article
doi:10.25949/26794234,10.25949/26794234,Petals to pollination: the functional ecology and evolution of floral traits,2024,dissertation,mutualist,P3,1,identified_partner_title;nonprimary_source_type,thesis_or_dissertation,identify_corresponding_eligible_published_article
doi:10.58088/jexq-yc19,10.58088/jexq-yc19,The potential for biological control of the invasive Asian longhorned beetle with native North American parasitoids,2024,dissertation,antagonist,P3,1,identified_partner_title;nonprimary_source_type,thesis_or_dissertation,identify_corresponding_eligible_published_article
titleyear:effect of pollination on seedset and yield of buckwheat fagopyrum esculentum|2022,,Effect of pollination on seedset and yield of buckwheat (Fagopyrum esculentum).,2022,dissertation,mutualist,P3,1,identified_partner_title;nonprimary_source_type,thesis_or_dissertation,identify_corresponding_eligible_published_article
doi:10.25903/665f-eg63,10.25903/665f-eg63,Functional niche partitioning in herbivorous coral reef fishes,2022,dissertation,antagonist,P3,1,identified_partner_title;nonprimary_source_type,thesis_or_dissertation,identify_corresponding_eligible_published_article
titleyear:global change factors impact flowering time in natural and selected arabidopsis genotypes|2022,,Global change factors impact flowering time in natural and selected Arabidopsis genotypes,2022,dissertation,mutualist,P3,1,timing_title;nonprimary_source_type,thesis_or_dissertation,identify_corresponding_eligible_published_article
titleyear:microclimatic conditions as determinant of vaccinium myrtillus pollination|2022,,Microclimatic conditions as determinant of Vaccinium myrtillus pollination,2022,dissertation,mutualist,P3,1,identified_partner_title;nonprimary_source_type,thesis_or_dissertation,identify_corresponding_eligible_published_article
doi:10.31390/gradschool_dissertations.5850,10.31390/gradschool_dissertations.5850,Sodium Mediates Developmentally Plastic Responses in Plants and Herbivores,2022,dissertation,antagonist,P3,1,identified_partner_title;nonprimary_source_type,thesis_or_dissertation,identify_corresponding_eligible_published_article
titleyear:accessing partners in a dioecious insect pollinated species the case of silene dioica|2021,,Accessing partners in a dioecious insect-pollinated species : the case of Silene dioica,2021,dissertation,mutualist,P3,1,identified_partner_title;nonprimary_source_type,thesis_or_dissertation,identify_corresponding_eligible_published_article
titleyear:attraction and forage behavior of bee polinators of flowers of squash cucurbita moschata duch cultivars in brasilian semi arid region|2021,,Attraction and forage behavior of bee polinators of flowers of squash (Cucurbita moschata Duch.) cultivars in brasilian semi-arid region,2021,dissertation,mutualist,P3,1,identified_partner_title;nonprimary_source_type,thesis_or_dissertation,identify_corresponding_eligible_published_article
titleyear:dormancy progression artificial rest breaking and pollination of independence almonds under south african growing conditions|2021,,"Dormancy progression, artificial rest breaking and pollination of 'Independence' almonds under South African growing conditions.",2021,dissertation,mutualist,P3,1,identified_partner_title;nonprimary_source_type,thesis_or_dissertation,identify_corresponding_eligible_published_article
doi:10.20381/ruor-26437,10.20381/ruor-26437,The Effect of Common Milkweed (Asclepias syriaca) Quality on Monarch Butterfly (Danaus plexippus) Oviposition Preference and Larval Performance,2021,dissertation,antagonist,P3,1,identified_partner_title;nonprimary_source_type,thesis_or_dissertation,identify_corresponding_eligible_published_article
titleyear:dung beetles from ecosystem engineers to invasive species|2020,,Dung Beetles: From Ecosystem Engineers to Invasive Species,2020,dissertation,antagonist,P3,1,identified_partner_title;nonprimary_source_type,thesis_or_dissertation,identify_corresponding_eligible_published_article
titleyear:sex specific foraging patterns in the rare eastern regal fritillary butterfly speyeria idalia idalia|2020,,"SEX-SPECIFIC FORAGING PATTERNS IN THE RARE EASTERN REGAL FRITILLARY BUTTERFLY, SPEYERIA IDALIA IDALIA",2020,dissertation,mutualist,P3,1,identified_partner_title;nonprimary_source_type,thesis_or_dissertation,identify_corresponding_eligible_published_article
titleyear:synchrony function and diversification of floral scent in hawaiian schiedea caryophyllaceae|2020,,"Synchrony, function, and diversification of floral scent in Hawaiian Schiedea (Caryophyllaceae)",2020,dissertation,mutualist,P3,1,timing_title;nonprimary_source_type,thesis_or_dissertation,identify_corresponding_eligible_published_article
titleyear:understanding the role and impact of introduced honey bees in a submontane indigenous forest ecosystem|2020,,Understanding the role and impact of introduced honey bees in a submontane indigenous forest ecosystem,2020,dissertation,mutualist,P3,1,identified_partner_title;nonprimary_source_type,thesis_or_dissertation,identify_corresponding_eligible_published_article
doi:10.20381/ruor-24184,10.20381/ruor-24184,How Vulnerable Are Pollen-Specialist Solitary Bees to Temperature-Mediated Shifts in the Timing of Food Availability?,2019,dissertation,mutualist,P3,1,identified_partner_title;nonprimary_source_type,thesis_or_dissertation,identify_corresponding_eligible_published_article
titleyear:plant phenology in seasonal environments|2019,,Plant phenology in seasonal environments,2019,dissertation,antagonist,P3,1,timing_title;nonprimary_source_type,thesis_or_dissertation,identify_corresponding_eligible_published_article
titleyear:pollen transfer from non native fennel to an island endemic buckwheat the role of the pollinator assemblage|2019,,Pollen transfer from non-native fennel to an island endemic buckwheat: the role of the pollinator assemblage,2019,dissertation,mutualist,P3,1,identified_partner_title;nonprimary_source_type,thesis_or_dissertation,identify_corresponding_eligible_published_article
titleyear:pollination in forest ecosystems|2019,,Pollination in forest ecosystems,2019,dissertation,mutualist,P3,1,identified_partner_title;nonprimary_source_type,thesis_or_dissertation,identify_corresponding_eligible_published_article
titleyear:cascading effects of climate stress on plant pollinator interactions|2018,,Cascading Effects of Climate Stress on Plant–Pollinator Interactions,2018,dissertation,mutualist,P3,1,identified_partner_title;nonprimary_source_type,thesis_or_dissertation,identify_corresponding_eligible_published_article
titleyear:pollination ecology in penstemon mechanisms of reproductive isolation in penstemon virens and penstemon secundiflorus|2018,,POLLINATION ECOLOGY IN PENSTEMON: MECHANISMS OF REPRODUCTIVE ISOLATION IN PENSTEMON VIRENS AND PENSTEMON SECUNDIFLORUS,2018,dissertation,mutualist,P3,1,identified_partner_title;nonprimary_source_type,thesis_or_dissertation,identify_corresponding_eligible_published_article
titleyear:pollination networks of the high arctic adding a functional perspective|2018,,Pollination networks of the High Arctic – adding a functional perspective,2018,dissertation,mutualist,P3,1,identified_partner_title;nonprimary_source_type,thesis_or_dissertation,identify_corresponding_eligible_published_article
titleyear:pre dispersal seed predation by weevils curculio spp the role of host specificity resource availability and environmental factors|2018,,"Pre-dispersal seed predation by weevils (Curculio spp.): The role of host-specificity, resource availability and environmental factors",2018,dissertation,antagonist,P3,1,identified_partner_title;nonprimary_source_type,thesis_or_dissertation,identify_corresponding_eligible_published_article
titleyear:the functional role of birds as pollinators in southern cape fynbos|2018,,The functional role of birds as pollinators in southern Cape fynbos.,2018,dissertation,mutualist,P3,1,identified_partner_title;nonprimary_source_type,thesis_or_dissertation,identify_corresponding_eligible_published_article
titleyear:evaluating the effects of climate change and pathogens on pollinator health using plant functional traits and longitudinal monitoring|2017,,Evaluating the effects of climate change and pathogens on pollinator health using plant functional traits and longitudinal monitoring,2017,dissertation,mutualist,P3,1,identified_partner_title;nonprimary_source_type,thesis_or_dissertation,identify_corresponding_eligible_published_article
titleyear:phenology reproductive biology and acca sellowiana yield component in southwest paran|2017,,"Phenology, reproductive biology and Acca sellowiana yield component in southwest Paraná",2017,dissertation,mutualist,P3,1,timing_title;nonprimary_source_type,thesis_or_dissertation,identify_corresponding_eligible_published_article
titleyear:a population study of hyacinthoides non scripta density dependence phenology and environment|2016,,"A Population Study of Hyacinthoides non-scripta: Density dependence, Phenology and Environment",2016,dissertation,mutualist,P3,1,timing_title;nonprimary_source_type,thesis_or_dissertation,identify_corresponding_eligible_published_article
titleyear:climate trends weather fluctuations and calving phenology in svalbard reindeer rangifer tarandus platyrhynchus|2016,,"Climate trends, weather fluctuations and calving phenology in Svalbard reindeer (Rangifer tarandus platyrhynchus)",2016,dissertation,antagonist,P3,1,timing_title;nonprimary_source_type,thesis_or_dissertation,identify_corresponding_eligible_published_article
doi:10.17870/bathspa.00007947,10.17870/bathspa.00007947,"Ecotypic variation in 'Lotus corniculatus L.' and implications for grassland restoration: interaction of ecotypes with soil type and management, in relation to herbivory",2016,dissertation,antagonist;mutualist,P3,1,identified_partner_title;nonprimary_source_type,thesis_or_dissertation,identify_corresponding_eligible_published_article
titleyear:monitoring of the flowering time of selected arable weed species|2016,,Monitoring of the flowering time of selected arable weed species,2016,dissertation,mutualist,P3,1,timing_title;nonprimary_source_type,thesis_or_dissertation,identify_corresponding_eligible_published_article
titleyear:the phenology and compatibility of hazelnut corylus avellana cultivars in tennessee|2016,,The phenology and compatibility of Hazelnut (Corylus avellana) cultivars in Tennessee,2016,dissertation,mutualist,P3,1,timing_title;nonprimary_source_type,thesis_or_dissertation,identify_corresponding_eligible_published_article
titleyear:biolog a reproductiva y ecolog a de la polinizaci n de dos especies de geonoma arecaceae en la amazonia colombiana reproductive biology and pollination ecology of two species of geonoma arecaceae in the colombian amazon|2015,,Biología reproductiva y ecología de la polinización de dos especies de Geonoma (Arecaceae) en la amazonia colombiana = Reproductive biology and pollination ecology of two species of Geonoma (Arecaceae) in the colombian amazon,2015,dissertation,mutualist,P3,1,identified_partner_title;nonprimary_source_type,thesis_or_dissertation,identify_corresponding_eligible_published_article
titleyear:pollination biology of the endemic orchid vanilla bosseri in madagascar|2015,,Pollination biology of the endemic orchid Vanilla bosseri in Madagascar,2015,dissertation,mutualist,P3,1,identified_partner_title;nonprimary_source_type,thesis_or_dissertation,identify_corresponding_eligible_published_article
doi:10.15781/t2904c,10.15781/t2904c,Quantitative genetics and genotype by environment interactions for flowering time and floral morphology in Ipomopsis longiflora subsp. australis (Polemoniaceae),2015,dissertation,mutualist,P3,1,timing_title;nonprimary_source_type,thesis_or_dissertation,identify_corresponding_eligible_published_article
doi:10.25148/etd.fidc000056,10.25148/etd.fidc000056,The Effects of Climate Warming on Plant-Herbivore Interactions,2015,dissertation,antagonist,P3,1,identified_partner_title;nonprimary_source_type,thesis_or_dissertation,identify_corresponding_eligible_published_article
titleyear:bee foraging in space and time linking individual behaviour to pollination|2014,,Bee Foraging in Space and Time: Linking Individual Behaviour to Pollination,2014,dissertation,mutualist,P3,1,identified_partner_title;nonprimary_source_type,thesis_or_dissertation,identify_corresponding_eligible_published_article
doi:10.53846/goediss-4500,10.53846/goediss-4500,Factors regulating the population dynamics and damage potential of pollen beetle (Meligethes aeneus F.) on crops of oilseed rape,2014,dissertation,antagonist;mutualist,P3,1,identified_partner_title;nonprimary_source_type,thesis_or_dissertation,identify_corresponding_eligible_published_article
titleyear:genes that underlie natural variation in growth rate and flowering time in local accessions of arabidopsis thaliana|2014,,Genes that underlie natural variation in growth rate and flowering time in local accessions of Arabidopsis thaliana,2014,dissertation,antagonist,P3,1,timing_title;nonprimary_source_type,thesis_or_dissertation,identify_corresponding_eligible_published_article
doi:10.20868/upm.thesis.32621,10.20868/upm.thesis.32621,Habitat management for conservation of pollinators in agro-ecosystems of Central Spain,2014,dissertation,mutualist,P3,1,identified_partner_title;nonprimary_source_type,thesis_or_dissertation,identify_corresponding_eligible_published_article
titleyear:use of straw bee scaptotrigona sp nov at the pollination of melon cucumis melo l in greenhouse|2014,,Use of straw bee (Scaptotrigona sp. nov.) At the pollination of melon (Cucumis melo L.) in greenhouse,2014,dissertation,mutualist,P3,1,identified_partner_title;nonprimary_source_type,thesis_or_dissertation,identify_corresponding_eligible_published_article
doi:10.11575/prism/25779,10.11575/prism/25779,Ecological and evolutionary determinants of pollination network structure,2013,dissertation,mutualist,P3,1,identified_partner_title;nonprimary_source_type,thesis_or_dissertation,identify_corresponding_eligible_published_article
titleyear:evolutionary constraints on plasticity in the anti herbivore defenses of solanum carolinense|2013,,Evolutionary constraints on plasticity in the anti-herbivore defenses of Solanum carolinense,2013,dissertation,antagonist,P3,1,identified_partner_title;nonprimary_source_type,thesis_or_dissertation,identify_corresponding_eligible_published_article
titleyear:native bee hymenoptera apiformes response to ecological restoration in southern ontario|2013,,Native bee (Hymenoptera: Apiformes) response to ecological restoration in southern Ontario,2013,dissertation,mutualist,P3,1,identified_partner_title;nonprimary_source_type,thesis_or_dissertation,identify_corresponding_eligible_published_article
doi:10.53846/goediss-3506,10.53846/goediss-3506,Plant-herbivore-predator communities and grassland management intensity - Implications for biodiversity conservation practices on local and landscape scales,2013,dissertation,antagonist,P3,1,identified_partner_title;nonprimary_source_type,thesis_or_dissertation,identify_corresponding_eligible_published_article
titleyear:impacts of the invasive alien heracleum mantegazzianum on native plant pollinator interactions|2012,,Impacts of the invasive alien Heracleum mantegazzianum on native plant-pollinator interactions,2012,dissertation,mutualist,P3,1,identified_partner_title;nonprimary_source_type,thesis_or_dissertation,identify_corresponding_eligible_published_article
titleyear:interactions between bees of protodiscelis colletidae neopasiphaeinae and aquatic plants and the importance of odors to locating flowers|2012,,"Interactions between bees of Protodiscelis (Colletidae, Neopasiphaeinae) and aquatic plants, and the importance of odors to locating flowers.",2012,dissertation,mutualist,P3,1,identified_partner_title;nonprimary_source_type,thesis_or_dissertation,identify_corresponding_eligible_published_article
doi:10.53846/goediss-1957,10.53846/goediss-1957,"Landscape context of bee, wasp and parasitoid diversity: grass-strip corridors, fallows and food webs",2012,dissertation,mutualist,P3,1,identified_partner_title;nonprimary_source_type,thesis_or_dissertation,identify_corresponding_eligible_published_article
titleyear:plant herbivore interactions and evolutionary potential of natural arabidopsis lyrata populations|2012,,Plant-Herbivore Interactions and Evolutionary Potential of Natural Arabidopsis lyrata Populations,2012,dissertation,antagonist;mutualist,P3,1,identified_partner_title;nonprimary_source_type,thesis_or_dissertation,identify_corresponding_eligible_published_article
doi:10.53846/goediss-1444,10.53846/goediss-1444,"Pollinator biodiversity, functional complementarity and dynamic plant-pollinator interaction networks",2012,dissertation,mutualist,P3,1,identified_partner_title;nonprimary_source_type,thesis_or_dissertation,identify_corresponding_eligible_published_article
titleyear:so happy together pollination and reproductive strategy of two sympatric species of acanthus l in kenya|2012,,So happy together? : Pollination and reproductive strategy of two sympatric species of Acanthus L. in Kenya,2012,dissertation,mutualist,P3,1,identified_partner_title;nonprimary_source_type,thesis_or_dissertation,identify_corresponding_eligible_published_article
titleyear:effects of landscape context on populations of bumblebees|2011,,Effects of landscape context on populations of bumblebees,2011,dissertation,mutualist,P3,1,identified_partner_title;nonprimary_source_type,thesis_or_dissertation,identify_corresponding_eligible_published_article
titleyear:life history and tolerance and resistance against herbivores in natural populations of arabidopsis thaliana|2011,,Life History and Tolerance and Resistance against Herbivores in Natural Populations of Arabidopsis thaliana,2011,dissertation,antagonist,P3,1,identified_partner_title;nonprimary_source_type,thesis_or_dissertation,identify_corresponding_eligible_published_article
titleyear:not easy being mead s comparative herbivory on three milkweeds including threatened mead s milkweed asclepias meadii and seedling ecology of mead s milkweed|2011,,"Not Easy Being Mead's: Comparative Herbivory on Three Milkweeds, Including Threatened Mead's Milkweed (Asclepias meadii), and Seedling Ecology of Mead's Milkweed",2011,dissertation,antagonist,P3,1,identified_partner_title;nonprimary_source_type,thesis_or_dissertation,identify_corresponding_eligible_published_article
titleyear:proximate causation of stable fly stomoxys calcitrans l host use the influence of phenology and host blood suitability|2011,,Proximate causation of stable fly (Stomoxys calcitrans (L.)) host use : the influence of phenology and host blood suitability,2011,dissertation,antagonist,P3,1,timing_title;nonprimary_source_type,thesis_or_dissertation,identify_corresponding_eligible_published_article
doi:10.14288/1.0098147,10.14288/1.0098147,Phenology and biometeorology of pine false webworm (Hymenoptera: Pamphiliidae) and its parasitoids in southern Ontario,2010,dissertation,antagonist,P3,1,timing_title;nonprimary_source_type,thesis_or_dissertation,identify_corresponding_eligible_published_article
titleyear:efeito da herbivoria por sa vas sobre a fenologia sobreviv ncia crescimento e conte do nutricional de rvores do cerrado|2009,,"Efeito da herbivoria por saúvas sobre a fenologia, sobrevivência, crescimento e conteúdo nutricional de árvores do Cerrado",2009,dissertation,antagonist,P3,1,identified_partner_title;nonprimary_source_type,thesis_or_dissertation,identify_corresponding_eligible_published_article
titleyear:food or sex which would you choose pollinator prey conflict and reproductive assurance in new zealand drosera|2009,,Food or sex: which would you choose? Pollinator-prey conflict and reproductive assurance in New Zealand Drosera,2009,dissertation,mutualist,P3,1,identified_partner_title;nonprimary_source_type,thesis_or_dissertation,identify_corresponding_eligible_published_article
titleyear:the evolution of flower size and flowering behaviour in plants the role of pollination and pre dispersal seed predation|2008,,The evolution of flower size and flowering behaviour in plants: The role of pollination and pre-dispersal seed predation,2008,dissertation,antagonist;mutualist,P3,1,identified_partner_title;nonprimary_source_type,thesis_or_dissertation,identify_corresponding_eligible_published_article
doi:10.35662/unine-thesis-1947,10.35662/unine-thesis-1947,"Ecological interactions between two species of leaf beetle, a rust fungus, and their host plant",2007,dissertation,antagonist,P3,1,identified_partner_title;nonprimary_source_type,thesis_or_dissertation,identify_corresponding_eligible_published_article
titleyear:production of the pollination constant astringent persimmon triumph under south african conditions|2007,,Production of the pollination constant astringent persimmon 'Triumph' under South African conditions,2007,dissertation,mutualist,P3,1,identified_partner_title;nonprimary_source_type,thesis_or_dissertation,identify_corresponding_eligible_published_article
titleyear:dispersers and herbivores the positive and negative effects of consumers on plants|2003,,Dispersers and herbivores : the positive and negative effects of consumers on plants,2003,dissertation,antagonist;mutualist,P3,1,identified_partner_title;nonprimary_source_type,thesis_or_dissertation,identify_corresponding_eligible_published_article
titleyear:phenology and frugivory of large fruited species in northern new zealand and the impacts of introduced mammals|2002,,Phenology and frugivory of large-fruited species in northern New Zealand and the impacts of introduced mammals,2002,dissertation,antagonist,P3,1,timing_title;nonprimary_source_type,thesis_or_dissertation,identify_corresponding_eligible_published_article
doi:10.25959/23228651.v1,10.25959/23228651.v1,Pollination ecology of Tasmanian leatherwood (Eucryphia lucida Eucryphiaceae Labill.) and the impacts of hive honeybees,2001,dissertation,mutualist,P3,1,identified_partner_title;nonprimary_source_type,thesis_or_dissertation,identify_corresponding_eligible_published_article
titleyear:cross pollination biology of apples with special reference to african red|2000,,"Cross pollination biology of apples, with special reference to 'African Red'",2000,dissertation,mutualist,P3,1,identified_partner_title;nonprimary_source_type,thesis_or_dissertation,identify_corresponding_eligible_published_article
titleyear:life history strategies of tropical satyrine butterflies in north eastern australia|1994,,Life history strategies of tropical satyrine butterflies in north-eastern Australia,1994,dissertation,antagonist,P3,1,identified_partner_title;nonprimary_source_type,thesis_or_dissertation,identify_corresponding_eligible_published_article
titleyear:plant pollinator interactions of the ground flora of a deciduous woodland|1994,,Plant-pollinator interactions of the ground flora of a deciduous woodland,1994,dissertation,mutualist,P3,1,identified_partner_title;nonprimary_source_type,thesis_or_dissertation,identify_corresponding_eligible_published_article
titleyear:the pollination and reproductive biology of a cerrado woody community in brazil|1992,,The pollination and reproductive biology of a cerrado woody community in Brazil,1992,dissertation,mutualist,P3,1,identified_partner_title;nonprimary_source_type,thesis_or_dissertation,identify_corresponding_eligible_published_article
titleyear:ecological genetics of host exploitation in a generalist herbivore the obliquebanded leafroller|1991,,"ECOLOGICAL GENETICS OF HOST EXPLOITATION IN A GENERALIST HERBIVORE, THE OBLIQUEBANDED LEAFROLLER",1991,dissertation,antagonist,P3,1,identified_partner_title;nonprimary_source_type,thesis_or_dissertation,identify_corresponding_eligible_published_article
doi:10.18174/201466,10.18174/201466,"Optimal selection and exploitation of hosts in the parasitic wasp Colpoclypeus florus (Hym., Eulophidae)",1986,dissertation,antagonist,P3,1,identified_partner_title;nonprimary_source_type,thesis_or_dissertation,identify_corresponding_eligible_published_article
titleyear:organization of a plant pollinator community in a seasonal habitat bees sociality foraging|1984,,"ORGANIZATION OF A PLANT-POLLINATOR COMMUNITY IN A SEASONAL HABITAT (BEES, SOCIALITY, FORAGING).",1984,dissertation,mutualist,P3,1,identified_partner_title;nonprimary_source_type,thesis_or_dissertation,identify_corresponding_eligible_published_article
titleyear:the pollination ecology of four species of local vernal herbaceous angiosperms|1975,,The Pollination Ecology of Four Species of Local Vernal Herbaceous Angiosperms,1975,dissertation,mutualist,P3,1,identified_partner_title;nonprimary_source_type,thesis_or_dissertation,identify_corresponding_eligible_published_article
doi:10.5287/ora-bxnova5jk,10.5287/ora-bxnova5jk,"The feeding ecology of Coke's hartebeest, Alcelaphus buselaphus cokei Günther in Kenya",1974,dissertation,antagonist,P3,1,identified_partner_title;nonprimary_source_type,thesis_or_dissertation,identify_corresponding_eligible_published_article
doi:10.25358/openscience-15479,10.25358/openscience-15479,"A phenotypic, transcriptomic, and genomic characterisation of the response to predicted climate change conditions in overwintering Osmia",2026,dissertation,mutualist,P3,-1,nonprimary_source_type,thesis_or_dissertation,identify_corresponding_eligible_published_article
titleyear:community dynamics and responses to warming and competition in alpine grasslands a study within the rangex project in western norway flowering probability responses to experimental warming and introduction of novel species in norwegian montane grassland communities|2026,,Community Dynamics and Responses to Warming and Competition in Alpine Grasslands: A Study within the RangeX Project in Western Norway : Flowering probability responses to experimental warming and introduction of novel species in Norwegian montane grassland communities,2026,dissertation,mutualist,P3,-1,nonprimary_source_type,thesis_or_dissertation,identify_corresponding_eligible_published_article
doi:10.20868/upm.thesis.95719,10.20868/upm.thesis.95719,Effect of seed defence priming on plant defence-growth trade-off established upon plant-pest interaction,2026,dissertation,antagonist,P3,-1,nonprimary_source_type,thesis_or_dissertation,identify_corresponding_eligible_published_article
titleyear:effect of seed defence priming on plant defence growth trade off established upon plant pest interaction|2026,,Effect of seed defence priming on plant defence-growth trade-off established upon plant-pest interaction,2026,dissertation,antagonist,P3,-1,nonprimary_source_type,thesis_or_dissertation,identify_corresponding_eligible_published_article
titleyear:fenologia e sazonalidade da condi o corp rea de morcegos fit fagos no pantanal|2025,,Fenologia e sazonalidade da condição corpórea de morcegos fitófagos no Pantanal,2025,dissertation,mutualist,P3,-1,nonprimary_source_type,thesis_or_dissertation,identify_corresponding_eligible_published_article
doi:10.13140/rg.2.2.15313.60007,10.13140/rg.2.2.15313.60007,Investigating diets of Centrostephanus rodgersii and their suspected key predators on temperate subtidal reefs; Who seems to be in control?,2025,dissertation,antagonist,P3,-1,nonprimary_source_type,thesis_or_dissertation,identify_corresponding_eligible_published_article
titleyear:lier g notypes ph notypes et valeur s lective pour d crypter les traits et les r gions g nomiquesimpliqu es dans l adaptation et ou l isolement reproductif travers des zones hybrides|2025,,"Lier génotypes, phénotypes et valeur sélective pour décrypter les traits et les régions génomiquesimpliquées dans l’adaptation et/ou l’isolement reproductif à travers des zones hybrides",2025,dissertation,mutualist,P3,-1,nonprimary_source_type,thesis_or_dissertation,identify_corresponding_eligible_published_article
titleyear:lier g notypes ph notypes et valeur s lective pour d crypter les traits et r gions g nomiques impliqu es dans l adaptation et ou l isolement reproductif travers des zones hybrides|2025,,"Lier génotypes, phénotypes et valeur sélective pour décrypter les traits et régions génomiques impliquées dans l'adaptation et/ou l'isolement reproductif à travers des zones hybrides",2025,dissertation,mutualist,P3,-1,nonprimary_source_type,thesis_or_dissertation,identify_corresponding_eligible_published_article
titleyear:sexual selection sex allocation and stochasticity a study of mating patterns in sagittaria latifolia|2025,,"Sexual Selection, Sex Allocation and Stochasticity: A Study of Mating Patterns in Sagittaria latifolia",2025,dissertation,mutualist,P3,-1,nonprimary_source_type,thesis_or_dissertation,identify_corresponding_eligible_published_article
titleyear:beija flores e recursos florais de psittacanthus dichroos mart mart loranthaceae em uma rea da mata atl ntica da para ba|2024,,Beija-flores e recursos florais de Psittacanthus dichroos (Mart.) Mart. (Loranthaceae) em uma área da Mata Atlântica da Paraíba,2024,dissertation,mutualist,P3,-1,nonprimary_source_type,thesis_or_dissertation,identify_corresponding_eligible_published_article
doi:10.35376/10324/66296,10.35376/10324/66296,"Daños causados por Leptoglossus occidentalis Heidemann en Pinus pinea L., prospección de parasitoides de huevos y evaluación de Ooencyrtus obscurus (Mercet) como agente de control biológico",2024,dissertation,antagonist,P3,-1,nonprimary_source_type,thesis_or_dissertation,identify_corresponding_eligible_published_article
doi:10.21504/10962/435627,10.21504/10962/435627,The enemy release hypothesis and beyond: Lagarosiphon major invasion dynamics and management options for New Zealand using native natural enemies from South Africa,2024,dissertation,antagonist,P3,-1,nonprimary_source_type,thesis_or_dissertation,identify_corresponding_eligible_published_article
titleyear:preference and performance of vanessa gonerilla on native and introduced nettles of new zealand|2023,,Preference and Performance of Vanessa gonerilla on Native and Introduced Nettles of New Zealand,2023,dissertation,antagonist,P3,-1,nonprimary_source_type,thesis_or_dissertation,identify_corresponding_eligible_published_article
doi:10.31274/td-20240329-118,10.31274/td-20240329-118,Biotic and abiotic risks to Dirca spp. in managed landscapes,2022,dissertation,mutualist,P3,-1,nonprimary_source_type,thesis_or_dissertation,identify_corresponding_eligible_published_article
titleyear:traits reproductifs identit et pr f rences alimentaires de deux lign es g n tiques de la mouche des semis delia platura diptera anthomyiidae|2022,,"Traits reproductifs, identité et préférences alimentaires de deux lignées génétiques de la mouche des semis, Delia platura (Diptera : Anthomyiidae)",2022,dissertation,antagonist,P3,-1,nonprimary_source_type,thesis_or_dissertation,identify_corresponding_eligible_published_article
doi:10.25903/2n9c-se03,10.25903/2n9c-se03,"Vegetative focused propagation of Santalum austrocaledonicum Vieillard (sandalwood) and the reproductive biology of S. lanceolatum, S. album and S. austrocaledonicum for the domestication of sandalwood",2022,dissertation,mutualist,P3,-1,nonprimary_source_type,thesis_or_dissertation,identify_corresponding_eligible_published_article
doi:10.22024/unikent/01.02.86026,10.22024/unikent/01.02.86026,"Reproductive ecology and conservation of the Lilac-crowned parrot (Amazona finschi) in Jalisco, Mexico",2021,dissertation,antagonist,P3,-1,nonprimary_source_type,thesis_or_dissertation,identify_corresponding_eligible_published_article
titleyear:reproductive isolation and life history divergence between outcrossing and recently evolved selfing populations of arabidopsis lyrata|2021,,Reproductive isolation and life-history divergence between outcrossing and recently evolved selfing populations of Arabidopsis lyrata,2021,dissertation,mutualist,P3,-1,nonprimary_source_type,thesis_or_dissertation,identify_corresponding_eligible_published_article
titleyear:demographic consequences of rapid climate change and density dependence in migratory arctic geese|2020,,Demographic consequences of rapid climate change and density dependence in migratory Arctic geese,2020,dissertation,antagonist,P3,-1,nonprimary_source_type,thesis_or_dissertation,identify_corresponding_eligible_published_article
doi:10.5167/uzh-200681,10.5167/uzh-200681,Dynamics of a Socially and Spatially Structured Giraffe Population in a Human-Natural Landscape,2020,dissertation,antagonist,P3,-1,nonprimary_source_type,thesis_or_dissertation,identify_corresponding_eligible_published_article
titleyear:reproductive ecology and coexistence among trees in the guineo congolian understory|2020,,Reproductive ecology and coexistence among trees in the Guineo-Congolian understory,2020,dissertation,mutualist,P3,-1,nonprimary_source_type,thesis_or_dissertation,identify_corresponding_eligible_published_article
titleyear:seasonal interactions between oaks and insects evolutionary adaptations and predictions for climate change|2020,,Seasonal interactions between oaks and insects : evolutionary adaptations and predictions for climate change,2020,dissertation,antagonist,P3,-1,nonprimary_source_type,thesis_or_dissertation,identify_corresponding_eligible_published_article
doi:10.20381/ruor-23532,10.20381/ruor-23532,"Adaptation and Diversification in Bluebells (Mertensia spp., Boraginaceae)",2019,dissertation,antagonist;mutualist,P3,-1,nonprimary_source_type,thesis_or_dissertation,identify_corresponding_eligible_published_article
doi:10.25777/g8f8-c352,10.25777/g8f8-c352,Biosystematics and Diversification in the Genus Striga Lour. (Scrophulariaceae) in Africa,2019,dissertation,mutualist,P3,-1,nonprimary_source_type,thesis_or_dissertation,identify_corresponding_eligible_published_article
titleyear:changes in gene expression underlie the diversification of the lorelei gene family in the brassicaceae|2019,,Changes in Gene Expression Underlie the Diversification of the LORELEI Gene Family in the Brassicaceae,2019,dissertation,mutualist,P3,-1,nonprimary_source_type,thesis_or_dissertation,identify_corresponding_eligible_published_article
titleyear:darwin s naturalization hypothesis phylogeny enemy release and multi trophic interactions|2019,,"Darwin’s naturalization hypothesis : phylogeny, enemy release and multi-trophic interactions",2019,dissertation,antagonist;mutualist,P3,-1,nonprimary_source_type,thesis_or_dissertation,identify_corresponding_eligible_published_article
doi:10.24384/t9w0-4e14,10.24384/t9w0-4e14,Ecology of flowering and fruiting in Lotus corniculatus L.,2019,dissertation,antagonist;mutualist,P3,-1,nonprimary_source_type,thesis_or_dissertation,identify_corresponding_eligible_published_article
doi:10.26686/wgtn.17138738,10.26686/wgtn.17138738,Interactive effects of climate change and plant invasion on alpine biodiversity and ecosystem dynamics,2019,dissertation,mutualist,P3,-1,nonprimary_source_type,thesis_or_dissertation,identify_corresponding_eligible_published_article
doi:10.26686/wgtn.17138738.v1,10.26686/wgtn.17138738.v1,Interactive effects of climate change and plant invasion on alpine biodiversity and ecosystem dynamics,2019,dissertation,mutualist,P3,-1,nonprimary_source_type,thesis_or_dissertation,identify_corresponding_eligible_published_article
titleyear:la pollinisation un l ment central du masting chez les ch nes de r gion temp r e|2019,,"La pollinisation, un élément central du masting chez les chênes de région tempérée",2019,dissertation,mutualist,P3,-1,nonprimary_source_type,thesis_or_dissertation,identify_corresponding_eligible_published_article
titleyear:polimorfismo en el color floral y especiaci n en lysimachia arvensis|2019,,Polimorfismo en el color floral y especiación en Lysimachia arvensis,2019,dissertation,mutualist,P3,-1,nonprimary_source_type,thesis_or_dissertation,identify_corresponding_eligible_published_article
titleyear:red alder alnus rubra defense mechanisms against western tent caterpillar malacosoma californicum defoliation|2019,,Red alder (alnus rubra) defense mechanisms against western tent caterpillar (malacosoma californicum) defoliation,2019,dissertation,antagonist,P3,-1,nonprimary_source_type,thesis_or_dissertation,identify_corresponding_eligible_published_article
doi:10.7939/r3-f6ww-v284,10.7939/r3-f6ww-v284,Resilience of Mountain Pond Communities to Extreme Thermal Regime Shifts,2019,dissertation,antagonist,P3,-1,nonprimary_source_type,thesis_or_dissertation,identify_corresponding_eligible_published_article
doi:10.20381/ruor-22222,10.20381/ruor-22222,"Effects of Glyphosate on Flower Production in Three Entomophilous Herbaceous Plant Species (Rudbeckia hirta L., Centaurea cyanus L. and Trifolium pratense L.)",2018,dissertation,mutualist,P3,-1,nonprimary_source_type,thesis_or_dissertation,identify_corresponding_eligible_published_article
titleyear:floral and reproductive biology of ara trees psidium sp|2018,,Floral and reproductive biology of araçá trees (Psidium sp.),2018,dissertation,mutualist,P3,-1,nonprimary_source_type,thesis_or_dissertation,identify_corresponding_eligible_published_article
titleyear:int gration de la ph nologie et de la d fense m canique dans l espace ph notypique des plantes|2018,,Intégration de la phénologie et de la défense mécanique dans l’espace phénotypique des plantes,2018,dissertation,mutualist,P3,-1,nonprimary_source_type,thesis_or_dissertation,identify_corresponding_eligible_published_article
doi:10.14288/1.0371237,10.14288/1.0371237,Mechanisms of coexistence between native and exotic plant species,2018,dissertation,mutualist,P3,-1,nonprimary_source_type,thesis_or_dissertation,identify_corresponding_eligible_published_article
titleyear:mistletoe vector host interactions from within host processes to population genetic structure|2018,,Mistletoe-Vector-Host Interactions: From Within-Host Processes to Population Genetic Structure,2018,dissertation,mutualist,P3,-1,nonprimary_source_type,thesis_or_dissertation,identify_corresponding_eligible_published_article
doi:10.13025/17836,10.13025/17836,"The ecology and conservation of Arctostaphylos uva-ursi Bearberry heath habitats in the Burren, Western Ireland",2018,dissertation,mutualist,P3,-1,nonprimary_source_type,thesis_or_dissertation,identify_corresponding_eligible_published_article
titleyear:the role of trophic interactions in shaping species persistence and coexistence outcomes|2018,,The role of trophic interactions in shaping species persistence and coexistence outcomes,2018,dissertation,mutualist,P3,-1,nonprimary_source_type,thesis_or_dissertation,identify_corresponding_eligible_published_article
titleyear:zeitliche koordination von kolonieph nologie und sammelaktivit t bei honigbienen|2018,,Zeitliche Koordination von Koloniephänologie und Sammelaktivität bei Honigbienen,2018,dissertation,mutualist,P3,-1,nonprimary_source_type,thesis_or_dissertation,identify_corresponding_eligible_published_article
titleyear:can the native rusty fig ficus rubiginosa beat climate change|2017,,"Can the native Rusty Fig, Ficus rubiginosa, beat climate change?",2017,dissertation,mutualist,P3,-1,nonprimary_source_type,thesis_or_dissertation,identify_corresponding_eligible_published_article
titleyear:implicaciones ecol gicas y evolutivas del robo de n ctar en ecosistemas neotropicales venezolanos|2017,,Implicaciones ecológicas y evolutivas del robo de néctar en ecosistemas neotropicales venezolanos,2017,dissertation,mutualist,P3,-1,nonprimary_source_type,thesis_or_dissertation,identify_corresponding_eligible_published_article
doi:10.18130/v3q063,10.18130/v3q063,Variation in Volatile Emission in Mimulus guttatus and Implications for Plant-Insect Interactions,2017,dissertation,antagonist;mutualist,P3,-1,nonprimary_source_type,thesis_or_dissertation,identify_corresponding_eligible_published_article
titleyear:analysis of historical flowering data investigations into aspects of pollen biology and selected biotechniques to complement sugarcane breeding in south africa|2016,,"Analysis of historical flowering data, investigations into aspects of pollen biology and selected biotechniques to complement sugarcane breeding in South Africa.",2016,dissertation,mutualist,P3,-1,nonprimary_source_type,thesis_or_dissertation,identify_corresponding_eligible_published_article
doi:10.4225/55/5913bc791a6fb,10.4225/55/5913bc791a6fb,Changing consumer strength in a changing climate,2016,dissertation,antagonist,P3,-1,nonprimary_source_type,thesis_or_dissertation,identify_corresponding_eligible_published_article
doi:10.26083/tuprints-00005458,10.26083/tuprints-00005458,Diversity and resource choice of flower-visiting insects in relation to pollen nutritional quality and land use,2016,dissertation,mutualist,P3,-1,nonprimary_source_type,thesis_or_dissertation,identify_corresponding_eligible_published_article
titleyear:tammen quercus robur l kukintabiologia ja fenologia kukintahavainnot 1999 2006 bromarv framn s parainen lenholm|2016,,"Tammen (Quercus robur L.) kukintabiologia ja -fenologia : kukintahavainnot 1999-2006, Bromarv Framnäs, Parainen Lenholm",2016,dissertation,mutualist,P3,-1,nonprimary_source_type,thesis_or_dissertation,identify_corresponding_eligible_published_article
doi:10.18130/v38w2h,10.18130/v38w2h,The role of sex ratio as a context for selection in Silene vulgaris,2016,dissertation,mutualist,P3,-1,nonprimary_source_type,thesis_or_dissertation,identify_corresponding_eligible_published_article
doi:10.18174/352652,10.18174/352652,A systems genetics study of seed quality and seedling vigour in Brassica rapa,2015,dissertation,mutualist,P3,-1,nonprimary_source_type,thesis_or_dissertation,identify_corresponding_eligible_published_article
titleyear:ecology of adult female rocky mountain mule deer following habitat enhancements in north central new mexico|2015,,Ecology of adult female Rocky Mountain mule deer following habitat enhancements in North-Central New Mexico,2015,dissertation,antagonist,P3,-1,nonprimary_source_type,thesis_or_dissertation,identify_corresponding_eligible_published_article
doi:10.14264/uql.2015.752,10.14264/uql.2015.752,Kinship and sociability in eastern grey kangaroos,2015,dissertation,antagonist,P3,-1,nonprimary_source_type,thesis_or_dissertation,identify_corresponding_eligible_published_article
titleyear:predicting multi trophic consequences of an emerging disease|2015,,Predicting Multi-trophic Consequences of an Emerging Disease,2015,dissertation,antagonist;mutualist,P3,-1,nonprimary_source_type,thesis_or_dissertation,identify_corresponding_eligible_published_article
titleyear:pathways through the plankton the impact of external drivers on lower food web dynamics|2014,,Pathways through the plankton: The impact of external drivers on lower food web dynamics,2014,dissertation,antagonist,P3,-1,nonprimary_source_type,thesis_or_dissertation,identify_corresponding_eligible_published_article
titleyear:regeneration from seeds of two acer species in the face of climate change|2014,,Regeneration from seeds of two Acer species in the face of climate change,2014,dissertation,mutualist,P3,-1,nonprimary_source_type,thesis_or_dissertation,identify_corresponding_eligible_published_article
titleyear:spatial and temporal variability in the carrion insect community using blow flies family calliphoridae as a model system to study coexistence mechanisms at multiple scales|2014,,Spatial and Temporal Variability in the Carrion Insect Community: Using Blow Flies (Family: Calliphoridae) as a Model System to Study Coexistence Mechanisms at Multiple Scales,2014,dissertation,antagonist,P3,-1,nonprimary_source_type,thesis_or_dissertation,identify_corresponding_eligible_published_article
doi:10.33915/etd.5484,10.33915/etd.5484,Taxonomy of the Allium cernuum complex in Appalachia,2014,dissertation,mutualist,P3,-1,nonprimary_source_type,thesis_or_dissertation,identify_corresponding_eligible_published_article
titleyear:uso da abelha canudo scaptotrigona sp nov na poliniza o do meloeiro cucumis melo l em ambiente protegido|2014,,Uso da abelha canudo (Scaptotrigona sp. nov.) na polinização do meloeiro (Cucumis melo L.) em ambiente protegido,2014,dissertation,mutualist,P3,-1,nonprimary_source_type,thesis_or_dissertation,identify_corresponding_eligible_published_article
titleyear:biology and conservation status of juniperus macrocarpa sm in sardinia|2013,,Biology and conservation status of Juniperus macrocarpa Sm. in Sardinia,2013,dissertation,antagonist,P3,-1,nonprimary_source_type,thesis_or_dissertation,identify_corresponding_eligible_published_article
titleyear:breeding systems levels reciprocity and distyly in shrub rubiaceae in forest fragmentation in cerrado|2013,,"Breeding systems, levels reciprocity and distyly in shrub Rubiaceae in forest fragmentation in Cerrado",2013,dissertation,mutualist,P3,-1,nonprimary_source_type,thesis_or_dissertation,identify_corresponding_eligible_published_article
titleyear:ecological physiological and molecular population genetics of a single locus leaf shape cline in ivyleaf morning glory ipomoea hederacea|2013,,"Ecological, Physiological and Molecular Population Genetics of a Single-locus Leaf Shape Cline in Ivyleaf Morning Glory, Ipomoea hederacea",2013,dissertation,antagonist,P3,-1,nonprimary_source_type,thesis_or_dissertation,identify_corresponding_eligible_published_article
titleyear:ecology of the the interaction between cerconota achatina lepidoptera oecophoridae an ecosystem engineer and its plant byrsonima intermedia malpighiaceae in a cerrado vegetation|2013,,"Ecology of the the interaction between Cerconota achatina (Lepidoptera: Oecophoridae) an ""ecosystem engineer ""and its plant, Byrsonima intermedia (Malpighiaceae) in a Cerrado vegetation",2013,dissertation,antagonist,P3,-1,nonprimary_source_type,thesis_or_dissertation,identify_corresponding_eligible_published_article
titleyear:hybridization in two subspecies of triodanis perfoliata a cleistogamous annual plant campanualaceae|2013,,"Hybridization in two subspecies of triodanis perfoliata, a cleistogamous annual plant (campanualaceae)",2013,dissertation,mutualist,P3,-1,nonprimary_source_type,thesis_or_dissertation,identify_corresponding_eligible_published_article
doi:10.25148/etd.fi13040403,10.25148/etd.fi13040403,"Influence of Habitat on the Reproductive Ecology of the Amazonian Palm, Mauritia flexuosa, in Roraima, Brazil",2013,dissertation,mutualist,P3,-1,nonprimary_source_type,thesis_or_dissertation,identify_corresponding_eligible_published_article
titleyear:intraspecific variation in erica coccinea|2013,,Intraspecific variation in Erica coccinea,2013,dissertation,mutualist,P3,-1,nonprimary_source_type,thesis_or_dissertation,identify_corresponding_eligible_published_article
titleyear:is it possible to detect emergent groups in taxocenosis from annual plants|2013,,Is it possible to detect emergent groups in taxocenosis from annual plants?,2013,dissertation,mutualist,P3,-1,nonprimary_source_type,thesis_or_dissertation,identify_corresponding_eligible_published_article
titleyear:prezygotic reproductive isolation between mimulus guttatus and mimulus glaucescens|2013,,Prezygotic reproductive isolation between Mimulus guttatus and Mimulus glaucescens,2013,dissertation,mutualist,P3,-1,nonprimary_source_type,thesis_or_dissertation,identify_corresponding_eligible_published_article
titleyear:restoration genetics of murray mallee and neotropical forests|2013,,Restoration genetics of Murray Mallee and neotropical forests.,2013,dissertation,mutualist,P3,-1,nonprimary_source_type,thesis_or_dissertation,identify_corresponding_eligible_published_article
doi:10.18174/233699,10.18174/233699,An ecogeographic analysis of Oryza series Sativae in Asia and the Pacific,2012,dissertation,mutualist,P3,-1,nonprimary_source_type,thesis_or_dissertation,identify_corresponding_eligible_published_article
doi:10.25959/23205899,10.25959/23205899,Effects of ploidy level on the reproductive biology of tropical Acacia species,2012,dissertation,mutualist,P3,-1,nonprimary_source_type,thesis_or_dissertation,identify_corresponding_eligible_published_article
titleyear:mod lisation de l impact des syst mes de culture sur la pollinisation crois e chez le ma s dans le cadre de l tablissement de r gles de coexistence|2012,,Modélisation de l’impact des systèmes de culture sur la pollinisation croisée chez le maïs dans le cadre de l’établissement de règles de coexistence,2012,dissertation,mutualist,P3,-1,nonprimary_source_type,thesis_or_dissertation,identify_corresponding_eligible_published_article
titleyear:plant co existence mechanisms related to stress and disturbance intensities in sub mediterranean and sub desertic grassland systems|2012,,Plant co-existence mechanisms related to stress and disturbance intensities in sub-Mediterranean and sub-desertic grassland systems,2012,dissertation,antagonist,P3,-1,nonprimary_source_type,thesis_or_dissertation,identify_corresponding_eligible_published_article
titleyear:seed packaging and seed characteristics in a raphanus hybrid derived lineage|2012,,Seed Packaging and Seed Characteristics in a Raphanus Hybrid-Derived Lineage,2012,dissertation,antagonist,P3,-1,nonprimary_source_type,thesis_or_dissertation,identify_corresponding_eligible_published_article
doi:10.17169/refubium-16853,10.17169/refubium-16853,"Studies on systematics, morphology and taxonomy of Caiophora and reproductive biology of Loasaceae and Mimulus (Phrymaceae)",2012,dissertation,mutualist,P3,-1,nonprimary_source_type,thesis_or_dissertation,identify_corresponding_eligible_published_article
titleyear:the importance of specific tryptophans to uvr8 function an intrinsic chromophore for a uv b photoreceptor|2012,,The importance of specific tryptophans to UVR8 function: an intrinsic chromophore for a UV-B photoreceptor,2012,dissertation,antagonist,P3,-1,nonprimary_source_type,thesis_or_dissertation,identify_corresponding_eligible_published_article
titleyear:floral resource availability and its use by hummingbirds in an area of cerrado of uberl ndia mg|2011,,"Floral resource availability and its use by hummingbirds in an area of cerrado of Uberlândia, MG",2011,dissertation,mutualist,P3,-1,nonprimary_source_type,thesis_or_dissertation,identify_corresponding_eligible_published_article
titleyear:reproductive biology and population genetics of common ash fraxinus excelsior l|2011,,Reproductive Biology and Population Genetics of Common Ash (Fraxinus excelsior L.),2011,dissertation,mutualist,P3,-1,nonprimary_source_type,thesis_or_dissertation,identify_corresponding_eligible_published_article
titleyear:the influence of biogeography and mating system on the ecology of desert annual plants|2011,,The Influence of Biogeography and Mating System on the Ecology of Desert Annual Plants,2011,dissertation,antagonist;mutualist,P3,-1,nonprimary_source_type,thesis_or_dissertation,identify_corresponding_eligible_published_article
titleyear:which is the costlier sex sexual dimorphism and resource allocation in a dioecious herb silene dioica|2011,,"Which is the costlier sex? : Sexual dimorphism and resource allocation in a dioecious herb, Silene dioica",2011,dissertation,antagonist,P3,-1,nonprimary_source_type,thesis_or_dissertation,identify_corresponding_eligible_published_article
doi:10.5167/uzh-56172,10.5167/uzh-56172,Wind- and bird-mediated gene flow in Pinus cembra: effects on spatial genetic structure and potential close-relative inbreeding,2011,dissertation,mutualist,P3,-1,nonprimary_source_type,thesis_or_dissertation,identify_corresponding_eligible_published_article
doi:10.25907/00588,10.25907/00588,"Conservation genetics and ecology of the endangered heathland shrub, Allocasuarina emuina",2010,dissertation,mutualist,P3,-1,nonprimary_source_type,thesis_or_dissertation,identify_corresponding_eligible_published_article
titleyear:evolution of local adaptation during plant invasion purple loosestrife lythrum salicaria lythraceae in eastern north america|2010,,Evolution of Local Adaptation During Plant Invasion: Purple Loosestrife (Lythrum salicaria – Lythraceae) in Eastern North America,2010,dissertation,mutualist,P3,-1,nonprimary_source_type,thesis_or_dissertation,identify_corresponding_eligible_published_article
doi:10.11606/d.41.2009.tde-26032009-151405,10.11606/d.41.2009.tde-26032009-151405,"Biologia reprodutiva de Leposternon microcephalum (Squamata, Amphisbaenidae) do Sudeste do Brasil",2009,dissertation,antagonist,P3,-1,nonprimary_source_type,thesis_or_dissertation,identify_corresponding_eligible_published_article
titleyear:population differentiation in solidago virgaurea along altitudinal gradients|2009,,Population Differentiation in Solidago virgaurea along Altitudinal Gradients,2009,dissertation,mutualist,P3,-1,nonprimary_source_type,thesis_or_dissertation,identify_corresponding_eligible_published_article
openalex:W7144770317,,コニシキソウにおけるアリによる種子散布の意義とアリにとっての種子の価値,2009,dissertation,antagonist,P3,-1,nonprimary_source_type,thesis_or_dissertation,identify_corresponding_eligible_published_article
doi:10.26083/tuprints-00000589,10.26083/tuprints-00000589,Regulation of wolf spider populations,2008,dissertation,antagonist,P3,-1,nonprimary_source_type,thesis_or_dissertation,identify_corresponding_eligible_published_article
doi:10.25560/4412,10.25560/4412,The Ecology and Evolution of Ant- Aphid Interactions,2008,dissertation,antagonist,P3,-1,nonprimary_source_type,thesis_or_dissertation,identify_corresponding_eligible_published_article
titleyear:the importance of ecological factors in determining the pattern of interspecific hybridisation in fragmented landscapes of eucalyptus aggregata|2008,,The importance of ecological factors in determining the pattern of interspecific hybridisation in fragmented landscapes of Eucalyptus aggregata,2008,dissertation,mutualist,P3,-1,nonprimary_source_type,thesis_or_dissertation,identify_corresponding_eligible_published_article
titleyear:acacia mearnsii de wild fabaceae reproductive biology analysis|2007,,Acacia mearnsii De Wild. (Fabaceae) reproductive biology analysis,2007,dissertation,mutualist,P3,-1,nonprimary_source_type,thesis_or_dissertation,identify_corresponding_eligible_published_article
titleyear:sasajiscymnus tsugae coleoptera coccinellidae as a biological control for hemlock woolly adelgid|2007,,Sasajiscymnus tsugae(COLEOPTERA: COCCINELLIDAE) AS A BIOLOGICAL CONTROL FOR HEMLOCK WOOLLY ADELGID,2007,dissertation,antagonist,P3,-1,nonprimary_source_type,thesis_or_dissertation,identify_corresponding_eligible_published_article
titleyear:the spatial and temporal dynamics of plant animal interactions in the forest herb actaea spicata|2007,,The spatial and temporal dynamics of plant-animal interactions in the forest herb Actaea spicata,2007,dissertation,antagonist;mutualist,P3,-1,nonprimary_source_type,thesis_or_dissertation,identify_corresponding_eligible_published_article
doi:10.26021/1808,10.26021/1808,Biological Control of Paropsis charybdis Stål (Coleoptera: Chrysomelidae) and the Paropsine Threat to Eucalyptus in New Zealand,2006,dissertation,antagonist,P3,-1,nonprimary_source_type,thesis_or_dissertation,identify_corresponding_eligible_published_article
titleyear:comparative flowering ecology of fraxinus excelsior acer platanoides acer pseudoplatanus and tilia cordata in the canopy of leipzig s floodplain forest|2006,,"Comparative flowering ecology of Fraxinus excelsior, Acer platanoides, Acer pseudoplatanus and Tilia cordata in the canopy of Leipzig's floodplain forest",2006,dissertation,mutualist,P3,-1,nonprimary_source_type,thesis_or_dissertation,identify_corresponding_eligible_published_article
titleyear:distributions relative abundances and reproductive biology of the deep water crabs hypothalassia acerba and chaceon bicolor in southwestern australia|2006,,"Distributions, relative abundances and reproductive biology of the deep-water crabs Hypothalassia acerba and Chaceon bicolor in southwestern Australia",2006,dissertation,antagonist,P3,-1,nonprimary_source_type,thesis_or_dissertation,identify_corresponding_eligible_published_article
titleyear:ecological traits and genetic variation in amazonian populations of the neotropical millipede poratia obliterata kraus 1960 diplopoda pyrgodesmidae brazil|2006,,"Ecological traits and genetic variation in Amazonian populations of the neotropical millipede Poratia obliterata (Kraus, 1960) (Diplopoda: Pyrgodesmidae) (Brazil)",2006,dissertation,antagonist,P3,-1,nonprimary_source_type,thesis_or_dissertation,identify_corresponding_eligible_published_article
doi:10.5451/unibas-003950083,10.5451/unibas-003950083,"Survival in the alpine landscape : genetic, demographic and reproductive strategies of the rare monocarpic perennial ""Campanula thyrsoides"" in the Swiss Alps",2006,dissertation,mutualist,P3,-1,nonprimary_source_type,thesis_or_dissertation,identify_corresponding_eligible_published_article
titleyear:berry set and development in vitis vinifera l|2005,,Berry set and development in Vitis vinifera L.,2005,dissertation,mutualist,P3,-1,nonprimary_source_type,thesis_or_dissertation,identify_corresponding_eligible_published_article
doi:10.5451/unibas-003660941,10.5451/unibas-003660941,In situ effects of elevated CO2 on plants and insects,2005,dissertation,antagonist,P3,-1,nonprimary_source_type,thesis_or_dissertation,identify_corresponding_eligible_published_article
doi:10.18725/oparu-430,10.18725/oparu-430,"Phänologie, Bestäubung und Reproduktionsbiologie von Asteroideae (Asteraceae) in unterschiedlichen Höhenstufen Süddeutschlands",2005,dissertation,mutualist,P3,-1,nonprimary_source_type,thesis_or_dissertation,identify_corresponding_eligible_published_article
titleyear:studio fenologi pembungaan penyerbukan dan sistem breeding santalum album linn di wanagama i yogyakarta|2005,,"Studio fenologi pembungaan, penyerbukan dan sistem Breeding Santalum album Linn di Wanagama I Yogyakarta",2005,dissertation,mutualist,P3,-1,nonprimary_source_type,thesis_or_dissertation,identify_corresponding_eligible_published_article
doi:10.25959/23224154,10.25959/23224154,The Larval Parasitoid Guild of Chrysophtharta agricola (Coleoptera: Chrysomelidae): Host-parasitoid Ecological and Developmental Interactions,2005,dissertation,antagonist,P3,-1,nonprimary_source_type,thesis_or_dissertation,identify_corresponding_eligible_published_article
titleyear:adaptation and constraint in the plant reproductive phase|2004,,Adaptation and Constraint in the Plant Reproductive Phase,2004,dissertation,mutualist,P3,-1,nonprimary_source_type,thesis_or_dissertation,identify_corresponding_eligible_published_article
titleyear:identification of pollen donors for olive cultivars|2004,,Identification of pollen donors for olive cultivars.,2004,dissertation,mutualist,P3,-1,nonprimary_source_type,thesis_or_dissertation,identify_corresponding_eligible_published_article
titleyear:population differentiation in lythrum salicaria along a latitudinal gradient|2004,,Population differentiation in Lythrum salicaria along a latitudinal gradient,2004,dissertation,mutualist,P3,-1,nonprimary_source_type,thesis_or_dissertation,identify_corresponding_eligible_published_article
openalex:W2433010460,,斑龙芋属（天南星科）及近缘属植物的分类及引种栽培初步研究,2004,dissertation,mutualist,P3,-1,nonprimary_source_type,thesis_or_dissertation,identify_corresponding_eligible_published_article
titleyear:population viability analyses of chamaecrista keyensis leguminosae caesalpinioideae a narrowly endemic herb of the lower florida keys effects of seasonal timing of fires and the urban wildland interface|2003,,"Population viability analyses of Chamaecrista keyensis (Leguminosae: Caesalpinioideae), a narrowly endemic herb of the lower Florida Keys: Effects of seasonal timing of fires and the urban -wildland interface",2003,dissertation,antagonist,P3,-1,nonprimary_source_type,thesis_or_dissertation,identify_corresponding_eligible_published_article
doi:10.25959/23231114,10.25959/23231114,Reproductive ecology of Chrysophtharta agricola (Chapuis) (Coleoptera: Chrysomelidae),2003,dissertation,antagonist,P3,-1,nonprimary_source_type,thesis_or_dissertation,identify_corresponding_eligible_published_article
doi:10.31390/gradschool_theses.750,10.31390/gradschool_theses.750,Reproductive biology of smooth cordgrass (Spartina alterniflora),2002,dissertation,mutualist,P3,-1,nonprimary_source_type,thesis_or_dissertation,identify_corresponding_eligible_published_article
titleyear:breeding systems and rarity in new zealand myosotis a thesis presented in partial fulfilment of the requirements for the degree of doctor of philosophy in ecology at massey university palmerston north new zealand|2001,,"Breeding systems and rarity in New Zealand Myosotis : a thesis presented in partial fulfilment of the requirements for the degree of Doctor of Philosophy in Ecology at Massey University, Palmerston North, New Zealand",2001,dissertation,mutualist,P3,-1,nonprimary_source_type,thesis_or_dissertation,identify_corresponding_eligible_published_article
doi:10.18174/199100,10.18174/199100,High altitude survival: conflicts between pastoralism and wildlife in the Trans-Himalaya,2001,dissertation,antagonist,P3,-1,nonprimary_source_type,thesis_or_dissertation,identify_corresponding_eligible_published_article
titleyear:interspecific gene flow in genus oryza and its consequences in deployment of transgenics|2001,,INTERSPECIFIC GENE FLOW IN GENUS ORYZA AND ITS CONSEQUENCES IN DEPLOYMENT OF TRANSGENICS,2001,dissertation,mutualist,P3,-1,nonprimary_source_type,thesis_or_dissertation,identify_corresponding_eligible_published_article
titleyear:important biological and ecological aspects of strepsicrates macropetana meyrick lepidoptera tortricidae a thesis presented in partial fulfilment of the requirements for the degree of master of science in plant protection at massey university|2000,,Important biological and ecological aspects of Strepsicrates macropetana Meyrick (Lepidoptera: Tortricidae) : a thesis presented in partial fulfilment of the requirements for the degree of Master of Science in Plant Protection at Massey University,2000,dissertation,antagonist,P3,-1,nonprimary_source_type,thesis_or_dissertation,identify_corresponding_eligible_published_article
titleyear:interspecific hybridisation in clematis l|2000,,Interspecific hybridisation in Clematis L,2000,dissertation,mutualist,P3,-1,nonprimary_source_type,thesis_or_dissertation,identify_corresponding_eligible_published_article
titleyear:biology and control of green vegetable bug nezara viridula l heteroptera pentatomidae in process sweet corn zea mays l in the east cape region new zealand|1999,,"Biology and control of green vegetable bug, Nezara viridula (L.) (Heteroptera: Pentatomidae) in process sweet corn, Zea mays (L.) in the East Cape Region, New Zealand",1999,dissertation,antagonist,P3,-1,nonprimary_source_type,thesis_or_dissertation,identify_corresponding_eligible_published_article
titleyear:genetic variation polyploidy and hybridization in scandinavian anthericum ramosum and a liliago anthericaceae|1999,,"Genetic variation, polyploidy and hybridization in Scandinavian Anthericum ramosum and A. liliago (Anthericaceae)",1999,dissertation,mutualist,P3,-1,nonprimary_source_type,thesis_or_dissertation,identify_corresponding_eligible_published_article
doi:10.25904/1912/901,10.25904/1912/901,A Study of the Reproductive Biology of Xanthorrhoea Johnsonii in Toohey Forest,1998,dissertation,antagonist,P3,-1,nonprimary_source_type,thesis_or_dissertation,identify_corresponding_eligible_published_article
doi:10.25148/etd.fi14061532,10.25148/etd.fi14061532,Comparative reproductive biology of two Florida pawpaws asimina reticulata chapman and asimina tetramera small,1998,dissertation,mutualist,P3,-1,nonprimary_source_type,thesis_or_dissertation,identify_corresponding_eligible_published_article
titleyear:reproductive biology and mating system of banksia tricuspis proteaceae|1997,,Reproductive biology and mating system of Banksia tricuspis (Proteaceae),1997,dissertation,antagonist;mutualist,P3,-1,nonprimary_source_type,thesis_or_dissertation,identify_corresponding_eligible_published_article
titleyear:the effects of population size on agathosma collina rutaceae and its conservation implications|1997,,The effects of population size on agathosma collina (rutaceae) and its conservation implications,1997,dissertation,mutualist,P3,-1,nonprimary_source_type,thesis_or_dissertation,identify_corresponding_eligible_published_article
titleyear:the origin and maintenance of a new senecio hybrid in york england|1997,,"The origin and maintenance of a new 'Senecio' hybrid in York, England",1997,dissertation,mutualist,P3,-1,nonprimary_source_type,thesis_or_dissertation,identify_corresponding_eligible_published_article
doi:10.18174/207076,10.18174/207076,Parkia biglobosa (Leguminosae) en Afrique de l'Ouest : biosystematique et amelioration,1995,dissertation,mutualist,P3,-1,nonprimary_source_type,thesis_or_dissertation,identify_corresponding_eligible_published_article
titleyear:reproductive biology of bromeliaceae in the atlantic rainforest of southeastern brazil|1995,,Reproductive biology of Bromeliaceae in the Atlantic rainforest of southeastern Brazil,1995,dissertation,mutualist,P3,-1,nonprimary_source_type,thesis_or_dissertation,identify_corresponding_eligible_published_article
doi:10.25959/23236343,10.25959/23236343,Phyllocladus aspleniifolius (Labill.) Hook. f. and Anodopetalum biglandulosum (A. Cunn.) ex Endl. : a comparative autecology of coexisting wet forest trees in Tasmania,1993,dissertation,antagonist,P3,-1,nonprimary_source_type,thesis_or_dissertation,identify_corresponding_eligible_published_article
titleyear:phyllocladus aspleniifolius labill hook f and anodopetalum biglandulosum a cunn ex endl a comparative autecology of coexisting wet forest trees in tasmania|1993,,Phyllocladus aspleniifolius (Labill.) Hook. f. and Anodopetalum biglandulosum (A. Cunn.) ex Endl. : a comparative autecology of coexisting wet forest trees in Tasmania,1993,dissertation,antagonist,P3,-1,nonprimary_source_type,thesis_or_dissertation,identify_corresponding_eligible_published_article
doi:10.26021/7227,10.26021/7227,"The evolutionary ecology of Festuca Novae-Zelandiae in Mid-Canterbury, New Zealand",1992,dissertation,antagonist,P3,-1,nonprimary_source_type,thesis_or_dissertation,identify_corresponding_eligible_published_article
titleyear:the reproductive biology and taxonomy of the myrtaceae of the distrito federal brazil|1992,,The reproductive biology and taxonomy of the Myrtaceae of the Distrito Federal (Brazil),1992,dissertation,mutualist,P3,-1,nonprimary_source_type,thesis_or_dissertation,identify_corresponding_eligible_published_article
titleyear:the reproductive and larval ecology of bufo marinus anura bufonidae|1991,,The reproductive and larval ecology of Bufo marinus (Anura: Bufonidae),1991,dissertation,antagonist,P3,-1,nonprimary_source_type,thesis_or_dissertation,identify_corresponding_eligible_published_article
titleyear:seasonal variation of life history traits in the nymph overwintering grasshoppers arphia sulphurea and chortophaga viridifasciata|1989,,"Seasonal variation of life history traits in the nymph-overwintering grasshoppers, Arphia sulphurea and Chortophaga viridifasciata.",1989,dissertation,antagonist,P3,-1,nonprimary_source_type,thesis_or_dissertation,identify_corresponding_eligible_published_article
doi:10.82308/45779,10.82308/45779,Population dynamics of a host-parasitoid system with particular reference to age-structure effects,1987,dissertation,antagonist,P3,-1,nonprimary_source_type,thesis_or_dissertation,identify_corresponding_eligible_published_article
titleyear:systematics and reproductive biology of dodecatheon pulchellum s l primulaceae|1987,,Systematics and reproductive biology of Dodecatheon pulchellum s.l. (Primulaceae),1987,dissertation,mutualist,P3,-1,nonprimary_source_type,thesis_or_dissertation,identify_corresponding_eligible_published_article
titleyear:megacerus discoidus a potential biological control agent of hedge bindweed in southwestern virginia|1985,,"Megacerus discoidus, a potential biological control agent of hedge bindweed in southwestern Virginia",1985,dissertation,antagonist,P3,-1,nonprimary_source_type,thesis_or_dissertation,identify_corresponding_eligible_published_article
titleyear:population dynamics of the seedfly pegohylemyia jacobaeae hardy diptera anthomyiidae and its potential as a biological control agent of ragwort senecio jacobaea l a thesis submitted for the degree of doctor of philosophy at massey university|1985,,"Population dynamics of the seedfly, Pegohylemyia jacobaeae (Hardy) (Diptera : Anthomyiidae), and its potential as a biological control agent of ragwort, Senecio jacobaea L. : a thesis submitted for the degree of Doctor of Philosophy at Massey University",1985,dissertation,antagonist,P3,-1,nonprimary_source_type,thesis_or_dissertation,identify_corresponding_eligible_published_article
doi:10.14264/uql.2016.891,10.14264/uql.2016.891,"Effects of the nectariless cotton trait on insect pests, parasites and predators : with special reference to the effects on the reproductive characteristics of Heliothis SPP",1980,dissertation,antagonist,P3,-1,nonprimary_source_type,thesis_or_dissertation,identify_corresponding_eligible_published_article
doi:10.18174/189394,10.18174/189394,"Inbreeding, heterosis, fertility, plasmon differentiation and Phytophthora resistance in Solanum verrucosum Schlechtd., and some interspecific crosses in Solanum",1970,dissertation,mutualist,P3,-1,nonprimary_source_type,thesis_or_dissertation,identify_corresponding_eligible_published_article
doi:10.1109/icaft66710.2025.11452704,10.1109/icaft66710.2025.11452704,AI-Enhanced Precision Pollination Techniques Integrating Drone Swarms and Plant Phenology Data,2025,conference-paper,mutualist,P3,4,timing_title;identified_partner_title,conference_or_abstract,identify_corresponding_eligible_published_article
doi:10.5194/egusphere-egu26-5076,10.5194/egusphere-egu26-5076,Future Forests Start with Seeds: Warming-Driven Disruption of Forest Fecundity,2026,conference-abstract,mutualist,P3,3,final_reproduction_title,conference_or_abstract,identify_corresponding_eligible_published_article
doi:10.53040/abap7.2025.25,10.53040/abap7.2025.25,Flowering phenology in two plum cultivars,2025,conference-paper,mutualist,P3,2,timing_title,conference_or_abstract,identify_corresponding_eligible_published_article
titleyear:food for bees a modelling framework for calculating daily floral resources availability across habitats and landscapes|2025,,Food for bees: A modelling framework for calculating daily floral resources availability across habitats and landscapes,2025,conference-paper,mutualist,P3,2,identified_partner_title,conference_or_abstract,identify_corresponding_eligible_published_article
titleyear:ecological consequences of shifts in phenology in thaumetopoea pityocampa|2019,,Ecological consequences of shifts in phenology in Thaumetopoea pityocampa,2019,conference-paper,antagonist,P3,2,timing_title,conference_or_abstract,identify_corresponding_eligible_published_article
doi:10.17660/actahortic.2019.1231.3,10.17660/actahortic.2019.1231.3,"Flowering phenology, flower sterility and pollen germination in olive cultivars",2019,conference-paper,mutualist,P3,2,timing_title,conference_or_abstract,identify_corresponding_eligible_published_article
titleyear:climate change impacts on plant pollinator interactions|2018,,Climate Change: Impacts on Plant-Pollinator Interactions,2018,conference-paper,mutualist,P3,2,identified_partner_title,conference_or_abstract,identify_corresponding_eligible_published_article
doi:10.17660/actahortic.2018.1229.37,10.17660/actahortic.2018.1229.37,Inflorescence characteristics and pollination compatibility of two local olive cultivars in high-density plantation,2018,conference-paper,mutualist,P3,2,identified_partner_title,conference_or_abstract,identify_corresponding_eligible_published_article
doi:10.21223/p3/kxkqef,10.21223/p3/kxkqef,"Replication data for: Potato tuber moth, Phthorimaea operculella (Zeller 1873)",2017,conference-paper,antagonist,P3,2,identified_partner_title,conference_or_abstract,identify_corresponding_eligible_published_article
titleyear:fertility longevity oviposition dynamic and sex ratio of scaphoideus titanus ball|2015,,"Fertility, longevity, oviposition dynamic and sex-ratio of Scaphoideus titanus Ball",2015,conference-paper,antagonist,P3,2,identified_partner_title,conference_or_abstract,identify_corresponding_eligible_published_article
titleyear:prediction in novel thistle insect interactions challenges of phenological and spatial variation|2014,,Prediction in novel thistle-insect interactions: challenges of phenological and spatial variation,2014,conference-paper,antagonist,P3,2,timing_title,conference_or_abstract,identify_corresponding_eligible_published_article
doi:10.17660/actahortic.2013.975.41,10.17660/actahortic.2013.975.41,FRUIT DEVELOPMENT AND MATURATION PHENOLOGY OF 'FINO DE JETE' CHERIMOYA,2013,conference-paper,mutualist,P3,2,timing_title,conference_or_abstract,identify_corresponding_eligible_published_article
titleyear:diverse targets and oviposition timings in seed specialized wasps insights from cupressaceae and pinaceae parasitism strategies|2012,,Diverse targets and oviposition timings in seed-specialized wasps: insights from Cupressaceae and Pinaceae parasitism strategies,2012,conference-paper,antagonist;mutualist,P3,2,identified_partner_title,conference_or_abstract,identify_corresponding_eligible_published_article
doi:10.17660/actahortic.2010.874.27,10.17660/actahortic.2010.874.27,FLOWERING AND POLLINATION STUDIES WITH EUROPEAN PLUM (PRUNUS DOMESTICA L.) CULTIVARS,2010,conference-paper,mutualist,P3,2,identified_partner_title,conference_or_abstract,identify_corresponding_eligible_published_article
doi:10.1088/1755-1315/1608/1/012040,10.1088/1755-1315/1608/1/012040,"Crossing performance of selected soybean genotypes as a basis for developing heat-tolerant, high-yielding varieties",2026,conference-paper,mutualist,P3,0,,conference_or_abstract,identify_corresponding_eligible_published_article
doi:10.5194/wbf2026-520,10.5194/wbf2026-520,"Remote Sensing, Fire, and Drought: Scaling Biodiversity Insights for Large Mammals in the American West",2026,conference-abstract,antagonist,P3,0,,conference_or_abstract,identify_corresponding_eligible_published_article
doi:10.3897/aca.9.e202270,10.3897/aca.9.e202270,The influence of climate change and invasive species on the eco-evolutionary dynamics of native soapberry bugs,2026,conference-paper,antagonist,P3,0,,conference_or_abstract,identify_corresponding_eligible_published_article
doi:10.1051/bioconf/202517801002,10.1051/bioconf/202517801002,"Effects of Increasing Temperatures on Horticultural Crops in the Hilly Regions of Himachal Pradesh, India",2025,conference-paper,mutualist,P3,0,,conference_or_abstract,identify_corresponding_eligible_published_article
doi:10.17660/actahortic.2024.1412.41,10.17660/actahortic.2024.1412.41,The effect of genotype-temperature interaction on pollen performance in the pistils of autochthonous ‘Dolga Šiška’ sweet cherry,2024,conference-paper,mutualist,P3,0,,conference_or_abstract,identify_corresponding_eligible_published_article
titleyear:the reproductive phases anthesis stages and stigma receptivity of malayan red dwarf mrd and malayan yellow dwarf myd coconut varieties|2024,,"The reproductive phases, anthesis stages and stigma receptivity of Malayan Red Dwarf (MRD) and Malayan Yellow Dwarf (MYD) coconut varieties.",2024,conference-paper,mutualist,P3,0,,conference_or_abstract,identify_corresponding_eligible_published_article
doi:10.1007/978-3-030-98015-3_4,10.1007/978-3-030-98015-3_4,Digital and Big Data Initiatives for Smart Cities in Developing Countries: A Socio-technical View for Developing City Contexts,2022,conference-paper,mutualist,P3,0,,conference_or_abstract,identify_corresponding_eligible_published_article
titleyear:floral biology and s incompatibility research in cherries at fruit research institute a ak an overview|2022,,"Floral biology and S-incompatibility research in cherries at Fruit Research Institute, Čačak – an overview",2022,conference-paper,mutualist,P3,0,,conference_or_abstract,identify_corresponding_eligible_published_article
titleyear:success rate of individual pollinizers to european plums|2021,,Success rate of individual pollinizers to European plums,2021,conference-paper,mutualist,P3,0,,conference_or_abstract,identify_corresponding_eligible_published_article
doi:10.17660/actahortic.2020.1289.30,10.17660/actahortic.2020.1289.30,"Examination of suitability of the cultivar ‘Čačanska Lepotica’ as a pollenizer for promising plum genotypes developed at FRI,Čačak (Serbia)",2020,conference-paper,mutualist,P3,0,,conference_or_abstract,identify_corresponding_eligible_published_article
titleyear:examination of suitability of the cultivar a anska lepotica as a pollenizer for promising plum genotypes developed et fri a ak serbia|2019,,"Examination of suitability of the cultivar ‘Čačanska Lepotica’ as a pollenizer for promising plum genotypes developed et FRI, Čačak (Serbia)",2019,conference-paper,mutualist,P3,0,,conference_or_abstract,identify_corresponding_eligible_published_article
doi:10.17660/actahortic.2019.1235.38,10.17660/actahortic.2019.1235.38,Search for sweet cherry (Prunus avium L.) cultivars suitable for warm climate in the southwestern region of Japan,2019,conference-paper,mutualist,P3,0,,conference_or_abstract,identify_corresponding_eligible_published_article
doi:10.17660/actahortic.2018.1229.27,10.17660/actahortic.2018.1229.27,A comparison of sweet cherry chilling requirements estimated using statistical and biological approaches,2018,conference-paper,mutualist,P3,0,,conference_or_abstract,identify_corresponding_eligible_published_article
doi:10.17660/actahortic.2018.1229.40,10.17660/actahortic.2018.1229.40,Determination of suitable pollenizers for the apricot cultivar ‘Goldrich’,2018,conference-paper,mutualist,P3,0,,conference_or_abstract,identify_corresponding_eligible_published_article
doi:10.17660/actahortic.2018.1195.8,10.17660/actahortic.2018.1195.8,Effect of androecious genotypes as pollinizers on ‘Soshu’ persimmon fruit quality,2018,conference-paper,mutualist,P3,0,,conference_or_abstract,identify_corresponding_eligible_published_article
doi:10.17660/actahortic.2018.1229.13,10.17660/actahortic.2018.1229.13,Preliminary identification of self-incompatibility genotypes of Sicilian almond landraces,2018,conference-paper,mutualist,P3,0,,conference_or_abstract,identify_corresponding_eligible_published_article
doi:10.17660/actahortic.2017.1160.22,10.17660/actahortic.2017.1160.22,Effect of foliar fertilization on flowering ofOlea europaeaL. ‘Chemlali’,2017,conference-paper,mutualist,P3,0,,conference_or_abstract,identify_corresponding_eligible_published_article
titleyear:preference performance relationship is modulated by diet breadth|2017,,Preference-performance relationship is modulated by diet breadth,2017,conference-paper,antagonist,P3,0,,conference_or_abstract,identify_corresponding_eligible_published_article
titleyear:current status of the drosophila suzukii management in trentino italy and research perspectives for sustainable control|2015,,"Current status of the Drosophila Suzukii Management in Trentino, Italy and Research Perspectives for Sustainable Control",2015,conference-paper,antagonist,P3,0,,conference_or_abstract,identify_corresponding_eligible_published_article
titleyear:advantages and disadvantages of cultivating mangoes mangifera indica l under subtropical conditions and potential of greenhouse cultivation of mango|2013,,Advantages and Disadvantages of Cultivating Mangoes (Mangifera indica L.) under Subtropical Conditions and Potential of Greenhouse Cultivation of Mango,2013,conference-paper,mutualist,P3,0,,conference_or_abstract,identify_corresponding_eligible_published_article
doi:10.17660/actahortic.2013.977.14,10.17660/actahortic.2013.977.14,"FLORAL BIOLOGY AND BREEDING SYSTEM IN CARDIOCRINUM GIGANTEUM (LILIACEAE), A PERENNIAL BULBIFEROUS HERB IN YUNNAN PROVINCE IN CHINA",2013,conference-paper,mutualist,P3,0,,conference_or_abstract,identify_corresponding_eligible_published_article
titleyear:the impact of global warming on bud dormancy in temperate fruit trees an approach in sweet cherry|2013,,The impact of global warming on bud dormancy in temperate fruit trees. An approach in sweet cherry,2013,conference-paper,mutualist,P3,0,,conference_or_abstract,identify_corresponding_eligible_published_article
titleyear:an upcoming project latitudinal life history pattern in ischnura pumilio charpentier 1825|2011,,"An upcoming project: Latitudinal life history pattern in Ischnura pumilio (Charpentier, 1825)",2011,conference-paper,antagonist,P3,0,,conference_or_abstract,identify_corresponding_eligible_published_article
doi:10.17660/actahortic.2009.814.73,10.17660/actahortic.2009.814.73,"OUTCROSSING RATE AND STIGMATIC RECEPTIVITY IN CHERIMOYA (ANNONA CHERIMOLA MILL., ANNONACEAE), A DICHOGAMOUS SUBTROPICAL FRUIT TREE SPECIES",2009,conference-paper,mutualist,P3,0,,conference_or_abstract,identify_corresponding_eligible_published_article
titleyear:will pollen mediated gene flow from industrial eucalyptus plantations impact on the genetic integrity of native eucalypt forests in australia|2008,,Will pollen-mediated gene flow from industrial Eucalyptus plantations impact on the genetic integrity of native eucalypt forests in Australia?,2008,conference-paper,mutualist,P3,0,,conference_or_abstract,identify_corresponding_eligible_published_article
doi:10.1111/ele.12854,10.1111/ele.12854,Interannual bumble bee abundance is driven by indirect climate effects on floral resource phenology.,2017,Letter,mutualist,P3,4,timing_title;identified_partner_title,editorial_or_companion,verify_whether_record_is_companion_to_an_empirical_article
doi:10.1093/aob/mcae187,10.1093/aob/mcae187,An introduction to the Special Issue on Global Change and Plant Reproduction,2024,editorial,antagonist;mutualist,P3,3,final_reproduction_title,editorial_or_companion,verify_whether_record_is_companion_to_an_empirical_article
doi:10.3389/fpls.2017.00199,10.3389/fpls.2017.00199,Editorial: Molecular and Cellular Plant Reproduction.,2017,Editorial,mutualist,P3,3,final_reproduction_title,editorial_or_companion,verify_whether_record_is_companion_to_an_empirical_article
doi:10.3389/fpls.2025.1756585,10.3389/fpls.2025.1756585,Editorial: Floral adaptations and pollinator dynamics in a rapidly changing environment,2026,editorial,mutualist,P3,2,identified_partner_title,editorial_or_companion,verify_whether_record_is_companion_to_an_empirical_article
doi:10.3389/frbee.2025.1667590,10.3389/frbee.2025.1667590,Editorial: Horizons in bee science,2025,editorial,mutualist,P3,2,identified_partner_title,editorial_or_companion,verify_whether_record_is_companion_to_an_empirical_article
doi:10.3389/fcimb.2025.1688273,10.3389/fcimb.2025.1688273,Editorial: Impact of landscape and feeding on the bees’ gut microbiome shaping and pathogens development,2025,editorial,mutualist,P3,2,identified_partner_title,editorial_or_companion,verify_whether_record_is_companion_to_an_empirical_article
doi:10.3389/fevo.2023.1279774,10.3389/fevo.2023.1279774,Editorial: Insect pollinators in the Anthropocene: how multiple environmental stressors are shaping pollinator health,2023,editorial,mutualist,P3,2,identified_partner_title,editorial_or_companion,verify_whether_record_is_companion_to_an_empirical_article
doi:10.1111/ele.13634,10.1111/ele.13634,"Environmental change reduces body condition, but not population growth, in a high-arctic herbivore.",2021,Letter,antagonist,P3,2,identified_partner_title,editorial_or_companion,verify_whether_record_is_companion_to_an_empirical_article
doi:10.3109/07420528.2016.1157083,10.3109/07420528.2016.1157083,The full moon as a synchronizer of circa-monthly biological rhythms: Chronobiologic perspectives based on multidisciplinary naturalistic research.,2016,Editorial,mutualist,P3,2,timing_title,editorial_or_companion,verify_whether_record_is_companion_to_an_empirical_article
doi:10.1111/mec.12473,10.1111/mec.12473,Extending the Arabidopsis flowering paradigm to a mass flowering phenomenon in the tropics.,2013,"Journal Article,Comment",mutualist,P3,1,published_article_type,editorial_or_companion,verify_whether_record_is_companion_to_an_empirical_article
doi:10.1093/jisesa/ieag012,10.1093/jisesa/ieag012,Advancement of methods in insect science: from genes to ecosystems,2026,editorial,mutualist,P3,0,,editorial_or_companion,verify_whether_record_is_companion_to_an_empirical_article
doi:10.3389/fevo.2026.1802290,10.3389/fevo.2026.1802290,Correction: Advances in the management of Drosophila suzukii population: from olfactory and visual stimuli to development of push–pull systems,2026,erratum,antagonist;mutualist,P3,0,,editorial_or_companion,verify_whether_record_is_companion_to_an_empirical_article
doi:10.3389/fenvs.2026.1776354,10.3389/fenvs.2026.1776354,Editorial: Climate change impacts on arctic ecosystems and associated climate feedbacks,2026,editorial,antagonist,P3,0,,editorial_or_companion,verify_whether_record_is_companion_to_an_empirical_article
doi:10.3389/fpls.2025.1757791,10.3389/fpls.2025.1757791,"Editorial: Surviving and thriving: how crops perceive and respond to temperature stress, volume II",2026,editorial,mutualist,P3,0,,editorial_or_companion,verify_whether_record_is_companion_to_an_empirical_article
doi:10.3389/fsufs.2025.1698785,10.3389/fsufs.2025.1698785,"Correction: Interactions of insect pests, diseases, and Sub1 rice varieties across agro-climatic zones in Assam: insights for strengthening resilient rice cultivation",2025,erratum,antagonist,P3,0,,editorial_or_companion,verify_whether_record_is_companion_to_an_empirical_article
doi:10.3389/fevo.2025.1655346,10.3389/fevo.2025.1655346,Editorial: Advances in modelling and analysis of animal movement,2025,editorial,antagonist;mutualist,P3,0,,editorial_or_companion,verify_whether_record_is_companion_to_an_empirical_article
doi:10.3389/fevo.2024.1421638,10.3389/fevo.2024.1421638,Editorial: Advances in the conservation of large terrestrial mammals,2024,editorial,antagonist,P3,0,,editorial_or_companion,verify_whether_record_is_companion_to_an_empirical_article
doi:10.3389/finsc.2024.1415809,10.3389/finsc.2024.1415809,"Editorial: Diet, nutrition and insect responses to environmental change",2024,editorial,antagonist;mutualist,P3,0,,editorial_or_companion,verify_whether_record_is_companion_to_an_empirical_article
doi:10.3389/fevo.2023.1265691,10.3389/fevo.2023.1265691,Editorial: Behavioral and physiological adaptations of mammals and birds to anthropogenic disturbances,2023,editorial,antagonist;mutualist,P3,0,,editorial_or_companion,verify_whether_record_is_companion_to_an_empirical_article
doi:10.3389/fphys.2023.1334716,10.3389/fphys.2023.1334716,Editorial: Physiology of invertebrate sensing in extreme conditions and hostile environment,2023,editorial,mutualist,P3,0,,editorial_or_companion,verify_whether_record_is_companion_to_an_empirical_article
doi:10.1111/ele.13171,10.1111/ele.13171,Pollen limitation as a main driver of fruiting dynamics in oak populations.,2019,Letter,mutualist,P3,0,,editorial_or_companion,verify_whether_record_is_companion_to_an_empirical_article
doi:10.1111/mec.14974,10.1111/mec.14974,"Introduction: Special issue on species interactions, ecological networks and community dynamics – Untangling the entangled bank using molecular techniques",2018,editorial,antagonist,P3,0,,editorial_or_companion,verify_whether_record_is_companion_to_an_empirical_article
titleyear:ecological divergence and reproductive isolation in an amazonian tropical tree protium subserratum burseraceae|2014,,Ecological Divergence and Reproductive Isolation in an Amazonian Tropical Tree: Protium subserratum (Burseraceae),2014,erratum,antagonist;mutualist,P3,0,,editorial_or_companion,verify_whether_record_is_companion_to_an_empirical_article
doi:10.1111/j.1600-0706.2012.00172.x,10.1111/j.1600-0706.2012.00172.x,Editorial,2012,editorial,antagonist;mutualist,P3,0,,editorial_or_companion,verify_whether_record_is_companion_to_an_empirical_article
titleyear:review part of a special issue on population biology trait divergence and indirect interactions allow facilitation of congeneric species|2012,,REVIEW: PART OF A SPECIAL ISSUE ON POPULATION BIOLOGY Trait divergence and indirect interactions allow facilitation of congeneric species,2012,editorial,mutualist,P3,0,,editorial_or_companion,verify_whether_record_is_companion_to_an_empirical_article
doi:10.1093/aob/mcae186,10.1093/aob/mcae186,"Global change aggravates drought, with consequences for plant reproduction.",2025,"Journal Article,Review,Research Support, Non-U.S. Gov't",mutualist,P3,4,final_reproduction_title;published_article_type,review_or_synthesis,screen_as_citation_source_not_independent_empirical_effect
doi:10.1016/j.celrep.2025.115390,10.1016/j.celrep.2025.115390,Sexual reproduction in plants under high temperature and drought stress.,2025,"Journal Article,Review",mutualist,P3,4,final_reproduction_title;published_article_type,review_or_synthesis,screen_as_citation_source_not_independent_empirical_effect
doi:10.7717/peerj.19880,10.7717/peerj.19880,The effects of biotic stress on the sexual reproduction process of flowering plants.,2025,"Journal Article,Review",antagonist,P3,4,final_reproduction_title;published_article_type,review_or_synthesis,screen_as_citation_source_not_independent_empirical_effect
doi:10.1111/nph.17682,10.1111/nph.17682,How will global change affect plant reproduction? A framework for mast seeding trends.,2022,"Journal Article,Research Support, Non-U.S. Gov't,Review",antagonist;mutualist,P3,4,final_reproduction_title;published_article_type,review_or_synthesis,screen_as_citation_source_not_independent_empirical_effect
doi:10.7287/peerj.5269v0.1/reviews/1,10.7287/peerj.5269v0.1/reviews/1,"Peer Review #1 of ""Climate-induced phenological shift of apple trees has diverse effects on pollinators, herbivores and natural enemies (v0.1)""",2018,peer-review,antagonist;mutualist,P3,4,timing_title;identified_partner_title,review_or_synthesis,screen_as_citation_source_not_independent_empirical_effect
doi:10.7287/peerj.5269v0.1/reviews/2,10.7287/peerj.5269v0.1/reviews/2,"Peer Review #2 of ""Climate-induced phenological shift of apple trees has diverse effects on pollinators, herbivores and natural enemies (v0.1)""",2018,peer-review,antagonist;mutualist,P3,4,timing_title;identified_partner_title,review_or_synthesis,screen_as_citation_source_not_independent_empirical_effect
doi:10.1093/aob/mcag075,10.1093/aob/mcag075,Warming effects on floral volatile organic compounds and plant-pollinator interactions in tropical ecosystems.,2026,"Journal Article,Review",mutualist,P3,3,identified_partner_title;published_article_type,review_or_synthesis,screen_as_citation_source_not_independent_empirical_effect
doi:10.1111/gcb.70081,10.1111/gcb.70081,Untangling the Complexity of Climate Change Effects on Plant Reproductive Traits and Pollinators: A Systematic Global Synthesis.,2025,"Journal Article,Systematic Review,Research Support, Non-U.S. Gov't",mutualist,P3,3,identified_partner_title;published_article_type,review_or_synthesis,screen_as_citation_source_not_independent_empirical_effect
doi:10.1128/mbio.03210-22,10.1128/mbio.03210-22,Exchange of Microbiomes in Plant-Insect Herbivore Interactions.,2023,"Journal Article,Review,Research Support, Non-U.S. Gov't",antagonist,P3,3,identified_partner_title;published_article_type,review_or_synthesis,screen_as_citation_source_not_independent_empirical_effect
doi:10.1016/j.cois.2022.100927,10.1016/j.cois.2022.100927,Heat of the moment: extreme heat poses a risk to bee-plant interactions and crop yields.,2022,"Journal Article,Review,Research Support, Non-U.S. Gov't,Research Support, U.S. Gov't, Non-P.H.S.",mutualist,P3,3,identified_partner_title;published_article_type,review_or_synthesis,screen_as_citation_source_not_independent_empirical_effect
doi:10.1111/brv.12508,10.1111/brv.12508,Lianas as a food resource for herbivorous insects: a comparison with trees.,2019,"Journal Article,Review",antagonist,P3,3,identified_partner_title;published_article_type,review_or_synthesis,screen_as_citation_source_not_independent_empirical_effect
doi:10.1016/j.cois.2017.06.009,10.1016/j.cois.2017.06.009,Effects of global change on insect pollinators: multiple drivers lead to novel communities.,2017,"Journal Article,Review",mutualist,P3,3,identified_partner_title;published_article_type,review_or_synthesis,screen_as_citation_source_not_independent_empirical_effect
titleyear:a review on the effects of climate change on plant sexual reproduction|2012,,A review on the effects of climate change on plant sexual reproduction.,2012,review,mutualist,P3,3,final_reproduction_title,review_or_synthesis,screen_as_citation_source_not_independent_empirical_effect
doi:10.1111/j.1461-0248.2011.01601.x,10.1111/j.1461-0248.2011.01601.x,Meta-analysis of phenotypic selection on flowering phenology suggests that early flowering plants are favoured.,2011,"Journal Article,Meta-Analysis,Research Support, Non-U.S. Gov't,Review",mutualist,P3,3,timing_title;published_article_type,review_or_synthesis,screen_as_citation_source_not_independent_empirical_effect
doi:10.1146/annurev.ento.52.110405.091418,10.1146/annurev.ento.52.110405.091418,Phenology of forest caterpillars and their host trees: the importance of synchrony.,2007,"Journal Article,Research Support, Non-U.S. Gov't,Review",antagonist,P3,3,timing_title;published_article_type,review_or_synthesis,screen_as_citation_source_not_independent_empirical_effect
doi:10.7287/peerj.13009v0.1/reviews/1,10.7287/peerj.13009v0.1/reviews/1,"Peer Review #1 of ""Water stress and nitrogen supply affect floral traits and pollination of the white mustard, Sinapis alba (Brassicaceae) (v0.1)""",2022,peer-review,mutualist,P3,2,identified_partner_title,review_or_synthesis,screen_as_citation_source_not_independent_empirical_effect
doi:10.7287/peerj.13009v0.1/reviews/2,10.7287/peerj.13009v0.1/reviews/2,"Peer Review #2 of ""Water stress and nitrogen supply affect floral traits and pollination of the white mustard, Sinapis alba (Brassicaceae) (v0.1)""",2022,peer-review,mutualist,P3,2,identified_partner_title,review_or_synthesis,screen_as_citation_source_not_independent_empirical_effect
doi:10.7287/peerj.13009v0.2/reviews/2,10.7287/peerj.13009v0.2/reviews/2,"Peer Review #2 of ""Water stress and nitrogen supply affect floral traits and pollination of the white mustard, Sinapis alba (Brassicaceae) (v0.2)""",2022,peer-review,mutualist,P3,2,identified_partner_title,review_or_synthesis,screen_as_citation_source_not_independent_empirical_effect
doi:10.1111/ele.13245,10.1111/ele.13245,When do herbivorous insects compete? A phylogenetic meta-analysis.,2019,"Letter,Meta-Analysis",antagonist,P3,2,identified_partner_title,review_or_synthesis,screen_as_citation_source_not_independent_empirical_effect
doi:10.7554/elife.40214.018,10.7554/elife.40214.018,Decision letter: Global warming reduces leaf-out and flowering synchrony among individuals,2018,peer-review,antagonist;mutualist,P3,2,timing_title,review_or_synthesis,screen_as_citation_source_not_independent_empirical_effect
doi:10.7554/elife.19531.029,10.7554/elife.19531.029,Decision letter: Evolution of herbivore-induced early defense signaling was shaped by genome-wide duplications in Nicotiana,2016,peer-review,antagonist,P3,2,identified_partner_title,review_or_synthesis,screen_as_citation_source_not_independent_empirical_effect
doi:10.3410/f.1717956.1227055,10.3410/f.1717956.1227055,Faculty Opinions recommendation of Changing pollinators as a means of escaping herbivores.,2010,peer-review,antagonist;mutualist,P3,2,identified_partner_title,review_or_synthesis,screen_as_citation_source_not_independent_empirical_effect
doi:10.1146/annurev-ento-120709-144849,10.1146/annurev-ento-120709-144849,Venom Proteins from Endoparasitoid Wasps and Their Role in Host-Parasite Interactions,2010,review,antagonist,P3,2,identified_partner_title,review_or_synthesis,screen_as_citation_source_not_independent_empirical_effect
doi:10.1111/j.1469-185x.2009.00108.x,10.1111/j.1469-185x.2009.00108.x,A framework for comparing pollinator performance: effectiveness and efficiency,2009,review,mutualist,P3,2,identified_partner_title,review_or_synthesis,screen_as_citation_source_not_independent_empirical_effect
doi:10.1002/ece3.73459,10.1002/ece3.73459,"Separated Sexes, Shared Consequences: Disentangling Predictors of Genetic Diversity in Dioecious Angiosperms.",2026,"Journal Article,Review",mutualist,P3,1,published_article_type,review_or_synthesis,screen_as_citation_source_not_independent_empirical_effect
doi:10.1111/1744-7917.70357,10.1111/1744-7917.70357,Untangling parasitoid competition: A three-dimensional framework for parasitoid interactions in biological control.,2026,"Journal Article,Review",antagonist,P3,1,published_article_type,review_or_synthesis,screen_as_citation_source_not_independent_empirical_effect
doi:10.3390/insects16070653,10.3390/insects16070653,"Biology, Ecology, and Management of Prevalent Thrips Species (Thysanoptera: Thripidae) Impacting Blueberry Production in the Southeastern United States.",2025,"Journal Article,Review",mutualist,P3,1,published_article_type,review_or_synthesis,screen_as_citation_source_not_independent_empirical_effect
doi:10.1007/s00425-025-04714-0,10.1007/s00425-025-04714-0,Effect of high temperature on pollen grains and yield in economically important crops: a review.,2025,"Journal Article,Review",mutualist,P3,1,published_article_type,review_or_synthesis,screen_as_citation_source_not_independent_empirical_effect
doi:10.1016/j.cois.2024.101229,10.1016/j.cois.2024.101229,"Climate change, temperature extremes, and impacts on hyperparasitoids.",2024,"Journal Article,Review",antagonist,P3,1,published_article_type,review_or_synthesis,screen_as_citation_source_not_independent_empirical_effect
doi:10.1016/j.tree.2024.05.006,10.1016/j.tree.2024.05.006,"Evolutionary ecology of masting: mechanisms, models, and climate change.",2024,"Journal Article,Review,Research Support, Non-U.S. Gov't",mutualist,P3,1,published_article_type,review_or_synthesis,screen_as_citation_source_not_independent_empirical_effect
doi:10.1111/nph.19622,10.1111/nph.19622,Functional traits of fossil plants.,2024,"Journal Article,Review,Research Support, U.S. Gov't, Non-P.H.S.,Research Support, Non-U.S. Gov't",antagonist;mutualist,P3,1,published_article_type,review_or_synthesis,screen_as_citation_source_not_independent_empirical_effect
doi:10.1073/pnas.2105655119,10.1073/pnas.2105655119,Global patterns in the predator satiation effect of masting: A meta-analysis.,2022,"Journal Article,Meta-Analysis",antagonist,P3,1,published_article_type,review_or_synthesis,screen_as_citation_source_not_independent_empirical_effect
doi:10.1002/ajb2.16090,10.1002/ajb2.16090,The Boechera model system for evolutionary ecology.,2022,"Review,Journal Article,Research Support, Non-U.S. Gov't,Research Support, U.S. Gov't, Non-P.H.S.,Research Support, N.I.H., Extramural",antagonist,P3,1,published_article_type,review_or_synthesis,screen_as_citation_source_not_independent_empirical_effect
doi:10.1111/brv.12782,10.1111/brv.12782,A roadmap to plant functional island biogeography.,2021,"Journal Article,Research Support, Non-U.S. Gov't,Review",antagonist,P3,1,published_article_type,review_or_synthesis,screen_as_citation_source_not_independent_empirical_effect
doi:10.1093/aob/mcaa004,10.1093/aob/mcaa004,Molecular control of masting: an introduction to an epigenetic summer memory.,2020,"Journal Article,Research Support, Non-U.S. Gov't,Review",mutualist,P3,1,published_article_type,review_or_synthesis,screen_as_citation_source_not_independent_empirical_effect
doi:10.1111/plb.12643,10.1111/plb.12643,How does climate change affect regeneration of Mediterranean high-mountain plants? An integration and synthesis of current knowledge.,2018,"Journal Article,Review",mutualist,P3,1,published_article_type,review_or_synthesis,screen_as_citation_source_not_independent_empirical_effect
doi:10.1093/aob/mcs252,10.1093/aob/mcs252,The interplay between inflorescence development and function as the crucible of architectural diversity.,2013,"Journal Article,Review",mutualist,P3,1,published_article_type,review_or_synthesis,screen_as_citation_source_not_independent_empirical_effect
doi:10.1093/aob/mcs089,10.1093/aob/mcs089,Trait divergence and indirect interactions allow facilitation of congeneric species.,2012,"Journal Article,Research Support, Non-U.S. Gov't,Review",mutualist,P3,1,published_article_type,review_or_synthesis,screen_as_citation_source_not_independent_empirical_effect
doi:10.1093/icb/icr037,10.1093/icb/icr037,Taking the plunge: California Grunion embryos emerge rapidly with environmentally cued hatching.,2011,"Journal Article,Research Support, Non-U.S. Gov't,Research Support, U.S. Gov't, Non-P.H.S.,Review",antagonist,P3,1,published_article_type,review_or_synthesis,screen_as_citation_source_not_independent_empirical_effect
doi:10.1146/annurev-ento-112408-085314,10.1146/annurev-ento-112408-085314,Causes and consequences of cannibalism in noncarnivorous insects.,2010,"Journal Article,Research Support, Non-U.S. Gov't,Research Support, U.S. Gov't, Non-P.H.S.,Review",antagonist,P3,1,published_article_type,review_or_synthesis,screen_as_citation_source_not_independent_empirical_effect
doi:10.4161/psb.5.8.12034,10.4161/psb.5.8.12034,The shared and separate roles of aposematic (warning) coloration and the co-evolution hypothesis in defending autumn leaves.,2010,"Journal Article,Review",antagonist,P3,1,published_article_type,review_or_synthesis,screen_as_citation_source_not_independent_empirical_effect
doi:10.1146/annurev.ento.54.110807.090448,10.1146/annurev.ento.54.110807.090448,Bionomics of bagworms (Lepidoptera: Psychidae).,2009,"Journal Article,Review",antagonist,P3,1,published_article_type,review_or_synthesis,screen_as_citation_source_not_independent_empirical_effect
doi:10.1111/j.1469-185x.2008.00074.x,10.1111/j.1469-185x.2008.00074.x,Consumptive emasculation: the ecological and evolutionary consequences of pollen theft.,2009,"Journal Article,Research Support, Non-U.S. Gov't,Review",mutualist,P3,1,published_article_type,review_or_synthesis,screen_as_citation_source_not_independent_empirical_effect
doi:10.1016/j.tpb.2007.07.005,10.1016/j.tpb.2007.07.005,Superparasitism as a differential game.,2007,"Journal Article,Review",antagonist,P3,1,published_article_type,review_or_synthesis,screen_as_citation_source_not_independent_empirical_effect
doi:10.7554/elife.84370.sa1,10.7554/elife.84370.sa1,Decision letter: Metabolic consequences of various fruit-based diets in a generalist insect species,2023,peer-review,antagonist;mutualist,P3,0,,review_or_synthesis,screen_as_citation_source_not_independent_empirical_effect
doi:10.7554/elife.67485.sa1,10.7554/elife.67485.sa1,"Decision letter: High rates of evolution preceded shifts to sex-biased gene expression in Leucadendron, the most sexually dimorphic angiosperms",2021,peer-review,mutualist,P3,0,,review_or_synthesis,screen_as_citation_source_not_independent_empirical_effect
doi:10.7554/elife.36268.032,10.7554/elife.36268.032,Decision letter: Cytokinin transfer by a free-living mirid to Nicotiana attenuata recapitulates a strategy of endophytic insects,2018,peer-review,antagonist,P3,0,,review_or_synthesis,screen_as_citation_source_not_independent_empirical_effect
doi:10.7554/elife.39249.018,10.7554/elife.39249.018,Decision letter: Humidity response depends on the small soluble protein Obp59a in Drosophila,2018,peer-review,antagonist,P3,0,,review_or_synthesis,screen_as_citation_source_not_independent_empirical_effect
doi:10.7554/elife.34702.031,10.7554/elife.34702.031,Decision letter: Synthetic hormone-responsive transcription factors can monitor and re-program plant development,2018,peer-review,mutualist,P3,0,,review_or_synthesis,screen_as_citation_source_not_independent_empirical_effect
doi:10.7554/elife.38611.045,10.7554/elife.38611.045,Decision letter: The decoration of specialized metabolites influences stylar development,2018,peer-review,antagonist;mutualist,P3,0,,review_or_synthesis,screen_as_citation_source_not_independent_empirical_effect
doi:10.1146/annurev-ecolsys-110316-023039,10.1146/annurev-ecolsys-110316-023039,Innate Receiver Bias: Its Role in the Ecology and Evolution of Plant–Animal Interactions,2017,review,antagonist;mutualist,P3,0,,review_or_synthesis,screen_as_citation_source_not_independent_empirical_effect
doi:10.7554/elife.10074.019,10.7554/elife.10074.019,Decision letter: Paternally expressed imprinted genes establish postzygotic hybridization barriers in Arabidopsis thaliana,2015,peer-review,mutualist,P3,0,,review_or_synthesis,screen_as_citation_source_not_independent_empirical_effect
doi:10.5256/f1000research.4691.r5194,10.5256/f1000research.4691.r5194,"Peer Review Report For: Ecological implications of reduced pollen deposition in alpine plants: a case study using a dominant cushion plant species [version 1; peer review: 2 approved, 1 approved with reservations]",2014,peer-review,mutualist,P3,0,,review_or_synthesis,screen_as_citation_source_not_independent_empirical_effect
doi:10.5256/f1000research.5088.r5735,10.5256/f1000research.5088.r5735,Peer Review Report For: Ecological implications of reduced pollen supply in the alpine: a case study using a dominant cushion plant species [version 2; peer review: 3 approved],2014,peer-review,mutualist,P3,0,,review_or_synthesis,screen_as_citation_source_not_independent_empirical_effect
doi:10.3410/f.14261957.790902950,10.3410/f.14261957.790902950,Faculty Opinions recommendation of Transcription factor PIF4 controls the thermosensory activation of flowering.,2012,peer-review,mutualist,P3,0,,review_or_synthesis,screen_as_citation_source_not_independent_empirical_effect
titleyear:floral biology of ber a review|2007,,FLORAL BIOLOGY OF BER - A REVIEW,2007,review,mutualist,P3,0,,review_or_synthesis,screen_as_citation_source_not_independent_empirical_effect
doi:10.3410/f.1088503.541570,10.3410/f.1088503.541570,Faculty Opinions recommendation of Foraging behavior by Daphnia in stoichiometric gradients of food quality.,2007,peer-review,antagonist,P3,0,,review_or_synthesis,screen_as_citation_source_not_independent_empirical_effect
doi:10.1016/s1369-5266(99)80048-x,10.1016/s1369-5266(99)80048-x,Plant-insect interactions,1999,review,antagonist,P3,0,,review_or_synthesis,screen_as_citation_source_not_independent_empirical_effect
doi:10.1111/j.1469-185x.1994.tb01276.x,10.1111/j.1469-185x.1994.tb01276.x,HETEROSPORY: THE MOST ITERATIVE KEY INNOVATION IN THE EVOLUTIONARY HISTORY OF THE PLANT KINGDOM,1994,review,mutualist,P3,0,,review_or_synthesis,screen_as_citation_source_not_independent_empirical_effect
doi:10.1111/j.1469-185x.1977.tb01347.x,10.1111/j.1469-185x.1977.tb01347.x,THE MAINTENANCE OF SPECIES‐RICHNESS IN PLANT COMMUNITIES: THE IMPORTANCE OF THE REGENERATION NICHE,1977,review,mutualist,P3,0,,review_or_synthesis,screen_as_citation_source_not_independent_empirical_effect
doi:10.1080/10635150802208798,10.1080/10635150802208798,"Ecology and Evolution of Flowers.—Lawrence D. Harder and Spencer C.H. Barrett (editors). 2007. Oxford University Press, New York. 392 pp. ISBN: 978-0-19-857085-1 (hardback, 2006) $150 $75. ISBN: 978-0-19-857086-8 (paperback) $75 $39.95",2008,book-review,mutualist,P3,-1,nonprimary_source_type,review_or_synthesis,screen_as_citation_source_not_independent_empirical_effect
doi:10.1006/bojl.2000.0395,10.1006/bojl.2000.0395,Book Review,2000,book-review,mutualist,P3,-1,nonprimary_source_type,review_or_synthesis,screen_as_citation_source_not_independent_empirical_effect
